date,campaign_id,platform,account_id,campaign_name,objective,spend,impressions,reach,clicks,leads,conversions,conversion_value,currency,source_refresh_timestamp
2026-01-29,GGL-CAM-001,Google Ads,GGL-ACC-001,Google Campaign 01,Lead Generation,870.91,62464,38227,3547,459,208,38321.9,USD,2026-01-29 23:30:00
2026-01-30,GGL-CAM-001,Google Ads,GGL-ACC-001,Google Campaign 01,Lead Generation,662.39,38188,32379,2411,423,232,32597.74,USD,2026-01-30 23:30:00
2026-01-31,GGL-CAM-001,Google Ads,GGL-ACC-001,Google Campaign 01,Lead Generation,719.9,68652,50213,2181,284,145,29803.78,USD,2026-01-31 23:30:00
2026-02-01,GGL-CAM-001,Google Ads,GGL-ACC-001,Google Campaign 01,Lead Generation,609.57,36608,30362,1999,320,139,27169.15,USD,2026-02-01 23:30:00
2026-02-02,GGL-CAM-001,Google Ads,GGL-ACC-001,Google Campaign 01,Lead Generation,803.37,56776,42010,3013,506,232,51317.04,USD,2026-02-02 23:30:00
2026-02-03,GGL-CAM-001,Google Ads,GGL-ACC-001,Google Campaign 01,Lead Generation,1015.18,99998,76799,4863,356,173,15129.16,USD,2026-02-03 23:30:00
2026-02-04,GGL-CAM-001,Google Ads,GGL-ACC-001,Google Campaign 01,Lead Generation,934.25,117680,67955,3185,404,205,34432.37,USD,2026-02-04 23:30:00
2026-02-05,GGL-CAM-001,Google Ads,GGL-ACC-001,Google Campaign 01,Lead Generation,834.38,114630,89533,7279,1166,563,116490.96,USD,2026-02-05 23:30:00
2026-02-06,GGL-CAM-001,Google Ads,GGL-ACC-001,Google Campaign 01,Lead Generation,923.01,91575,54086,5787,859,433,64052.75,USD,2026-02-06 23:30:00
2026-02-07,GGL-CAM-001,Google Ads,GGL-ACC-001,Google Campaign 01,Lead Generation,647.17,86219,59445,2295,394,167,32008.57,USD,2026-02-07 23:30:00
2026-02-08,GGL-CAM-001,Google Ads,GGL-ACC-001,Google Campaign 01,Lead Generation,696.89,50593,39201,2550,172,96,12226.38,USD,2026-02-08 23:30:00
2026-02-09,GGL-CAM-001,Google Ads,GGL-ACC-001,Google Campaign 01,Lead Generation,825.3,113184,100328,5481,939,484,82423.44,USD,2026-02-09 23:30:00
2026-02-10,GGL-CAM-001,Google Ads,GGL-ACC-001,Google Campaign 01,Lead Generation,663.6,39129,21839,1284,96,39,4523.7,USD,2026-02-10 23:30:00
2026-02-11,GGL-CAM-001,Google Ads,GGL-ACC-001,Google Campaign 01,Lead Generation,930.54,58307,47386,2115,181,100,17568.81,USD,2026-02-11 23:30:00
2026-02-12,GGL-CAM-001,Google Ads,GGL-ACC-001,Google Campaign 01,Lead Generation,994.99,62676,51023,4050,481,226,35431.38,USD,2026-02-12 23:30:00
2026-02-13,GGL-CAM-001,Google Ads,GGL-ACC-001,Google Campaign 01,Lead Generation,795.52,97797,64718,5975,703,404,75844.16,USD,2026-02-13 23:30:00
2026-02-14,GGL-CAM-001,Google Ads,GGL-ACC-001,Google Campaign 01,Lead Generation,638.73,36602,27170,2306,296,146,23396.48,USD,2026-02-14 23:30:00
2026-02-15,GGL-CAM-001,Google Ads,GGL-ACC-001,Google Campaign 01,Lead Generation,538.6,45425,26140,2748,300,159,18133.14,USD,2026-02-15 23:30:00
2026-02-16,GGL-CAM-001,Google Ads,GGL-ACC-001,Google Campaign 01,Lead Generation,1086.88,67758,39247,3608,318,138,13649.89,USD,2026-02-16 23:30:00
2026-02-17,GGL-CAM-001,Google Ads,GGL-ACC-001,Google Campaign 01,Lead Generation,704.24,45292,26773,2143,269,125,25014.3,USD,2026-02-17 23:30:00
2026-02-18,GGL-CAM-001,Google Ads,GGL-ACC-001,Google Campaign 01,Lead Generation,819.48,57949,51543,3178,401,204,40806.41,USD,2026-02-18 23:30:00
2026-02-19,GGL-CAM-001,Google Ads,GGL-ACC-001,Google Campaign 01,Lead Generation,687.89,92028,65256,5581,719,360,91071.6,USD,2026-02-19 23:30:00
2026-02-20,GGL-CAM-001,Google Ads,GGL-ACC-001,Google Campaign 01,Lead Generation,778.44,55990,37718,2708,466,227,21738.1,USD,2026-02-20 23:30:00
2026-02-21,GGL-CAM-001,Google Ads,GGL-ACC-001,Google Campaign 01,Lead Generation,720.59,53694,47381,1509,248,135,35228.81,USD,2026-02-21 23:30:00
2026-02-22,GGL-CAM-001,Google Ads,GGL-ACC-001,Google Campaign 01,Lead Generation,775.64,51767,31197,2564,289,120,31622.17,USD,2026-02-22 23:30:00
2026-02-23,GGL-CAM-001,Google Ads,GGL-ACC-001,Google Campaign 01,Lead Generation,1022.06,75509,63013,3038,550,267,64076.43,USD,2026-02-23 23:30:00
2026-02-24,GGL-CAM-001,Google Ads,GGL-ACC-001,Google Campaign 01,Lead Generation,1068.58,59375,45253,3851,525,271,63229.63,USD,2026-02-24 23:30:00
2026-02-25,GGL-CAM-001,Google Ads,GGL-ACC-001,Google Campaign 01,Lead Generation,705.27,74121,55084,3844,513,273,43382.3,USD,2026-02-25 23:30:00
2026-02-26,GGL-CAM-001,Google Ads,GGL-ACC-001,Google Campaign 01,Lead Generation,668.21,50736,28163,3047,321,185,18146.91,USD,2026-02-26 23:30:00
2026-02-27,GGL-CAM-001,Google Ads,GGL-ACC-001,Google Campaign 01,Lead Generation,1050.83,96793,82450,4703,519,259,41782.15,USD,2026-02-27 23:30:00
2026-02-28,GGL-CAM-001,Google Ads,GGL-ACC-001,Google Campaign 01,Lead Generation,576.38,33040,20949,1020,186,87,14822.49,USD,2026-02-28 23:30:00
2026-03-01,GGL-CAM-001,Google Ads,GGL-ACC-001,Google Campaign 01,Lead Generation,537.23,68572,53736,2067,165,91,10183.3,USD,2026-03-01 23:30:00
2026-03-02,GGL-CAM-001,Google Ads,GGL-ACC-001,Google Campaign 01,Lead Generation,777.4,87392,59207,2856,205,95,9991.99,USD,2026-03-02 23:30:00
2026-03-03,GGL-CAM-001,Google Ads,GGL-ACC-001,Google Campaign 01,Lead Generation,930.08,74183,45591,3903,278,166,37440.53,USD,2026-03-03 23:30:00
2026-03-04,GGL-CAM-001,Google Ads,GGL-ACC-001,Google Campaign 01,Lead Generation,816.88,87809,75807,3496,423,214,41608.95,USD,2026-03-04 23:30:00
2026-03-05,GGL-CAM-001,Google Ads,GGL-ACC-001,Google Campaign 01,Lead Generation,888.43,70351,43899,3256,283,124,18442.0,USD,2026-03-05 23:30:00
2026-03-06,GGL-CAM-001,Google Ads,GGL-ACC-001,Google Campaign 01,Lead Generation,952.46,89833,72845,2676,433,238,43721.37,USD,2026-03-06 23:30:00
2026-03-07,GGL-CAM-001,Google Ads,GGL-ACC-001,Google Campaign 01,Lead Generation,703.47,59878,35065,1802,209,93,12375.89,USD,2026-03-07 23:30:00
2026-03-08,GGL-CAM-001,Google Ads,GGL-ACC-001,Google Campaign 01,Lead Generation,585.18,67406,60249,2348,195,92,10562.84,USD,2026-03-08 23:30:00
2026-03-09,GGL-CAM-001,Google Ads,GGL-ACC-001,Google Campaign 01,Lead Generation,1012.77,123021,92273,5033,889,429,95911.3,USD,2026-03-09 23:30:00
2026-03-10,GGL-CAM-001,Google Ads,GGL-ACC-001,Google Campaign 01,Lead Generation,841.59,83492,62905,4657,404,211,27380.67,USD,2026-03-10 23:30:00
2026-03-11,GGL-CAM-001,Google Ads,GGL-ACC-001,Google Campaign 01,Lead Generation,802.76,92292,58986,4083,580,242,25860.79,USD,2026-03-11 23:30:00
2026-03-12,GGL-CAM-001,Google Ads,GGL-ACC-001,Google Campaign 01,Lead Generation,835.64,57644,35360,3194,411,210,38193.46,USD,2026-03-12 23:30:00
2026-03-13,GGL-CAM-001,Google Ads,GGL-ACC-001,Google Campaign 01,Lead Generation,716.73,92702,72568,5065,677,354,83786.36,USD,2026-03-13 23:30:00
2026-03-14,GGL-CAM-001,Google Ads,GGL-ACC-001,Google Campaign 01,Lead Generation,759.42,59544,43226,2343,403,193,30865.53,USD,2026-03-14 23:30:00
2026-03-15,GGL-CAM-001,Google Ads,GGL-ACC-001,Google Campaign 01,Lead Generation,788.88,82567,49436,5035,610,289,47117.75,USD,2026-03-15 23:30:00
2026-03-16,GGL-CAM-001,Google Ads,GGL-ACC-001,Google Campaign 01,Lead Generation,1000.32,63575,47647,3166,393,187,36039.67,USD,2026-03-16 23:30:00
2026-03-17,GGL-CAM-001,Google Ads,GGL-ACC-001,Google Campaign 01,Lead Generation,703.99,45752,28834,2748,289,162,30909.36,USD,2026-03-17 23:30:00
2026-03-18,GGL-CAM-001,Google Ads,GGL-ACC-001,Google Campaign 01,Lead Generation,892.85,59743,41240,3214,425,214,42574.87,USD,2026-03-18 23:30:00
2026-03-19,GGL-CAM-001,Google Ads,GGL-ACC-001,Google Campaign 01,Lead Generation,876.75,72566,57873,4563,401,203,40698.99,USD,2026-03-19 23:30:00
2026-03-20,GGL-CAM-001,Google Ads,GGL-ACC-001,Google Campaign 01,Lead Generation,977.52,112644,98258,5412,794,367,50030.12,USD,2026-03-20 23:30:00
2026-03-21,GGL-CAM-001,Google Ads,GGL-ACC-001,Google Campaign 01,Lead Generation,509.68,30761,22704,1407,182,90,13074.53,USD,2026-03-21 23:30:00
2026-03-22,GGL-CAM-001,Google Ads,GGL-ACC-001,Google Campaign 01,Lead Generation,639.97,37384,26042,1452,158,71,14237.41,USD,2026-03-22 23:30:00
2026-03-23,GGL-CAM-001,Google Ads,GGL-ACC-001,Google Campaign 01,Lead Generation,661.36,38759,22475,1530,244,107,19271.28,USD,2026-03-23 23:30:00
2026-03-24,GGL-CAM-001,Google Ads,GGL-ACC-001,Google Campaign 01,Lead Generation,983.43,54739,31365,2468,320,155,15811.22,USD,2026-03-24 23:30:00
2026-03-25,GGL-CAM-001,Google Ads,GGL-ACC-001,Google Campaign 01,Lead Generation,830.8,53493,36410,2307,275,149,26374.18,USD,2026-03-25 23:30:00
2026-03-26,GGL-CAM-001,Google Ads,GGL-ACC-001,Google Campaign 01,Lead Generation,723.89,72546,56960,3682,416,221,19058.99,USD,2026-03-26 23:30:00
2026-03-27,GGL-CAM-001,Google Ads,GGL-ACC-001,Google Campaign 01,Lead Generation,940.94,130381,109595,3802,583,286,36963.6,USD,2026-03-27 23:30:00
2026-03-28,GGL-CAM-001,Google Ads,GGL-ACC-001,Google Campaign 01,Lead Generation,785.56,69096,59590,3573,320,153,20014.55,USD,2026-03-28 23:30:00
2026-03-29,GGL-CAM-001,Google Ads,GGL-ACC-001,Google Campaign 01,Lead Generation,685.23,42848,27982,1657,166,75,10810.34,USD,2026-03-29 23:30:00
2026-03-30,GGL-CAM-001,Google Ads,GGL-ACC-001,Google Campaign 01,Lead Generation,868.68,49829,36852,2767,254,134,27467.88,USD,2026-03-30 23:30:00
2026-03-31,GGL-CAM-001,Google Ads,GGL-ACC-001,Google Campaign 01,Lead Generation,1085.9,77740,45960,2745,245,118,28555.01,USD,2026-03-31 23:30:00
2026-04-01,GGL-CAM-001,Google Ads,GGL-ACC-001,Google Campaign 01,Lead Generation,1018.3,76325,57937,2744,335,167,34864.3,USD,2026-04-01 23:30:00
2026-04-02,GGL-CAM-001,Google Ads,GGL-ACC-001,Google Campaign 01,Lead Generation,838.67,61641,35688,3180,281,138,33586.91,USD,2026-04-02 23:30:00
2026-04-03,GGL-CAM-001,Google Ads,GGL-ACC-001,Google Campaign 01,Lead Generation,811.09,59487,52223,2070,244,124,17341.33,USD,2026-04-03 23:30:00
2026-04-04,GGL-CAM-001,Google Ads,GGL-ACC-001,Google Campaign 01,Lead Generation,686.8,45609,26786,1532,97,40,5594.06,USD,2026-04-04 23:30:00
2026-04-05,GGL-CAM-001,Google Ads,GGL-ACC-001,Google Campaign 01,Lead Generation,634.27,81040,47169,4386,537,260,48151.97,USD,2026-04-05 23:30:00
2026-04-06,GGL-CAM-001,Google Ads,GGL-ACC-001,Google Campaign 01,Lead Generation,736.55,43097,27040,1313,241,116,18142.76,USD,2026-04-06 23:30:00
2026-04-07,GGL-CAM-001,Google Ads,GGL-ACC-001,Google Campaign 01,Lead Generation,1060.05,59338,38811,3724,304,126,26136.8,USD,2026-04-07 23:30:00
2026-04-08,GGL-CAM-001,Google Ads,GGL-ACC-001,Google Campaign 01,Lead Generation,1032.42,60135,37915,3839,668,355,58853.95,USD,2026-04-08 23:30:00
2026-04-09,GGL-CAM-001,Google Ads,GGL-ACC-001,Google Campaign 01,Lead Generation,972.42,116789,89817,3279,479,210,27996.25,USD,2026-04-09 23:30:00
2026-04-10,GGL-CAM-001,Google Ads,GGL-ACC-001,Google Campaign 01,Lead Generation,1035.94,61863,44414,3070,286,148,13453.88,USD,2026-04-10 23:30:00
2026-04-11,GGL-CAM-001,Google Ads,GGL-ACC-001,Google Campaign 01,Lead Generation,628.68,45220,29417,2710,492,238,46716.96,USD,2026-04-11 23:30:00
2026-04-12,GGL-CAM-001,Google Ads,GGL-ACC-001,Google Campaign 01,Lead Generation,815.52,79489,65595,2729,186,100,10519.2,USD,2026-04-12 23:30:00
2026-04-13,GGL-CAM-001,Google Ads,GGL-ACC-001,Google Campaign 01,Lead Generation,859.93,107713,78570,4491,798,381,91134.78,USD,2026-04-13 23:30:00
2026-04-14,GGL-CAM-001,Google Ads,GGL-ACC-001,Google Campaign 01,Lead Generation,996.38,104471,93837,3349,349,152,20231.77,USD,2026-04-14 23:30:00
2026-04-15,GGL-CAM-001,Google Ads,GGL-ACC-001,Google Campaign 01,Lead Generation,722.9,81107,61076,3313,499,270,53952.33,USD,2026-04-15 23:30:00
2026-04-16,GGL-CAM-001,Google Ads,GGL-ACC-001,Google Campaign 01,Lead Generation,1044.1,130408,88734,7837,814,408,43420.15,USD,2026-04-16 23:30:00
2026-04-17,GGL-CAM-001,Google Ads,GGL-ACC-001,Google Campaign 01,Lead Generation,751.87,76275,57766,4114,523,265,26913.92,USD,2026-04-17 23:30:00
2026-04-18,GGL-CAM-001,Google Ads,GGL-ACC-001,Google Campaign 01,Lead Generation,579.26,36042,27626,1402,213,115,21195.6,USD,2026-04-18 23:30:00
2026-04-19,GGL-CAM-001,Google Ads,GGL-ACC-001,Google Campaign 01,Lead Generation,501.31,32808,27436,1028,167,96,19037.53,USD,2026-04-19 23:30:00
2026-04-20,GGL-CAM-001,Google Ads,GGL-ACC-001,Google Campaign 01,Lead Generation,925.29,57280,46761,2594,185,85,9976.25,USD,2026-04-20 23:30:00
2026-04-21,GGL-CAM-001,Google Ads,GGL-ACC-001,Google Campaign 01,Lead Generation,1063.01,82060,61853,5212,547,290,46659.58,USD,2026-04-21 23:30:00
2026-04-22,GGL-CAM-001,Google Ads,GGL-ACC-001,Google Campaign 01,Lead Generation,1081.13,100061,72146,4986,375,169,35329.47,USD,2026-04-22 23:30:00
2026-04-23,GGL-CAM-001,Google Ads,GGL-ACC-001,Google Campaign 01,Lead Generation,1091.47,70533,44243,3691,417,216,29950.19,USD,2026-04-23 23:30:00
2026-04-24,GGL-CAM-001,Google Ads,GGL-ACC-001,Google Campaign 01,Lead Generation,1071.25,135494,93376,7075,1062,476,64941.89,USD,2026-04-24 23:30:00
2026-04-25,GGL-CAM-001,Google Ads,GGL-ACC-001,Google Campaign 01,Lead Generation,567.11,56618,40517,3643,441,196,48728.01,USD,2026-04-25 23:30:00
2026-04-26,GGL-CAM-001,Google Ads,GGL-ACC-001,Google Campaign 01,Lead Generation,744.45,42177,36790,1367,248,125,22191.37,USD,2026-04-26 23:30:00
2026-04-27,GGL-CAM-001,Google Ads,GGL-ACC-001,Google Campaign 01,Lead Generation,710.35,51537,38842,2930,353,188,17583.52,USD,2026-04-27 23:30:00
2026-04-28,GGL-CAM-001,Google Ads,GGL-ACC-001,Google Campaign 01,Lead Generation,660.71,66343,52626,3775,397,171,25374.71,USD,2026-04-28 23:30:00
2026-04-29,GGL-CAM-001,Google Ads,GGL-ACC-001,Google Campaign 01,Lead Generation,701.5,42614,23583,2394,155,77,12703.18,USD,2026-04-29 23:30:00
2026-04-30,GGL-CAM-001,Google Ads,GGL-ACC-001,Google Campaign 01,Lead Generation,670.15,63274,52530,2892,220,96,14467.11,USD,2026-04-30 23:30:00
2026-05-01,GGL-CAM-001,Google Ads,GGL-ACC-001,Google Campaign 01,Lead Generation,964.43,104810,90470,3322,261,110,17831.26,USD,2026-05-01 23:30:00
2026-05-02,GGL-CAM-001,Google Ads,GGL-ACC-001,Google Campaign 01,Lead Generation,664.29,51006,43616,2942,347,185,30984.62,USD,2026-05-02 23:30:00
2026-05-03,GGL-CAM-001,Google Ads,GGL-ACC-001,Google Campaign 01,Lead Generation,750.6,79754,71676,5107,549,281,30280.72,USD,2026-05-03 23:30:00
2026-05-04,GGL-CAM-001,Google Ads,GGL-ACC-001,Google Campaign 01,Lead Generation,687.19,38774,34728,1977,189,90,16614.43,USD,2026-05-04 23:30:00
2026-05-05,GGL-CAM-001,Google Ads,GGL-ACC-001,Google Campaign 01,Lead Generation,972.64,130709,98988,7800,1078,520,75588.11,USD,2026-05-05 23:30:00
2026-05-06,GGL-CAM-001,Google Ads,GGL-ACC-001,Google Campaign 01,Lead Generation,976.07,57294,50990,1915,290,118,20082.26,USD,2026-05-06 23:30:00
2026-05-07,GGL-CAM-001,Google Ads,GGL-ACC-001,Google Campaign 01,Lead Generation,1036.23,115254,79165,6820,841,420,47987.68,USD,2026-05-07 23:30:00
2026-05-08,GGL-CAM-001,Google Ads,GGL-ACC-001,Google Campaign 01,Lead Generation,993.71,56257,37576,1987,280,140,19544.25,USD,2026-05-08 23:30:00
2026-05-09,GGL-CAM-001,Google Ads,GGL-ACC-001,Google Campaign 01,Lead Generation,723.42,44883,32141,1895,167,82,15706.57,USD,2026-05-09 23:30:00
2026-05-10,GGL-CAM-001,Google Ads,GGL-ACC-001,Google Campaign 01,Lead Generation,559.2,34336,19357,1964,251,116,28894.23,USD,2026-05-10 23:30:00
2026-05-11,GGL-CAM-001,Google Ads,GGL-ACC-001,Google Campaign 01,Lead Generation,877.34,105156,92866,4530,835,341,39901.63,USD,2026-05-11 23:30:00
2026-05-12,GGL-CAM-001,Google Ads,GGL-ACC-001,Google Campaign 01,Lead Generation,869.3,61958,38454,3699,434,229,40673.78,USD,2026-05-12 23:30:00
2026-05-13,GGL-CAM-001,Google Ads,GGL-ACC-001,Google Campaign 01,Lead Generation,849.59,58967,45183,3761,266,167,31851.66,USD,2026-05-13 23:30:00
2026-05-14,GGL-CAM-001,Google Ads,GGL-ACC-001,Google Campaign 01,Lead Generation,957.02,57798,33945,2764,182,107,25686.54,USD,2026-05-14 23:30:00
2026-05-15,GGL-CAM-001,Google Ads,GGL-ACC-001,Google Campaign 01,Lead Generation,833.49,58546,40481,3804,290,159,41887.03,USD,2026-05-15 23:30:00
2026-05-16,GGL-CAM-001,Google Ads,GGL-ACC-001,Google Campaign 01,Lead Generation,753.26,71080,47169,3675,566,289,50298.82,USD,2026-05-16 23:30:00
2026-05-17,GGL-CAM-001,Google Ads,GGL-ACC-001,Google Campaign 01,Lead Generation,638.81,57910,45394,2365,355,162,24767.47,USD,2026-05-17 23:30:00
2026-05-18,GGL-CAM-001,Google Ads,GGL-ACC-001,Google Campaign 01,Lead Generation,882.52,63883,48107,2781,314,155,32989.82,USD,2026-05-18 23:30:00
2026-05-19,GGL-CAM-001,Google Ads,GGL-ACC-001,Google Campaign 01,Lead Generation,969.52,75333,65111,3715,584,327,72373.26,USD,2026-05-19 23:30:00
2026-05-20,GGL-CAM-001,Google Ads,GGL-ACC-001,Google Campaign 01,Lead Generation,809.32,83622,69494,5191,400,178,38600.88,USD,2026-05-20 23:30:00
2026-05-21,GGL-CAM-001,Google Ads,GGL-ACC-001,Google Campaign 01,Lead Generation,774.79,59918,43968,2244,294,151,26961.84,USD,2026-05-21 23:30:00
2026-05-22,GGL-CAM-001,Google Ads,GGL-ACC-001,Google Campaign 01,Lead Generation,1076.52,72740,64228,2129,306,140,18706.35,USD,2026-05-22 23:30:00
2026-05-23,GGL-CAM-001,Google Ads,GGL-ACC-001,Google Campaign 01,Lead Generation,561.24,41213,26631,2380,408,204,27471.73,USD,2026-05-23 23:30:00
2026-05-24,GGL-CAM-001,Google Ads,GGL-ACC-001,Google Campaign 01,Lead Generation,696.24,43382,27151,1819,247,129,14923.43,USD,2026-05-24 23:30:00
2026-05-25,GGL-CAM-001,Google Ads,GGL-ACC-001,Google Campaign 01,Lead Generation,894.59,111089,66403,2882,419,191,39644.01,USD,2026-05-25 23:30:00
2026-05-26,GGL-CAM-001,Google Ads,GGL-ACC-001,Google Campaign 01,Lead Generation,958.29,65427,37946,2693,334,139,24005.67,USD,2026-05-26 23:30:00
2026-05-27,GGL-CAM-001,Google Ads,GGL-ACC-001,Google Campaign 01,Lead Generation,810.8,48158,35588,1573,150,66,7530.12,USD,2026-05-27 23:30:00
2026-05-28,GGL-CAM-001,Google Ads,GGL-ACC-001,Google Campaign 01,Lead Generation,801.18,48030,35868,2451,298,164,19738.08,USD,2026-05-28 23:30:00
2026-05-29,GGL-CAM-001,Google Ads,GGL-ACC-001,Google Campaign 01,Lead Generation,889.84,50749,42040,1624,231,102,12860.55,USD,2026-05-29 23:30:00
2026-05-30,GGL-CAM-001,Google Ads,GGL-ACC-001,Google Campaign 01,Lead Generation,817.08,47507,28252,1633,208,110,13365.61,USD,2026-05-30 23:30:00
2026-05-31,GGL-CAM-001,Google Ads,GGL-ACC-001,Google Campaign 01,Lead Generation,591.1,36744,24138,2067,280,144,13962.85,USD,2026-05-31 23:30:00
2026-06-01,GGL-CAM-001,Google Ads,GGL-ACC-001,Google Campaign 01,Lead Generation,1057.49,93033,63561,3990,583,291,53337.29,USD,2026-06-01 23:30:00
2026-06-02,GGL-CAM-001,Google Ads,GGL-ACC-001,Google Campaign 01,Lead Generation,788.81,47353,42213,2828,431,199,39576.7,USD,2026-06-02 23:30:00
2026-06-03,GGL-CAM-001,Google Ads,GGL-ACC-001,Google Campaign 01,Lead Generation,1058.96,75367,51967,4363,357,184,40382.66,USD,2026-06-03 23:30:00
2026-06-04,GGL-CAM-001,Google Ads,GGL-ACC-001,Google Campaign 01,Lead Generation,714.71,83008,51930,3295,272,121,11838.36,USD,2026-06-04 23:30:00
2026-06-05,GGL-CAM-001,Google Ads,GGL-ACC-001,Google Campaign 01,Lead Generation,996.9,72157,47345,3680,326,158,13893.66,USD,2026-06-05 23:30:00
2026-06-06,GGL-CAM-001,Google Ads,GGL-ACC-001,Google Campaign 01,Lead Generation,818.46,100900,70542,5316,401,219,36740.17,USD,2026-06-06 23:30:00
2026-06-07,GGL-CAM-001,Google Ads,GGL-ACC-001,Google Campaign 01,Lead Generation,612.28,72564,40397,4387,507,258,30579.78,USD,2026-06-07 23:30:00
2026-06-08,GGL-CAM-001,Google Ads,GGL-ACC-001,Google Campaign 01,Lead Generation,749.7,76049,64301,4213,344,213,35776.7,USD,2026-06-08 23:30:00
2026-06-09,GGL-CAM-001,Google Ads,GGL-ACC-001,Google Campaign 01,Lead Generation,977.92,121046,104369,5390,471,232,34930.16,USD,2026-06-09 23:30:00
2026-06-10,GGL-CAM-001,Google Ads,GGL-ACC-001,Google Campaign 01,Lead Generation,846.9,48370,37391,2731,259,134,25592.29,USD,2026-06-10 23:30:00
2026-06-11,GGL-CAM-001,Google Ads,GGL-ACC-001,Google Campaign 01,Lead Generation,684.77,48044,27124,2921,387,205,39346.75,USD,2026-06-11 23:30:00
2026-06-12,GGL-CAM-001,Google Ads,GGL-ACC-001,Google Campaign 01,Lead Generation,660.93,83316,51224,4470,339,168,17734.58,USD,2026-06-12 23:30:00
2026-06-13,GGL-CAM-001,Google Ads,GGL-ACC-001,Google Campaign 01,Lead Generation,578.61,64901,49665,1877,278,168,30476.92,USD,2026-06-13 23:30:00
2026-06-14,GGL-CAM-001,Google Ads,GGL-ACC-001,Google Campaign 01,Lead Generation,809.21,52136,42325,2646,377,182,17958.61,USD,2026-06-14 23:30:00
2026-06-15,GGL-CAM-001,Google Ads,GGL-ACC-001,Google Campaign 01,Lead Generation,1061.29,66624,58634,3415,294,133,19352.65,USD,2026-06-15 23:30:00
2026-06-16,GGL-CAM-001,Google Ads,GGL-ACC-001,Google Campaign 01,Lead Generation,937.91,97216,69138,2902,294,126,30253.1,USD,2026-06-16 23:30:00
2026-02-05,GGL-CAM-002,Google Ads,GGL-ACC-001,Google Campaign 02,Conversions,580.01,35666,21260,1930,244,151,25591.05,USD,2026-02-05 23:30:00
2026-02-06,GGL-CAM-002,Google Ads,GGL-ACC-001,Google Campaign 02,Conversions,809.35,54008,40384,3116,303,154,23993.7,USD,2026-02-06 23:30:00
2026-02-07,GGL-CAM-002,Google Ads,GGL-ACC-001,Google Campaign 02,Conversions,430.51,29531,17267,1769,237,123,28817.89,USD,2026-02-07 23:30:00
2026-02-08,GGL-CAM-002,Google Ads,GGL-ACC-001,Google Campaign 02,Conversions,579.1,50725,27991,2891,260,137,24123.15,USD,2026-02-08 23:30:00
2026-02-09,GGL-CAM-002,Google Ads,GGL-ACC-001,Google Campaign 02,Conversions,849.94,55295,49694,1460,220,107,14335.17,USD,2026-02-09 23:30:00
2026-02-10,GGL-CAM-002,Google Ads,GGL-ACC-001,Google Campaign 02,Conversions,723.72,65486,44165,2812,385,205,47340.11,USD,2026-02-10 23:30:00
2026-02-11,GGL-CAM-002,Google Ads,GGL-ACC-001,Google Campaign 02,Conversions,740.76,47073,37035,1351,190,72,12036.96,USD,2026-02-11 23:30:00
2026-02-12,GGL-CAM-002,Google Ads,GGL-ACC-001,Google Campaign 02,Conversions,545.3,34393,24140,1231,212,78,12187.3,USD,2026-02-12 23:30:00
2026-02-13,GGL-CAM-002,Google Ads,GGL-ACC-001,Google Campaign 02,Conversions,863.86,108326,64065,3664,496,279,60687.66,USD,2026-02-13 23:30:00
2026-02-14,GGL-CAM-002,Google Ads,GGL-ACC-001,Google Campaign 02,Conversions,541.42,47043,39567,2756,324,142,21397.9,USD,2026-02-14 23:30:00
2026-02-15,GGL-CAM-002,Google Ads,GGL-ACC-001,Google Campaign 02,Conversions,456.24,45606,32396,2085,226,105,26468.85,USD,2026-02-15 23:30:00
2026-02-16,GGL-CAM-002,Google Ads,GGL-ACC-001,Google Campaign 02,Conversions,690.32,56066,33492,1700,136,65,13375.55,USD,2026-02-16 23:30:00
2026-02-17,GGL-CAM-002,Google Ads,GGL-ACC-001,Google Campaign 02,Conversions,538.39,35269,22754,1808,299,150,13920.64,USD,2026-02-17 23:30:00
2026-02-18,GGL-CAM-002,Google Ads,GGL-ACC-001,Google Campaign 02,Conversions,687.25,44762,31059,1924,325,114,11488.42,USD,2026-02-18 23:30:00
2026-02-19,GGL-CAM-002,Google Ads,GGL-ACC-001,Google Campaign 02,Conversions,851.78,78716,63428,4801,335,176,30963.42,USD,2026-02-19 23:30:00
2026-02-20,GGL-CAM-002,Google Ads,GGL-ACC-001,Google Campaign 02,Conversions,714.14,40132,24197,1415,216,99,10479.66,USD,2026-02-20 23:30:00
2026-02-21,GGL-CAM-002,Google Ads,GGL-ACC-001,Google Campaign 02,Conversions,524.73,55359,40978,1939,299,141,26091.18,USD,2026-02-21 23:30:00
2026-02-22,GGL-CAM-002,Google Ads,GGL-ACC-001,Google Campaign 02,Conversions,634.24,80294,59489,3479,439,232,27855.94,USD,2026-02-22 23:30:00
2026-02-23,GGL-CAM-002,Google Ads,GGL-ACC-001,Google Campaign 02,Conversions,536.62,69827,56899,3177,513,266,40110.95,USD,2026-02-23 23:30:00
2026-02-24,GGL-CAM-002,Google Ads,GGL-ACC-001,Google Campaign 02,Conversions,819.68,64474,36932,2140,392,167,31806.07,USD,2026-02-24 23:30:00
2026-02-25,GGL-CAM-002,Google Ads,GGL-ACC-001,Google Campaign 02,Conversions,555.13,45866,28497,2814,355,188,35272.14,USD,2026-02-25 23:30:00
2026-02-26,GGL-CAM-002,Google Ads,GGL-ACC-001,Google Campaign 02,Conversions,738.08,57858,45914,2110,359,178,28215.39,USD,2026-02-26 23:30:00
2026-02-27,GGL-CAM-002,Google Ads,GGL-ACC-001,Google Campaign 02,Conversions,614.41,39069,22629,1471,235,110,25710.96,USD,2026-02-27 23:30:00
2026-02-28,GGL-CAM-002,Google Ads,GGL-ACC-001,Google Campaign 02,Conversions,497.33,29768,16503,1701,232,111,23448.69,USD,2026-02-28 23:30:00
2026-03-01,GGL-CAM-002,Google Ads,GGL-ACC-001,Google Campaign 02,Conversions,409.59,31130,22255,1434,217,114,24064.11,USD,2026-03-01 23:30:00
2026-03-02,GGL-CAM-002,Google Ads,GGL-ACC-001,Google Campaign 02,Conversions,805.05,50196,33720,2177,236,114,16701.31,USD,2026-03-02 23:30:00
2026-03-03,GGL-CAM-002,Google Ads,GGL-ACC-001,Google Campaign 02,Conversions,640.5,53581,42150,2944,459,225,36586.26,USD,2026-03-03 23:30:00
2026-03-04,GGL-CAM-002,Google Ads,GGL-ACC-001,Google Campaign 02,Conversions,814.55,77017,56178,4039,305,146,17958.32,USD,2026-03-04 23:30:00
2026-03-05,GGL-CAM-002,Google Ads,GGL-ACC-001,Google Campaign 02,Conversions,744.51,71874,56403,2408,161,107,16280.66,USD,2026-03-05 23:30:00
2026-03-06,GGL-CAM-002,Google Ads,GGL-ACC-001,Google Campaign 02,Conversions,817.6,62104,54112,1828,233,110,18755.11,USD,2026-03-06 23:30:00
2026-03-07,GGL-CAM-002,Google Ads,GGL-ACC-001,Google Campaign 02,Conversions,584.52,57985,49604,3440,338,189,40023.08,USD,2026-03-07 23:30:00
2026-03-08,GGL-CAM-002,Google Ads,GGL-ACC-001,Google Campaign 02,Conversions,451.72,54831,31080,2914,382,180,20178.51,USD,2026-03-08 23:30:00
2026-03-09,GGL-CAM-002,Google Ads,GGL-ACC-001,Google Campaign 02,Conversions,827.19,48854,36835,2886,397,192,29567.49,USD,2026-03-09 23:30:00
2026-03-10,GGL-CAM-002,Google Ads,GGL-ACC-001,Google Campaign 02,Conversions,806.13,44909,37734,2659,312,173,18095.65,USD,2026-03-10 23:30:00
2026-03-11,GGL-CAM-002,Google Ads,GGL-ACC-001,Google Campaign 02,Conversions,628.25,37690,28737,1804,230,112,17017.13,USD,2026-03-11 23:30:00
2026-03-12,GGL-CAM-002,Google Ads,GGL-ACC-001,Google Campaign 02,Conversions,695.82,49899,37934,2428,359,159,22672.3,USD,2026-03-12 23:30:00
2026-03-13,GGL-CAM-002,Google Ads,GGL-ACC-001,Google Campaign 02,Conversions,606.62,39963,35568,1808,250,122,11455.97,USD,2026-03-13 23:30:00
2026-03-14,GGL-CAM-002,Google Ads,GGL-ACC-001,Google Campaign 02,Conversions,461.78,43381,24417,1920,175,79,13138.53,USD,2026-03-14 23:30:00
2026-03-15,GGL-CAM-002,Google Ads,GGL-ACC-001,Google Campaign 02,Conversions,521.94,63742,37597,2457,407,186,33848.59,USD,2026-03-15 23:30:00
2026-03-16,GGL-CAM-002,Google Ads,GGL-ACC-001,Google Campaign 02,Conversions,761.48,70524,56412,3194,538,254,46758.95,USD,2026-03-16 23:30:00
2026-03-17,GGL-CAM-002,Google Ads,GGL-ACC-001,Google Campaign 02,Conversions,802.61,58640,34601,2191,335,146,35962.17,USD,2026-03-17 23:30:00
2026-03-18,GGL-CAM-002,Google Ads,GGL-ACC-001,Google Campaign 02,Conversions,663.52,59125,46354,2557,275,151,18495.39,USD,2026-03-18 23:30:00
2026-03-19,GGL-CAM-002,Google Ads,GGL-ACC-001,Google Campaign 02,Conversions,738.6,51060,37625,2015,251,155,12340.48,USD,2026-03-19 23:30:00
2026-03-20,GGL-CAM-002,Google Ads,GGL-ACC-001,Google Campaign 02,Conversions,686.71,80189,64569,2042,227,121,15480.67,USD,2026-03-20 23:30:00
2026-03-21,GGL-CAM-002,Google Ads,GGL-ACC-001,Google Campaign 02,Conversions,563.51,39753,27028,2338,352,162,25644.49,USD,2026-03-21 23:30:00
2026-03-22,GGL-CAM-002,Google Ads,GGL-ACC-001,Google Campaign 02,Conversions,432.27,31756,17748,1690,267,121,15854.55,USD,2026-03-22 23:30:00
2026-03-23,GGL-CAM-002,Google Ads,GGL-ACC-001,Google Campaign 02,Conversions,660.3,46816,41938,2363,270,121,11159.77,USD,2026-03-23 23:30:00
2026-03-24,GGL-CAM-002,Google Ads,GGL-ACC-001,Google Campaign 02,Conversions,528.18,44037,30200,2313,212,99,13852.57,USD,2026-03-24 23:30:00
2026-03-25,GGL-CAM-002,Google Ads,GGL-ACC-001,Google Campaign 02,Conversions,618.67,70622,48371,1831,265,158,24255.23,USD,2026-03-25 23:30:00
2026-03-26,GGL-CAM-002,Google Ads,GGL-ACC-001,Google Campaign 02,Conversions,705.97,65706,40614,3065,277,143,22960.38,USD,2026-03-26 23:30:00
2026-03-27,GGL-CAM-002,Google Ads,GGL-ACC-001,Google Campaign 02,Conversions,711.5,93199,67207,3606,351,174,42431.76,USD,2026-03-27 23:30:00
2026-03-28,GGL-CAM-002,Google Ads,GGL-ACC-001,Google Campaign 02,Conversions,536.65,46994,34778,3043,529,259,47180.64,USD,2026-03-28 23:30:00
2026-03-29,GGL-CAM-002,Google Ads,GGL-ACC-001,Google Campaign 02,Conversions,527.32,55476,35866,3526,586,322,69495.96,USD,2026-03-29 23:30:00
2026-03-30,GGL-CAM-002,Google Ads,GGL-ACC-001,Google Campaign 02,Conversions,857.86,51529,32006,3234,295,139,20732.88,USD,2026-03-30 23:30:00
2026-03-31,GGL-CAM-002,Google Ads,GGL-ACC-001,Google Campaign 02,Conversions,718.27,46702,39530,1889,219,116,18659.5,USD,2026-03-31 23:30:00
2026-04-01,GGL-CAM-002,Google Ads,GGL-ACC-001,Google Campaign 02,Conversions,695.15,41319,33176,1136,180,99,16444.25,USD,2026-04-01 23:30:00
2026-04-02,GGL-CAM-002,Google Ads,GGL-ACC-001,Google Campaign 02,Conversions,796.81,54509,44057,1655,180,79,9705.45,USD,2026-04-02 23:30:00
2026-04-03,GGL-CAM-002,Google Ads,GGL-ACC-001,Google Campaign 02,Conversions,784.53,48500,34952,2649,239,118,20999.1,USD,2026-04-03 23:30:00
2026-04-04,GGL-CAM-002,Google Ads,GGL-ACC-001,Google Campaign 02,Conversions,479.45,61044,50549,2521,301,127,12689.86,USD,2026-04-04 23:30:00
2026-04-05,GGL-CAM-002,Google Ads,GGL-ACC-001,Google Campaign 02,Conversions,465.57,31504,22580,850,65,28,3986.51,USD,2026-04-05 23:30:00
2026-04-06,GGL-CAM-002,Google Ads,GGL-ACC-001,Google Campaign 02,Conversions,642.38,67716,38944,3427,611,312,58431.96,USD,2026-04-06 23:30:00
2026-04-07,GGL-CAM-002,Google Ads,GGL-ACC-001,Google Campaign 02,Conversions,796.65,54907,39744,1904,265,143,28420.85,USD,2026-04-07 23:30:00
2026-04-08,GGL-CAM-002,Google Ads,GGL-ACC-001,Google Campaign 02,Conversions,777.52,76776,61224,2330,347,155,14191.67,USD,2026-04-08 23:30:00
2026-04-09,GGL-CAM-002,Google Ads,GGL-ACC-001,Google Campaign 02,Conversions,774.84,100765,66471,5902,425,200,28016.67,USD,2026-04-09 23:30:00
2026-04-10,GGL-CAM-002,Google Ads,GGL-ACC-001,Google Campaign 02,Conversions,649.13,41402,22834,2512,293,181,43502.09,USD,2026-04-10 23:30:00
2026-04-11,GGL-CAM-002,Google Ads,GGL-ACC-001,Google Campaign 02,Conversions,586.35,66356,51455,3551,522,291,74137.45,USD,2026-04-11 23:30:00
2026-04-12,GGL-CAM-002,Google Ads,GGL-ACC-001,Google Campaign 02,Conversions,501.21,66561,54490,2622,465,228,32579.76,USD,2026-04-12 23:30:00
2026-04-13,GGL-CAM-002,Google Ads,GGL-ACC-001,Google Campaign 02,Conversions,745.95,64408,42081,3728,592,303,38098.11,USD,2026-04-13 23:30:00
2026-04-14,GGL-CAM-002,Google Ads,GGL-ACC-001,Google Campaign 02,Conversions,741.63,87223,59200,4454,643,331,42561.53,USD,2026-04-14 23:30:00
2026-04-15,GGL-CAM-002,Google Ads,GGL-ACC-001,Google Campaign 02,Conversions,807.55,105713,73100,3114,386,191,24803.32,USD,2026-04-15 23:30:00
2026-04-16,GGL-CAM-002,Google Ads,GGL-ACC-001,Google Campaign 02,Conversions,851.81,66338,48589,3237,222,116,20031.22,USD,2026-04-16 23:30:00
2026-04-17,GGL-CAM-002,Google Ads,GGL-ACC-001,Google Campaign 02,Conversions,797.75,44978,32891,1350,93,39,8672.23,USD,2026-04-17 23:30:00
2026-04-18,GGL-CAM-002,Google Ads,GGL-ACC-001,Google Campaign 02,Conversions,556.64,51402,29452,2049,151,79,10032.2,USD,2026-04-18 23:30:00
2026-04-19,GGL-CAM-002,Google Ads,GGL-ACC-001,Google Campaign 02,Conversions,511.87,53820,33846,1876,278,138,26768.17,USD,2026-04-19 23:30:00
2026-04-20,GGL-CAM-002,Google Ads,GGL-ACC-001,Google Campaign 02,Conversions,718.62,78501,50316,2404,352,151,32921.34,USD,2026-04-20 23:30:00
2026-04-21,GGL-CAM-002,Google Ads,GGL-ACC-001,Google Campaign 02,Conversions,826.45,76543,54091,4722,489,250,41700.51,USD,2026-04-21 23:30:00
2026-04-22,GGL-CAM-002,Google Ads,GGL-ACC-001,Google Campaign 02,Conversions,691.75,81603,60492,5166,642,341,42541.76,USD,2026-04-22 23:30:00
2026-04-23,GGL-CAM-002,Google Ads,GGL-ACC-001,Google Campaign 02,Conversions,590.99,50250,45133,1344,147,69,12286.88,USD,2026-04-23 23:30:00
2026-04-24,GGL-CAM-002,Google Ads,GGL-ACC-001,Google Campaign 02,Conversions,669.76,45165,37369,2901,381,196,22921.19,USD,2026-04-24 23:30:00
2026-04-25,GGL-CAM-002,Google Ads,GGL-ACC-001,Google Campaign 02,Conversions,642.44,37819,29280,2373,415,220,34203.03,USD,2026-04-25 23:30:00
2026-04-26,GGL-CAM-002,Google Ads,GGL-ACC-001,Google Campaign 02,Conversions,518.37,36167,23963,1139,145,72,13578.46,USD,2026-04-26 23:30:00
2026-04-27,GGL-CAM-002,Google Ads,GGL-ACC-001,Google Campaign 02,Conversions,528.75,32381,28230,1753,139,70,10470.32,USD,2026-04-27 23:30:00
2026-04-28,GGL-CAM-002,Google Ads,GGL-ACC-001,Google Campaign 02,Conversions,654.36,36503,27283,978,146,95,12812.7,USD,2026-04-28 23:30:00
2026-04-29,GGL-CAM-002,Google Ads,GGL-ACC-001,Google Campaign 02,Conversions,836.16,76401,46706,3916,387,168,17171.47,USD,2026-04-29 23:30:00
2026-04-30,GGL-CAM-002,Google Ads,GGL-ACC-001,Google Campaign 02,Conversions,669.63,40498,34947,1470,249,131,22195.28,USD,2026-04-30 23:30:00
2026-05-01,GGL-CAM-002,Google Ads,GGL-ACC-001,Google Campaign 02,Conversions,683.36,39248,33331,2382,298,138,27129.73,USD,2026-05-01 23:30:00
2026-05-02,GGL-CAM-002,Google Ads,GGL-ACC-001,Google Campaign 02,Conversions,520.45,56096,45992,1562,133,58,14183.45,USD,2026-05-02 23:30:00
2026-05-03,GGL-CAM-002,Google Ads,GGL-ACC-001,Google Campaign 02,Conversions,462.25,32550,22648,1011,155,82,11909.28,USD,2026-05-03 23:30:00
2026-05-04,GGL-CAM-002,Google Ads,GGL-ACC-001,Google Campaign 02,Conversions,623.84,48938,30757,1330,216,111,15681.42,USD,2026-05-04 23:30:00
2026-05-05,GGL-CAM-002,Google Ads,GGL-ACC-001,Google Campaign 02,Conversions,623.4,43614,37755,2384,391,187,27574.14,USD,2026-05-05 23:30:00
2026-05-06,GGL-CAM-002,Google Ads,GGL-ACC-001,Google Campaign 02,Conversions,722.89,45540,37489,2932,451,231,30979.55,USD,2026-05-06 23:30:00
2026-05-07,GGL-CAM-002,Google Ads,GGL-ACC-001,Google Campaign 02,Conversions,726.66,54141,39420,3415,249,120,15640.61,USD,2026-05-07 23:30:00
2026-05-08,GGL-CAM-002,Google Ads,GGL-ACC-001,Google Campaign 02,Conversions,765.65,69214,44707,4313,706,345,74414.74,USD,2026-05-08 23:30:00
2026-05-09,GGL-CAM-002,Google Ads,GGL-ACC-001,Google Campaign 02,Conversions,642.76,40481,32670,1328,153,82,12496.11,USD,2026-05-09 23:30:00
2026-05-10,GGL-CAM-002,Google Ads,GGL-ACC-001,Google Campaign 02,Conversions,571.48,50898,28914,1323,221,99,10351.7,USD,2026-05-10 23:30:00
2026-05-11,GGL-CAM-002,Google Ads,GGL-ACC-001,Google Campaign 02,Conversions,795.28,63354,41713,3404,532,283,29678.24,USD,2026-05-11 23:30:00
2026-05-12,GGL-CAM-002,Google Ads,GGL-ACC-001,Google Campaign 02,Conversions,605.26,59394,44076,3555,484,262,47509.72,USD,2026-05-12 23:30:00
2026-05-13,GGL-CAM-002,Google Ads,GGL-ACC-001,Google Campaign 02,Conversions,634.17,62393,43766,2325,234,134,22970.22,USD,2026-05-13 23:30:00
2026-05-14,GGL-CAM-002,Google Ads,GGL-ACC-001,Google Campaign 02,Conversions,845.22,58131,47250,2226,148,89,12683.3,USD,2026-05-14 23:30:00
2026-05-15,GGL-CAM-002,Google Ads,GGL-ACC-001,Google Campaign 02,Conversions,857.64,105685,73055,3816,357,165,22579.31,USD,2026-05-15 23:30:00
2026-05-16,GGL-CAM-002,Google Ads,GGL-ACC-001,Google Campaign 02,Conversions,492.11,32553,25386,1731,214,93,12362.1,USD,2026-05-16 23:30:00
2026-05-17,GGL-CAM-002,Google Ads,GGL-ACC-001,Google Campaign 02,Conversions,635.73,36010,31968,1769,125,64,5542.16,USD,2026-05-17 23:30:00
2026-05-18,GGL-CAM-002,Google Ads,GGL-ACC-001,Google Campaign 02,Conversions,626.85,64228,51882,3342,493,236,48549.25,USD,2026-05-18 23:30:00
2026-05-19,GGL-CAM-002,Google Ads,GGL-ACC-001,Google Campaign 02,Conversions,753.82,45104,39923,1493,218,98,18841.31,USD,2026-05-19 23:30:00
2026-05-20,GGL-CAM-002,Google Ads,GGL-ACC-001,Google Campaign 02,Conversions,856.48,75200,65430,4406,419,179,36711.42,USD,2026-05-20 23:30:00
2026-05-21,GGL-CAM-002,Google Ads,GGL-ACC-001,Google Campaign 02,Conversions,521.79,44316,25791,1566,163,95,20070.19,USD,2026-05-21 23:30:00
2026-05-22,GGL-CAM-002,Google Ads,GGL-ACC-001,Google Campaign 02,Conversions,604.54,65768,53039,3952,610,283,25732.58,USD,2026-05-22 23:30:00
2026-05-23,GGL-CAM-002,Google Ads,GGL-ACC-001,Google Campaign 02,Conversions,606.44,44349,33965,2302,153,100,21179.82,USD,2026-05-23 23:30:00
2026-05-24,GGL-CAM-002,Google Ads,GGL-ACC-001,Google Campaign 02,Conversions,485.24,31982,27612,1743,237,129,12424.21,USD,2026-05-24 23:30:00
2026-05-25,GGL-CAM-002,Google Ads,GGL-ACC-001,Google Campaign 02,Conversions,604.54,42184,24146,2383,287,150,31303.51,USD,2026-05-25 23:30:00
2026-05-26,GGL-CAM-002,Google Ads,GGL-ACC-001,Google Campaign 02,Conversions,622.75,38747,31677,1421,165,84,6908.45,USD,2026-05-26 23:30:00
2026-05-27,GGL-CAM-002,Google Ads,GGL-ACC-001,Google Campaign 02,Conversions,574.14,49897,31808,2555,249,105,11279.48,USD,2026-05-27 23:30:00
2026-05-28,GGL-CAM-002,Google Ads,GGL-ACC-001,Google Campaign 02,Conversions,805.15,63572,55904,2951,326,173,24792.66,USD,2026-05-28 23:30:00
2026-05-29,GGL-CAM-002,Google Ads,GGL-ACC-001,Google Campaign 02,Conversions,692.63,41625,32707,1211,140,60,9322.68,USD,2026-05-29 23:30:00
2026-05-30,GGL-CAM-002,Google Ads,GGL-ACC-001,Google Campaign 02,Conversions,431.86,48135,29266,2539,246,129,11881.6,USD,2026-05-30 23:30:00
2026-05-31,GGL-CAM-002,Google Ads,GGL-ACC-001,Google Campaign 02,Conversions,446.66,26587,16802,921,106,51,5219.5,USD,2026-05-31 23:30:00
2026-06-01,GGL-CAM-002,Google Ads,GGL-ACC-001,Google Campaign 02,Conversions,662.42,70357,51011,4460,627,304,47557.85,USD,2026-06-01 23:30:00
2026-06-02,GGL-CAM-002,Google Ads,GGL-ACC-001,Google Campaign 02,Conversions,558.56,48437,30136,2897,417,206,37010.82,USD,2026-06-02 23:30:00
2026-06-03,GGL-CAM-002,Google Ads,GGL-ACC-001,Google Campaign 02,Conversions,663.63,58674,37471,3568,337,141,24755.97,USD,2026-06-03 23:30:00
2026-06-04,GGL-CAM-002,Google Ads,GGL-ACC-001,Google Campaign 02,Conversions,802.67,112897,69341,6089,768,415,88092.06,USD,2026-06-04 23:30:00
2026-06-05,GGL-CAM-002,Google Ads,GGL-ACC-001,Google Campaign 02,Conversions,652.76,39790,35366,2399,310,134,13751.72,USD,2026-06-05 23:30:00
2026-06-06,GGL-CAM-002,Google Ads,GGL-ACC-001,Google Campaign 02,Conversions,597.45,77267,44355,3935,306,156,21953.11,USD,2026-06-06 23:30:00
2026-06-07,GGL-CAM-002,Google Ads,GGL-ACC-001,Google Campaign 02,Conversions,572.8,51765,38406,2255,310,175,35689.08,USD,2026-06-07 23:30:00
2026-06-08,GGL-CAM-002,Google Ads,GGL-ACC-001,Google Campaign 02,Conversions,778.59,100709,81553,5605,727,395,84840.49,USD,2026-06-08 23:30:00
2026-06-09,GGL-CAM-002,Google Ads,GGL-ACC-001,Google Campaign 02,Conversions,832.7,93892,72422,3079,519,271,56173.99,USD,2026-06-09 23:30:00
2026-06-10,GGL-CAM-002,Google Ads,GGL-ACC-001,Google Campaign 02,Conversions,588.59,67489,49096,2966,437,212,31084.62,USD,2026-06-10 23:30:00
2026-06-11,GGL-CAM-002,Google Ads,GGL-ACC-001,Google Campaign 02,Conversions,802.83,88542,77799,2486,354,188,25753.22,USD,2026-06-11 23:30:00
2026-06-12,GGL-CAM-002,Google Ads,GGL-ACC-001,Google Campaign 02,Conversions,758.85,54202,44570,2058,199,93,12075.89,USD,2026-06-12 23:30:00
2026-06-13,GGL-CAM-002,Google Ads,GGL-ACC-001,Google Campaign 02,Conversions,484.52,31524,20023,1024,88,39,8463.26,USD,2026-06-13 23:30:00
2026-06-14,GGL-CAM-002,Google Ads,GGL-ACC-001,Google Campaign 02,Conversions,621.85,47358,27620,1257,176,104,12529.87,USD,2026-06-14 23:30:00
2026-06-15,GGL-CAM-002,Google Ads,GGL-ACC-001,Google Campaign 02,Conversions,815.34,45327,37363,1725,267,102,20620.81,USD,2026-06-15 23:30:00
2026-06-16,GGL-CAM-002,Google Ads,GGL-ACC-001,Google Campaign 02,Conversions,523.63,39585,30355,1484,207,114,15666.42,USD,2026-06-16 23:30:00
2026-06-17,GGL-CAM-002,Google Ads,GGL-ACC-001,Google Campaign 02,Conversions,719.54,54521,47698,2725,463,222,40673.41,USD,2026-06-17 23:30:00
2026-06-18,GGL-CAM-002,Google Ads,GGL-ACC-001,Google Campaign 02,Conversions,862.92,50110,39395,1938,272,135,16212.58,USD,2026-06-18 23:30:00
2026-06-19,GGL-CAM-002,Google Ads,GGL-ACC-001,Google Campaign 02,Conversions,691.67,47857,36973,1910,353,173,17859.14,USD,2026-06-19 23:30:00
2026-06-20,GGL-CAM-002,Google Ads,GGL-ACC-001,Google Campaign 02,Conversions,562.16,41358,32874,1330,178,109,17819.81,USD,2026-06-20 23:30:00
2026-06-21,GGL-CAM-002,Google Ads,GGL-ACC-001,Google Campaign 02,Conversions,515.68,31793,23975,1815,337,156,29940.5,USD,2026-06-21 23:30:00
2026-06-22,GGL-CAM-002,Google Ads,GGL-ACC-001,Google Campaign 02,Conversions,665.04,49184,42304,1927,132,59,6199.78,USD,2026-06-22 23:30:00
2026-06-23,GGL-CAM-002,Google Ads,GGL-ACC-001,Google Campaign 02,Conversions,863.48,94233,62886,5135,513,266,48618.12,USD,2026-06-23 23:30:00
2026-01-21,GGL-CAM-003,Google Ads,GGL-ACC-001,Google Campaign 03,Lead Generation,1040.1,134429,96007,8605,1367,644,128923.78,USD,2026-01-21 23:30:00
2026-01-22,GGL-CAM-003,Google Ads,GGL-ACC-001,Google Campaign 03,Lead Generation,1055.08,105994,67810,3077,279,134,13351.55,USD,2026-01-22 23:30:00
2026-01-23,GGL-CAM-003,Google Ads,GGL-ACC-001,Google Campaign 03,Lead Generation,985.09,90305,64982,4692,377,164,17442.59,USD,2026-01-23 23:30:00
2026-01-24,GGL-CAM-003,Google Ads,GGL-ACC-001,Google Campaign 03,Lead Generation,665.76,64470,37314,3064,510,243,26771.0,USD,2026-01-24 23:30:00
2026-01-25,GGL-CAM-003,Google Ads,GGL-ACC-001,Google Campaign 03,Lead Generation,613.9,50923,43374,1897,310,151,16117.36,USD,2026-01-25 23:30:00
2026-01-26,GGL-CAM-003,Google Ads,GGL-ACC-001,Google Campaign 03,Lead Generation,1019.44,97529,70134,4537,734,361,85876.91,USD,2026-01-26 23:30:00
2026-01-27,GGL-CAM-003,Google Ads,GGL-ACC-001,Google Campaign 03,Lead Generation,779.98,48085,29400,1897,312,154,26406.99,USD,2026-01-27 23:30:00
2026-01-28,GGL-CAM-003,Google Ads,GGL-ACC-001,Google Campaign 03,Lead Generation,737.99,55718,34257,2684,360,168,32034.56,USD,2026-01-28 23:30:00
2026-01-29,GGL-CAM-003,Google Ads,GGL-ACC-001,Google Campaign 03,Lead Generation,761.83,75690,62762,2554,251,134,27578.28,USD,2026-01-29 23:30:00
2026-01-30,GGL-CAM-003,Google Ads,GGL-ACC-001,Google Campaign 03,Lead Generation,979.51,88713,56544,2526,335,152,36646.32,USD,2026-01-30 23:30:00
2026-01-31,GGL-CAM-003,Google Ads,GGL-ACC-001,Google Campaign 03,Lead Generation,680.68,68785,49535,1721,295,152,27881.74,USD,2026-01-31 23:30:00
2026-02-01,GGL-CAM-003,Google Ads,GGL-ACC-001,Google Campaign 03,Lead Generation,556.16,32470,23396,863,90,55,5971.66,USD,2026-02-01 23:30:00
2026-02-02,GGL-CAM-003,Google Ads,GGL-ACC-001,Google Campaign 03,Lead Generation,809.68,69027,50300,3373,600,322,62977.62,USD,2026-02-02 23:30:00
2026-02-03,GGL-CAM-003,Google Ads,GGL-ACC-001,Google Campaign 03,Lead Generation,661.38,48042,30416,2950,380,183,29767.85,USD,2026-02-03 23:30:00
2026-02-04,GGL-CAM-003,Google Ads,GGL-ACC-001,Google Campaign 03,Lead Generation,759.85,100698,59806,5436,443,207,40340.86,USD,2026-02-04 23:30:00
2026-02-05,GGL-CAM-003,Google Ads,GGL-ACC-001,Google Campaign 03,Lead Generation,1036.34,66858,54912,2305,306,162,28538.71,USD,2026-02-05 23:30:00
2026-02-06,GGL-CAM-003,Google Ads,GGL-ACC-001,Google Campaign 03,Lead Generation,924.87,96555,81766,3746,282,160,35424.57,USD,2026-02-06 23:30:00
2026-02-07,GGL-CAM-003,Google Ads,GGL-ACC-001,Google Campaign 03,Lead Generation,570.07,32727,21894,1976,297,183,22727.06,USD,2026-02-07 23:30:00
2026-02-08,GGL-CAM-003,Google Ads,GGL-ACC-001,Google Campaign 03,Lead Generation,747.0,94936,55283,4054,386,228,28022.5,USD,2026-02-08 23:30:00
2026-02-09,GGL-CAM-003,Google Ads,GGL-ACC-001,Google Campaign 03,Lead Generation,830.52,94477,76890,4611,400,200,50587.08,USD,2026-02-09 23:30:00
2026-02-10,GGL-CAM-003,Google Ads,GGL-ACC-001,Google Campaign 03,Lead Generation,663.67,49687,43138,3039,474,250,56928.28,USD,2026-02-10 23:30:00
2026-02-11,GGL-CAM-003,Google Ads,GGL-ACC-001,Google Campaign 03,Lead Generation,718.71,68758,50606,3619,368,174,22089.22,USD,2026-02-11 23:30:00
2026-02-12,GGL-CAM-003,Google Ads,GGL-ACC-001,Google Campaign 03,Lead Generation,825.03,81144,65446,3628,369,171,29243.31,USD,2026-02-12 23:30:00
2026-02-13,GGL-CAM-003,Google Ads,GGL-ACC-001,Google Campaign 03,Lead Generation,920.25,64600,53640,4022,665,349,67054.7,USD,2026-02-13 23:30:00
2026-02-14,GGL-CAM-003,Google Ads,GGL-ACC-001,Google Campaign 03,Lead Generation,793.71,97399,76024,4682,571,268,24839.5,USD,2026-02-14 23:30:00
2026-02-15,GGL-CAM-003,Google Ads,GGL-ACC-001,Google Campaign 03,Lead Generation,574.78,44712,25379,1302,139,73,12204.28,USD,2026-02-15 23:30:00
2026-02-16,GGL-CAM-003,Google Ads,GGL-ACC-001,Google Campaign 03,Lead Generation,901.88,118974,85313,6267,737,362,49197.99,USD,2026-02-16 23:30:00
2026-02-17,GGL-CAM-003,Google Ads,GGL-ACC-001,Google Campaign 03,Lead Generation,729.13,67145,45883,2652,415,186,23730.55,USD,2026-02-17 23:30:00
2026-02-18,GGL-CAM-003,Google Ads,GGL-ACC-001,Google Campaign 03,Lead Generation,769.33,48408,27177,2804,279,181,29027.58,USD,2026-02-18 23:30:00
2026-02-19,GGL-CAM-003,Google Ads,GGL-ACC-001,Google Campaign 03,Lead Generation,1054.26,86192,65891,3560,302,158,26349.81,USD,2026-02-19 23:30:00
2026-02-20,GGL-CAM-003,Google Ads,GGL-ACC-001,Google Campaign 03,Lead Generation,874.87,50502,32289,2599,210,99,13638.6,USD,2026-02-20 23:30:00
2026-02-21,GGL-CAM-003,Google Ads,GGL-ACC-001,Google Campaign 03,Lead Generation,690.55,84578,47758,3315,386,166,34887.31,USD,2026-02-21 23:30:00
2026-02-22,GGL-CAM-003,Google Ads,GGL-ACC-001,Google Campaign 03,Lead Generation,553.99,47712,32974,1513,278,126,22719.74,USD,2026-02-22 23:30:00
2026-02-23,GGL-CAM-003,Google Ads,GGL-ACC-001,Google Campaign 03,Lead Generation,952.02,62319,43682,2882,422,224,38129.29,USD,2026-02-23 23:30:00
2026-02-24,GGL-CAM-003,Google Ads,GGL-ACC-001,Google Campaign 03,Lead Generation,846.44,75781,48893,4668,475,228,42565.13,USD,2026-02-24 23:30:00
2026-02-25,GGL-CAM-003,Google Ads,GGL-ACC-001,Google Campaign 03,Lead Generation,950.69,134464,120562,8623,1502,747,103676.96,USD,2026-02-25 23:30:00
2026-02-26,GGL-CAM-003,Google Ads,GGL-ACC-001,Google Campaign 03,Lead Generation,691.3,94914,70355,4664,696,369,67170.07,USD,2026-02-26 23:30:00
2026-02-27,GGL-CAM-003,Google Ads,GGL-ACC-001,Google Campaign 03,Lead Generation,963.02,83096,64947,2609,245,132,17235.72,USD,2026-02-27 23:30:00
2026-02-28,GGL-CAM-003,Google Ads,GGL-ACC-001,Google Campaign 03,Lead Generation,747.12,54826,38206,1728,154,114,12029.93,USD,2026-02-28 23:30:00
2026-03-01,GGL-CAM-003,Google Ads,GGL-ACC-001,Google Campaign 03,Lead Generation,489.12,64726,57659,1720,215,117,16890.44,USD,2026-03-01 23:30:00
2026-03-02,GGL-CAM-003,Google Ads,GGL-ACC-001,Google Campaign 03,Lead Generation,1025.72,78985,65713,2844,408,205,29470.42,USD,2026-03-02 23:30:00
2026-03-03,GGL-CAM-003,Google Ads,GGL-ACC-001,Google Campaign 03,Lead Generation,680.63,71890,58472,2447,409,194,40675.13,USD,2026-03-03 23:30:00
2026-03-04,GGL-CAM-003,Google Ads,GGL-ACC-001,Google Campaign 03,Lead Generation,808.28,106855,64525,4776,566,285,43063.34,USD,2026-03-04 23:30:00
2026-03-05,GGL-CAM-003,Google Ads,GGL-ACC-001,Google Campaign 03,Lead Generation,929.92,107607,83344,3844,416,180,24724.13,USD,2026-03-05 23:30:00
2026-03-06,GGL-CAM-003,Google Ads,GGL-ACC-001,Google Campaign 03,Lead Generation,738.06,74868,62778,4525,768,376,53234.9,USD,2026-03-06 23:30:00
2026-03-07,GGL-CAM-003,Google Ads,GGL-ACC-001,Google Campaign 03,Lead Generation,694.74,61119,47721,1910,319,136,21320.77,USD,2026-03-07 23:30:00
2026-03-08,GGL-CAM-003,Google Ads,GGL-ACC-001,Google Campaign 03,Lead Generation,678.14,50774,31507,3028,306,151,26726.36,USD,2026-03-08 23:30:00
2026-03-09,GGL-CAM-003,Google Ads,GGL-ACC-001,Google Campaign 03,Lead Generation,972.51,56283,33436,2958,455,223,34066.61,USD,2026-03-09 23:30:00
2026-03-10,GGL-CAM-003,Google Ads,GGL-ACC-001,Google Campaign 03,Lead Generation,928.55,52251,33784,2714,458,225,30532.22,USD,2026-03-10 23:30:00
2026-03-11,GGL-CAM-003,Google Ads,GGL-ACC-001,Google Campaign 03,Lead Generation,906.73,58671,49712,1997,291,155,19991.1,USD,2026-03-11 23:30:00
2026-03-12,GGL-CAM-003,Google Ads,GGL-ACC-001,Google Campaign 03,Lead Generation,1036.22,138255,77387,7516,805,394,59124.74,USD,2026-03-12 23:30:00
2026-03-13,GGL-CAM-003,Google Ads,GGL-ACC-001,Google Campaign 03,Lead Generation,766.2,54943,41774,2310,322,153,15590.78,USD,2026-03-13 23:30:00
2026-03-14,GGL-CAM-003,Google Ads,GGL-ACC-001,Google Campaign 03,Lead Generation,708.65,65917,36280,4066,467,224,23444.51,USD,2026-03-14 23:30:00
2026-03-15,GGL-CAM-003,Google Ads,GGL-ACC-001,Google Campaign 03,Lead Generation,669.85,67041,39088,2260,338,155,25539.27,USD,2026-03-15 23:30:00
2026-03-16,GGL-CAM-003,Google Ads,GGL-ACC-001,Google Campaign 03,Lead Generation,811.46,50255,33912,3102,446,230,25812.95,USD,2026-03-16 23:30:00
2026-03-17,GGL-CAM-003,Google Ads,GGL-ACC-001,Google Campaign 03,Lead Generation,1048.5,106997,81584,2730,338,179,37560.47,USD,2026-03-17 23:30:00
2026-03-18,GGL-CAM-003,Google Ads,GGL-ACC-001,Google Campaign 03,Lead Generation,681.17,60409,39689,2090,171,83,10799.35,USD,2026-03-18 23:30:00
2026-03-19,GGL-CAM-003,Google Ads,GGL-ACC-001,Google Campaign 03,Lead Generation,696.77,60961,49604,3163,464,235,34203.84,USD,2026-03-19 23:30:00
2026-03-20,GGL-CAM-003,Google Ads,GGL-ACC-001,Google Campaign 03,Lead Generation,719.57,43343,38454,1950,305,145,23538.22,USD,2026-03-20 23:30:00
2026-03-21,GGL-CAM-003,Google Ads,GGL-ACC-001,Google Campaign 03,Lead Generation,507.48,61975,47920,2735,378,155,24417.24,USD,2026-03-21 23:30:00
2026-03-22,GGL-CAM-003,Google Ads,GGL-ACC-001,Google Campaign 03,Lead Generation,560.69,34997,21574,933,116,54,10337.46,USD,2026-03-22 23:30:00
2026-03-23,GGL-CAM-003,Google Ads,GGL-ACC-001,Google Campaign 03,Lead Generation,648.87,44083,35913,2083,224,108,23719.34,USD,2026-03-23 23:30:00
2026-03-24,GGL-CAM-003,Google Ads,GGL-ACC-001,Google Campaign 03,Lead Generation,691.33,57629,41900,2391,431,210,25510.58,USD,2026-03-24 23:30:00
2026-03-25,GGL-CAM-003,Google Ads,GGL-ACC-001,Google Campaign 03,Lead Generation,791.28,90111,70366,4624,855,410,62494.58,USD,2026-03-25 23:30:00
2026-03-26,GGL-CAM-003,Google Ads,GGL-ACC-001,Google Campaign 03,Lead Generation,1041.19,87772,66145,4470,334,177,38680.73,USD,2026-03-26 23:30:00
2026-03-27,GGL-CAM-003,Google Ads,GGL-ACC-001,Google Campaign 03,Lead Generation,709.34,62135,53135,2393,188,108,16525.22,USD,2026-03-27 23:30:00
2026-03-28,GGL-CAM-003,Google Ads,GGL-ACC-001,Google Campaign 03,Lead Generation,505.32,37861,22830,1469,240,118,18024.19,USD,2026-03-28 23:30:00
2026-03-29,GGL-CAM-003,Google Ads,GGL-ACC-001,Google Campaign 03,Lead Generation,721.58,61356,51540,2995,226,121,29033.73,USD,2026-03-29 23:30:00
2026-03-30,GGL-CAM-003,Google Ads,GGL-ACC-001,Google Campaign 03,Lead Generation,1013.3,64879,47407,2341,380,248,26181.13,USD,2026-03-30 23:30:00
2026-03-31,GGL-CAM-003,Google Ads,GGL-ACC-001,Google Campaign 03,Lead Generation,985.37,73606,51814,4595,656,372,53677.54,USD,2026-03-31 23:30:00
2026-04-01,GGL-CAM-003,Google Ads,GGL-ACC-001,Google Campaign 03,Lead Generation,1024.93,72775,61074,2928,240,108,21299.51,USD,2026-04-01 23:30:00
2026-04-02,GGL-CAM-003,Google Ads,GGL-ACC-001,Google Campaign 03,Lead Generation,992.31,73678,54476,2882,473,233,45900.61,USD,2026-04-02 23:30:00
2026-04-03,GGL-CAM-003,Google Ads,GGL-ACC-001,Google Campaign 03,Lead Generation,718.8,52636,41228,1780,242,101,16294.93,USD,2026-04-03 23:30:00
2026-04-04,GGL-CAM-003,Google Ads,GGL-ACC-001,Google Campaign 03,Lead Generation,544.69,69112,47270,2949,262,126,14751.97,USD,2026-04-04 23:30:00
2026-04-05,GGL-CAM-003,Google Ads,GGL-ACC-001,Google Campaign 03,Lead Generation,502.72,30973,17563,954,135,62,7006.26,USD,2026-04-05 23:30:00
2026-04-06,GGL-CAM-003,Google Ads,GGL-ACC-001,Google Campaign 03,Lead Generation,915.36,113314,67212,3032,272,150,22804.72,USD,2026-04-06 23:30:00
2026-04-07,GGL-CAM-003,Google Ads,GGL-ACC-001,Google Campaign 03,Lead Generation,931.89,73353,40451,2555,280,166,34553.28,USD,2026-04-07 23:30:00
2026-04-08,GGL-CAM-003,Google Ads,GGL-ACC-001,Google Campaign 03,Lead Generation,817.18,56848,35980,2880,312,152,24047.49,USD,2026-04-08 23:30:00
2026-04-09,GGL-CAM-003,Google Ads,GGL-ACC-001,Google Campaign 03,Lead Generation,873.28,108258,89188,3481,541,273,49960.33,USD,2026-04-09 23:30:00
2026-04-10,GGL-CAM-003,Google Ads,GGL-ACC-001,Google Campaign 03,Lead Generation,735.79,41064,27388,1421,276,115,26893.05,USD,2026-04-10 23:30:00
2026-04-11,GGL-CAM-003,Google Ads,GGL-ACC-001,Google Campaign 03,Lead Generation,737.27,49021,36373,2049,251,152,31838.65,USD,2026-04-11 23:30:00
2026-04-12,GGL-CAM-003,Google Ads,GGL-ACC-001,Google Campaign 03,Lead Generation,696.08,60898,52826,2788,471,246,30219.04,USD,2026-04-12 23:30:00
2026-04-13,GGL-CAM-003,Google Ads,GGL-ACC-001,Google Campaign 03,Lead Generation,846.35,47263,33798,1575,180,84,14367.95,USD,2026-04-13 23:30:00
2026-04-14,GGL-CAM-003,Google Ads,GGL-ACC-001,Google Campaign 03,Lead Generation,650.69,49716,37216,2376,238,106,22590.33,USD,2026-04-14 23:30:00
2026-04-15,GGL-CAM-003,Google Ads,GGL-ACC-001,Google Campaign 03,Lead Generation,696.76,44214,24417,2405,342,155,23692.44,USD,2026-04-15 23:30:00
2026-04-16,GGL-CAM-003,Google Ads,GGL-ACC-001,Google Campaign 03,Lead Generation,889.45,71391,53021,2600,414,225,21852.18,USD,2026-04-16 23:30:00
2026-04-17,GGL-CAM-003,Google Ads,GGL-ACC-001,Google Campaign 03,Lead Generation,649.57,56577,35050,2594,462,237,26344.78,USD,2026-04-17 23:30:00
2026-04-18,GGL-CAM-003,Google Ads,GGL-ACC-001,Google Campaign 03,Lead Generation,616.42,63448,39648,2363,308,159,28487.26,USD,2026-04-18 23:30:00
2026-04-19,GGL-CAM-003,Google Ads,GGL-ACC-001,Google Campaign 03,Lead Generation,687.74,67984,58477,2788,481,229,18896.05,USD,2026-04-19 23:30:00
2026-04-20,GGL-CAM-003,Google Ads,GGL-ACC-001,Google Campaign 03,Lead Generation,1037.45,86140,55100,4098,578,282,60554.63,USD,2026-04-20 23:30:00
2026-04-21,GGL-CAM-003,Google Ads,GGL-ACC-001,Google Campaign 03,Lead Generation,927.87,98425,61357,3004,475,234,37577.43,USD,2026-04-21 23:30:00
2026-04-22,GGL-CAM-003,Google Ads,GGL-ACC-001,Google Campaign 03,Lead Generation,973.52,54870,41222,2788,461,254,36786.77,USD,2026-04-22 23:30:00
2026-04-23,GGL-CAM-003,Google Ads,GGL-ACC-001,Google Campaign 03,Lead Generation,915.21,98675,81326,4457,478,244,34205.36,USD,2026-04-23 23:30:00
2026-04-24,GGL-CAM-003,Google Ads,GGL-ACC-001,Google Campaign 03,Lead Generation,1000.92,58871,37500,2343,343,174,34488.64,USD,2026-04-24 23:30:00
2026-04-25,GGL-CAM-003,Google Ads,GGL-ACC-001,Google Campaign 03,Lead Generation,754.72,71971,56777,4127,663,366,56160.07,USD,2026-04-25 23:30:00
2026-04-26,GGL-CAM-003,Google Ads,GGL-ACC-001,Google Campaign 03,Lead Generation,518.34,48680,32376,2191,324,147,27811.5,USD,2026-04-26 23:30:00
2026-04-27,GGL-CAM-003,Google Ads,GGL-ACC-001,Google Campaign 03,Lead Generation,773.44,54141,32977,2981,504,256,65999.58,USD,2026-04-27 23:30:00
2026-04-28,GGL-CAM-003,Google Ads,GGL-ACC-001,Google Campaign 03,Lead Generation,803.51,105864,77163,5684,724,327,75777.61,USD,2026-04-28 23:30:00
2026-04-29,GGL-CAM-003,Google Ads,GGL-ACC-001,Google Campaign 03,Lead Generation,942.59,69066,59241,2999,494,219,45030.79,USD,2026-04-29 23:30:00
2026-04-30,GGL-CAM-003,Google Ads,GGL-ACC-001,Google Campaign 03,Lead Generation,660.08,44066,36196,1300,138,78,16338.2,USD,2026-04-30 23:30:00
2026-05-01,GGL-CAM-003,Google Ads,GGL-ACC-001,Google Campaign 03,Lead Generation,1056.24,93271,80023,2851,204,98,16521.17,USD,2026-05-01 23:30:00
2026-05-02,GGL-CAM-003,Google Ads,GGL-ACC-001,Google Campaign 03,Lead Generation,559.94,44578,36766,2019,185,69,15998.98,USD,2026-05-02 23:30:00
2026-05-03,GGL-CAM-003,Google Ads,GGL-ACC-001,Google Campaign 03,Lead Generation,626.51,68450,61502,3957,577,267,41985.67,USD,2026-05-03 23:30:00
2026-05-04,GGL-CAM-003,Google Ads,GGL-ACC-001,Google Campaign 03,Lead Generation,727.08,61680,49948,3813,377,202,21885.01,USD,2026-05-04 23:30:00
2026-05-05,GGL-CAM-003,Google Ads,GGL-ACC-001,Google Campaign 03,Lead Generation,1036.2,117138,89899,3492,283,133,25422.46,USD,2026-05-05 23:30:00
2026-05-06,GGL-CAM-003,Google Ads,GGL-ACC-001,Google Campaign 03,Lead Generation,739.23,49593,33199,1459,101,38,9912.12,USD,2026-05-06 23:30:00
2026-05-07,GGL-CAM-003,Google Ads,GGL-ACC-001,Google Campaign 03,Lead Generation,1009.42,84924,49602,4418,546,291,70634.39,USD,2026-05-07 23:30:00
2026-05-08,GGL-CAM-003,Google Ads,GGL-ACC-001,Google Campaign 03,Lead Generation,740.1,50107,31788,1945,148,77,10921.98,USD,2026-05-08 23:30:00
2026-05-09,GGL-CAM-003,Google Ads,GGL-ACC-001,Google Campaign 03,Lead Generation,573.18,59898,52931,1660,161,73,11160.69,USD,2026-05-09 23:30:00
2026-05-10,GGL-CAM-003,Google Ads,GGL-ACC-001,Google Campaign 03,Lead Generation,532.52,69497,60344,2564,288,142,17078.71,USD,2026-05-10 23:30:00
2026-05-11,GGL-CAM-003,Google Ads,GGL-ACC-001,Google Campaign 03,Lead Generation,1047.56,115225,84013,6665,830,417,36208.21,USD,2026-05-11 23:30:00
2026-05-12,GGL-CAM-003,Google Ads,GGL-ACC-001,Google Campaign 03,Lead Generation,1018.87,65887,48795,4110,699,331,68228.61,USD,2026-05-12 23:30:00
2026-05-13,GGL-CAM-003,Google Ads,GGL-ACC-001,Google Campaign 03,Lead Generation,854.68,97581,56656,5137,485,241,33372.1,USD,2026-05-13 23:30:00
2026-05-14,GGL-CAM-003,Google Ads,GGL-ACC-001,Google Campaign 03,Lead Generation,1047.65,93951,82838,3902,286,173,21946.64,USD,2026-05-14 23:30:00
2026-05-15,GGL-CAM-003,Google Ads,GGL-ACC-001,Google Campaign 03,Lead Generation,802.75,93853,82433,5212,455,226,47912.16,USD,2026-05-15 23:30:00
2026-05-16,GGL-CAM-003,Google Ads,GGL-ACC-001,Google Campaign 03,Lead Generation,502.05,29369,22284,1776,264,118,22297.91,USD,2026-05-16 23:30:00
2026-05-17,GGL-CAM-003,Google Ads,GGL-ACC-001,Google Campaign 03,Lead Generation,555.94,34837,24879,1403,115,55,5989.2,USD,2026-05-17 23:30:00
2026-05-18,GGL-CAM-003,Google Ads,GGL-ACC-001,Google Campaign 03,Lead Generation,786.25,49729,37964,1601,125,70,13502.39,USD,2026-05-18 23:30:00
2026-05-19,GGL-CAM-003,Google Ads,GGL-ACC-001,Google Campaign 03,Lead Generation,767.07,79498,52284,3217,239,109,10835.38,USD,2026-05-19 23:30:00
2026-05-20,GGL-CAM-003,Google Ads,GGL-ACC-001,Google Campaign 03,Lead Generation,956.32,55642,33840,1750,317,156,17132.89,USD,2026-05-20 23:30:00
2026-05-21,GGL-CAM-003,Google Ads,GGL-ACC-001,Google Campaign 03,Lead Generation,784.49,45926,28907,1750,190,100,20183.4,USD,2026-05-21 23:30:00
2026-05-22,GGL-CAM-003,Google Ads,GGL-ACC-001,Google Campaign 03,Lead Generation,1050.17,69167,56492,4272,481,247,35628.1,USD,2026-05-22 23:30:00
2026-05-23,GGL-CAM-003,Google Ads,GGL-ACC-001,Google Campaign 03,Lead Generation,596.19,37425,29409,1447,183,88,18556.99,USD,2026-05-23 23:30:00
2026-05-24,GGL-CAM-003,Google Ads,GGL-ACC-001,Google Campaign 03,Lead Generation,539.61,45140,32451,2480,272,144,28659.63,USD,2026-05-24 23:30:00
2026-05-25,GGL-CAM-003,Google Ads,GGL-ACC-001,Google Campaign 03,Lead Generation,822.16,87684,61935,5584,831,414,89508.75,USD,2026-05-25 23:30:00
2026-05-26,GGL-CAM-003,Google Ads,GGL-ACC-001,Google Campaign 03,Lead Generation,1056.88,126452,101773,4203,304,138,11855.83,USD,2026-05-26 23:30:00
2026-05-27,GGL-CAM-003,Google Ads,GGL-ACC-001,Google Campaign 03,Lead Generation,884.64,65033,43230,3528,510,265,55471.96,USD,2026-05-27 23:30:00
2026-05-28,GGL-CAM-003,Google Ads,GGL-ACC-001,Google Campaign 03,Lead Generation,1004.52,62887,38589,3074,326,168,29870.99,USD,2026-05-28 23:30:00
2026-05-29,GGL-CAM-003,Google Ads,GGL-ACC-001,Google Campaign 03,Lead Generation,910.99,77637,66012,2454,353,168,29123.57,USD,2026-05-29 23:30:00
2026-05-30,GGL-CAM-003,Google Ads,GGL-ACC-001,Google Campaign 03,Lead Generation,777.58,54239,35579,2300,378,202,35431.82,USD,2026-05-30 23:30:00
2026-05-31,GGL-CAM-003,Google Ads,GGL-ACC-001,Google Campaign 03,Lead Generation,601.46,46780,35593,2225,290,161,19190.01,USD,2026-05-31 23:30:00
2026-06-01,GGL-CAM-003,Google Ads,GGL-ACC-001,Google Campaign 03,Lead Generation,724.23,58463,41111,2697,278,156,27435.83,USD,2026-06-01 23:30:00
2026-06-02,GGL-CAM-003,Google Ads,GGL-ACC-001,Google Campaign 03,Lead Generation,1033.57,102901,68708,4869,496,263,60013.9,USD,2026-06-02 23:30:00
2026-06-03,GGL-CAM-003,Google Ads,GGL-ACC-001,Google Campaign 03,Lead Generation,846.86,49449,28493,1259,162,83,16336.49,USD,2026-06-03 23:30:00
2026-06-04,GGL-CAM-003,Google Ads,GGL-ACC-001,Google Campaign 03,Lead Generation,855.35,104722,59530,6126,623,310,31825.07,USD,2026-06-04 23:30:00
2026-06-05,GGL-CAM-003,Google Ads,GGL-ACC-001,Google Campaign 03,Lead Generation,1000.01,61821,46354,1837,129,63,10036.53,USD,2026-06-05 23:30:00
2026-06-06,GGL-CAM-003,Google Ads,GGL-ACC-001,Google Campaign 03,Lead Generation,511.79,48025,34515,1806,144,76,10874.86,USD,2026-06-06 23:30:00
2026-06-07,GGL-CAM-003,Google Ads,GGL-ACC-001,Google Campaign 03,Lead Generation,497.95,32470,24213,1177,125,61,15423.84,USD,2026-06-07 23:30:00
2026-06-08,GGL-CAM-003,Google Ads,GGL-ACC-001,Google Campaign 03,Lead Generation,800.78,63241,51745,1832,148,68,16340.62,USD,2026-06-08 23:30:00
2026-06-09,GGL-CAM-003,Google Ads,GGL-ACC-001,Google Campaign 03,Lead Generation,905.95,78980,62136,4754,642,312,75646.13,USD,2026-06-09 23:30:00
2026-06-10,GGL-CAM-003,Google Ads,GGL-ACC-001,Google Campaign 03,Lead Generation,736.27,71408,63883,2310,354,181,26083.37,USD,2026-06-10 23:30:00
2026-06-11,GGL-CAM-003,Google Ads,GGL-ACC-001,Google Campaign 03,Lead Generation,821.48,88329,75948,2668,235,125,28108.45,USD,2026-06-11 23:30:00
2026-06-12,GGL-CAM-003,Google Ads,GGL-ACC-001,Google Campaign 03,Lead Generation,993.86,124954,99373,5814,1045,507,71352.4,USD,2026-06-12 23:30:00
2026-06-13,GGL-CAM-003,Google Ads,GGL-ACC-001,Google Campaign 03,Lead Generation,716.27,46455,36001,2888,271,111,26649.09,USD,2026-06-13 23:30:00
2026-06-14,GGL-CAM-003,Google Ads,GGL-ACC-001,Google Campaign 03,Lead Generation,618.99,41558,31703,2662,288,164,33386.1,USD,2026-06-14 23:30:00
2026-06-15,GGL-CAM-003,Google Ads,GGL-ACC-001,Google Campaign 03,Lead Generation,767.9,64582,48705,3532,340,167,14304.21,USD,2026-06-15 23:30:00
2026-06-16,GGL-CAM-003,Google Ads,GGL-ACC-001,Google Campaign 03,Lead Generation,818.84,48951,38253,1520,226,109,21867.83,USD,2026-06-16 23:30:00
2026-06-17,GGL-CAM-003,Google Ads,GGL-ACC-001,Google Campaign 03,Lead Generation,854.09,115068,81688,4571,813,439,74562.82,USD,2026-06-17 23:30:00
2026-06-18,GGL-CAM-003,Google Ads,GGL-ACC-001,Google Campaign 03,Lead Generation,675.45,55245,47356,2234,378,215,40794.02,USD,2026-06-18 23:30:00
2026-06-19,GGL-CAM-003,Google Ads,GGL-ACC-001,Google Campaign 03,Lead Generation,1054.56,114081,70437,6623,858,436,40305.8,USD,2026-06-19 23:30:00
2026-06-20,GGL-CAM-003,Google Ads,GGL-ACC-001,Google Campaign 03,Lead Generation,552.74,65648,47255,2423,332,173,31880.93,USD,2026-06-20 23:30:00
2026-06-21,GGL-CAM-003,Google Ads,GGL-ACC-001,Google Campaign 03,Lead Generation,794.72,88589,49944,5372,604,283,50330.12,USD,2026-06-21 23:30:00
2026-06-22,GGL-CAM-003,Google Ads,GGL-ACC-001,Google Campaign 03,Lead Generation,898.44,124087,107044,6946,574,291,50267.7,USD,2026-06-22 23:30:00
2026-06-23,GGL-CAM-003,Google Ads,GGL-ACC-001,Google Campaign 03,Lead Generation,1018.54,86601,63057,4020,490,269,45447.43,USD,2026-06-23 23:30:00
2026-06-24,GGL-CAM-003,Google Ads,GGL-ACC-001,Google Campaign 03,Lead Generation,887.31,74059,55728,2677,453,225,21722.89,USD,2026-06-24 23:30:00
2026-06-25,GGL-CAM-003,Google Ads,GGL-ACC-001,Google Campaign 03,Lead Generation,750.35,94881,63305,2958,332,168,31716.95,USD,2026-06-25 23:30:00
2026-06-26,GGL-CAM-003,Google Ads,GGL-ACC-001,Google Campaign 03,Lead Generation,1044.54,78658,62337,4828,333,150,31263.74,USD,2026-06-26 23:30:00
2026-06-27,GGL-CAM-003,Google Ads,GGL-ACC-001,Google Campaign 03,Lead Generation,650.61,43187,32871,2799,316,139,23720.02,USD,2026-06-27 23:30:00
2026-06-28,GGL-CAM-003,Google Ads,GGL-ACC-001,Google Campaign 03,Lead Generation,796.82,83876,56317,3921,555,293,47313.57,USD,2026-06-28 23:30:00
2026-06-29,GGL-CAM-003,Google Ads,GGL-ACC-001,Google Campaign 03,Lead Generation,885.89,75395,48350,4242,527,254,53183.7,USD,2026-06-29 23:30:00
2026-06-30,GGL-CAM-003,Google Ads,GGL-ACC-001,Google Campaign 03,Lead Generation,1052.48,148237,111783,7549,930,481,83761.58,USD,2026-06-30 23:30:00
2026-01-28,GGL-CAM-004,Google Ads,GGL-ACC-001,Google Campaign 04,Lead Generation,161.69,10852,9640,432,36,23,4082.86,USD,2026-01-28 23:30:00
2026-01-29,GGL-CAM-004,Google Ads,GGL-ACC-001,Google Campaign 04,Lead Generation,151.36,12742,8415,482,57,35,6463.6,USD,2026-01-29 23:30:00
2026-01-30,GGL-CAM-004,Google Ads,GGL-ACC-001,Google Campaign 04,Lead Generation,211.22,17032,12987,644,56,28,4067.28,USD,2026-01-30 23:30:00
2026-01-31,GGL-CAM-004,Google Ads,GGL-ACC-001,Google Campaign 04,Lead Generation,143.35,17976,11139,936,63,35,5474.68,USD,2026-01-31 23:30:00
2026-02-01,GGL-CAM-004,Google Ads,GGL-ACC-001,Google Campaign 04,Lead Generation,114.56,10581,7177,527,70,29,2888.99,USD,2026-02-01 23:30:00
2026-02-02,GGL-CAM-004,Google Ads,GGL-ACC-001,Google Campaign 04,Lead Generation,148.64,13154,11186,842,146,57,12968.6,USD,2026-02-02 23:30:00
2026-02-03,GGL-CAM-004,Google Ads,GGL-ACC-001,Google Campaign 04,Lead Generation,133.22,8176,6689,322,53,26,3766.58,USD,2026-02-03 23:30:00
2026-02-04,GGL-CAM-004,Google Ads,GGL-ACC-001,Google Campaign 04,Lead Generation,190.07,18372,11870,1055,100,48,7687.84,USD,2026-02-04 23:30:00
2026-02-05,GGL-CAM-004,Google Ads,GGL-ACC-001,Google Campaign 04,Lead Generation,176.61,14453,9518,554,72,39,8689.75,USD,2026-02-05 23:30:00
2026-02-06,GGL-CAM-004,Google Ads,GGL-ACC-001,Google Campaign 04,Lead Generation,167.62,18625,15301,841,102,36,4086.37,USD,2026-02-06 23:30:00
2026-02-07,GGL-CAM-004,Google Ads,GGL-ACC-001,Google Campaign 04,Lead Generation,149.42,9404,6604,523,38,23,3752.62,USD,2026-02-07 23:30:00
2026-02-08,GGL-CAM-004,Google Ads,GGL-ACC-001,Google Campaign 04,Lead Generation,146.9,14375,10257,672,50,22,4298.47,USD,2026-02-08 23:30:00
2026-02-09,GGL-CAM-004,Google Ads,GGL-ACC-001,Google Campaign 04,Lead Generation,181.45,22198,14229,1131,183,76,14501.75,USD,2026-02-09 23:30:00
2026-02-10,GGL-CAM-004,Google Ads,GGL-ACC-001,Google Campaign 04,Lead Generation,188.64,16789,15096,1052,140,60,12298.58,USD,2026-02-10 23:30:00
2026-02-11,GGL-CAM-004,Google Ads,GGL-ACC-001,Google Campaign 04,Lead Generation,187.48,18938,15863,684,136,64,5214.53,USD,2026-02-11 23:30:00
2026-02-12,GGL-CAM-004,Google Ads,GGL-ACC-001,Google Campaign 04,Lead Generation,211.87,15016,11945,764,61,41,8441.5,USD,2026-02-12 23:30:00
2026-02-13,GGL-CAM-004,Google Ads,GGL-ACC-001,Google Campaign 04,Lead Generation,207.27,17196,11624,467,46,29,5309.53,USD,2026-02-13 23:30:00
2026-02-14,GGL-CAM-004,Google Ads,GGL-ACC-001,Google Campaign 04,Lead Generation,141.8,11569,8783,453,60,29,4732.66,USD,2026-02-14 23:30:00
2026-02-15,GGL-CAM-004,Google Ads,GGL-ACC-001,Google Campaign 04,Lead Generation,100.94,6092,5220,369,46,24,4201.14,USD,2026-02-15 23:30:00
2026-02-16,GGL-CAM-004,Google Ads,GGL-ACC-001,Google Campaign 04,Lead Generation,205.78,21269,14246,1000,79,53,5476.22,USD,2026-02-16 23:30:00
2026-02-17,GGL-CAM-004,Google Ads,GGL-ACC-001,Google Campaign 04,Lead Generation,143.94,11062,6151,316,43,19,3714.03,USD,2026-02-17 23:30:00
2026-02-18,GGL-CAM-004,Google Ads,GGL-ACC-001,Google Campaign 04,Lead Generation,157.86,20938,15771,1003,145,83,11972.82,USD,2026-02-18 23:30:00
2026-02-19,GGL-CAM-004,Google Ads,GGL-ACC-001,Google Campaign 04,Lead Generation,138.78,9155,5625,476,34,16,2373.97,USD,2026-02-19 23:30:00
2026-02-20,GGL-CAM-004,Google Ads,GGL-ACC-001,Google Campaign 04,Lead Generation,194.71,23855,15509,1371,168,97,19591.82,USD,2026-02-20 23:30:00
2026-02-21,GGL-CAM-004,Google Ads,GGL-ACC-001,Google Campaign 04,Lead Generation,133.13,9478,8247,356,64,25,2371.33,USD,2026-02-21 23:30:00
2026-02-22,GGL-CAM-004,Google Ads,GGL-ACC-001,Google Campaign 04,Lead Generation,154.38,16548,12539,509,82,31,5399.51,USD,2026-02-22 23:30:00
2026-02-23,GGL-CAM-004,Google Ads,GGL-ACC-001,Google Campaign 04,Lead Generation,212.01,13853,12056,517,63,27,3769.59,USD,2026-02-23 23:30:00
2026-02-24,GGL-CAM-004,Google Ads,GGL-ACC-001,Google Campaign 04,Lead Generation,205.43,20702,13586,1259,97,50,8542.97,USD,2026-02-24 23:30:00
2026-02-25,GGL-CAM-004,Google Ads,GGL-ACC-001,Google Campaign 04,Lead Generation,195.92,24418,14855,750,59,24,3238.04,USD,2026-02-25 23:30:00
2026-02-26,GGL-CAM-004,Google Ads,GGL-ACC-001,Google Campaign 04,Lead Generation,173.87,10131,7187,586,60,35,5681.25,USD,2026-02-26 23:30:00
2026-02-27,GGL-CAM-004,Google Ads,GGL-ACC-001,Google Campaign 04,Lead Generation,141.98,8450,7339,403,73,36,9318.54,USD,2026-02-27 23:30:00
2026-02-28,GGL-CAM-004,Google Ads,GGL-ACC-001,Google Campaign 04,Lead Generation,115.88,10336,5928,519,47,42,6053.14,USD,2026-02-28 23:30:00
2026-03-01,GGL-CAM-004,Google Ads,GGL-ACC-001,Google Campaign 04,Lead Generation,112.47,11306,9475,695,98,53,9387.34,USD,2026-03-01 23:30:00
2026-03-02,GGL-CAM-004,Google Ads,GGL-ACC-001,Google Campaign 04,Lead Generation,137.19,14312,12459,731,81,37,7564.94,USD,2026-03-02 23:30:00
2026-03-03,GGL-CAM-004,Google Ads,GGL-ACC-001,Google Campaign 04,Lead Generation,210.32,16783,11452,953,80,33,8548.44,USD,2026-03-03 23:30:00
2026-03-04,GGL-CAM-004,Google Ads,GGL-ACC-001,Google Campaign 04,Lead Generation,163.54,20512,15451,793,142,79,12912.22,USD,2026-03-04 23:30:00
2026-03-05,GGL-CAM-004,Google Ads,GGL-ACC-001,Google Campaign 04,Lead Generation,188.49,10948,7406,491,81,44,6013.83,USD,2026-03-05 23:30:00
2026-03-06,GGL-CAM-004,Google Ads,GGL-ACC-001,Google Campaign 04,Lead Generation,164.89,12799,9861,830,117,57,12486.14,USD,2026-03-06 23:30:00
2026-03-07,GGL-CAM-004,Google Ads,GGL-ACC-001,Google Campaign 04,Lead Generation,151.93,13107,7954,403,38,13,1204.69,USD,2026-03-07 23:30:00
2026-03-08,GGL-CAM-004,Google Ads,GGL-ACC-001,Google Campaign 04,Lead Generation,144.81,8247,6031,487,72,32,4767.85,USD,2026-03-08 23:30:00
2026-03-09,GGL-CAM-004,Google Ads,GGL-ACC-001,Google Campaign 04,Lead Generation,190.51,26900,20707,1127,185,76,10947.85,USD,2026-03-09 23:30:00
2026-03-10,GGL-CAM-004,Google Ads,GGL-ACC-001,Google Campaign 04,Lead Generation,185.14,11478,10312,477,45,23,4846.71,USD,2026-03-10 23:30:00
2026-03-11,GGL-CAM-004,Google Ads,GGL-ACC-001,Google Campaign 04,Lead Generation,196.36,15987,11388,710,83,46,9499.58,USD,2026-03-11 23:30:00
2026-03-12,GGL-CAM-004,Google Ads,GGL-ACC-001,Google Campaign 04,Lead Generation,173.51,17880,13732,1101,114,62,12700.03,USD,2026-03-12 23:30:00
2026-03-13,GGL-CAM-004,Google Ads,GGL-ACC-001,Google Campaign 04,Lead Generation,162.7,13654,12214,766,76,47,4717.84,USD,2026-03-13 23:30:00
2026-03-14,GGL-CAM-004,Google Ads,GGL-ACC-001,Google Campaign 04,Lead Generation,157.84,11013,8652,401,52,21,2420.47,USD,2026-03-14 23:30:00
2026-03-15,GGL-CAM-004,Google Ads,GGL-ACC-001,Google Campaign 04,Lead Generation,111.91,8133,5643,493,41,23,3000.92,USD,2026-03-15 23:30:00
2026-03-16,GGL-CAM-004,Google Ads,GGL-ACC-001,Google Campaign 04,Lead Generation,157.17,16410,12565,423,72,32,8168.91,USD,2026-03-16 23:30:00
2026-03-17,GGL-CAM-004,Google Ads,GGL-ACC-001,Google Campaign 04,Lead Generation,193.71,25850,21376,1289,119,75,11962.48,USD,2026-03-17 23:30:00
2026-03-18,GGL-CAM-004,Google Ads,GGL-ACC-001,Google Campaign 04,Lead Generation,209.29,22724,12633,1299,219,83,11551.96,USD,2026-03-18 23:30:00
2026-03-19,GGL-CAM-004,Google Ads,GGL-ACC-001,Google Campaign 04,Lead Generation,176.4,10043,7428,268,27,18,1415.77,USD,2026-03-19 23:30:00
2026-03-20,GGL-CAM-004,Google Ads,GGL-ACC-001,Google Campaign 04,Lead Generation,170.97,14181,12129,637,46,29,5038.15,USD,2026-03-20 23:30:00
2026-03-21,GGL-CAM-004,Google Ads,GGL-ACC-001,Google Campaign 04,Lead Generation,100.68,7325,4258,229,38,22,3741.81,USD,2026-03-21 23:30:00
2026-03-22,GGL-CAM-004,Google Ads,GGL-ACC-001,Google Campaign 04,Lead Generation,101.82,8779,6743,519,78,38,3508.77,USD,2026-03-22 23:30:00
2026-03-23,GGL-CAM-004,Google Ads,GGL-ACC-001,Google Campaign 04,Lead Generation,148.13,13569,8226,767,66,29,5273.35,USD,2026-03-23 23:30:00
2026-03-24,GGL-CAM-004,Google Ads,GGL-ACC-001,Google Campaign 04,Lead Generation,197.54,13434,11376,743,76,41,6586.82,USD,2026-03-24 23:30:00
2026-03-25,GGL-CAM-004,Google Ads,GGL-ACC-001,Google Campaign 04,Lead Generation,199.02,16020,13262,702,92,42,8399.25,USD,2026-03-25 23:30:00
2026-03-26,GGL-CAM-004,Google Ads,GGL-ACC-001,Google Campaign 04,Lead Generation,209.03,16924,11222,649,42,23,2490.44,USD,2026-03-26 23:30:00
2026-03-27,GGL-CAM-004,Google Ads,GGL-ACC-001,Google Campaign 04,Lead Generation,210.42,16204,10080,762,83,39,6603.72,USD,2026-03-27 23:30:00
2026-03-28,GGL-CAM-004,Google Ads,GGL-ACC-001,Google Campaign 04,Lead Generation,117.7,7951,6745,205,27,12,2143.92,USD,2026-03-28 23:30:00
2026-03-29,GGL-CAM-004,Google Ads,GGL-ACC-001,Google Campaign 04,Lead Generation,116.45,12684,7846,760,80,51,8849.48,USD,2026-03-29 23:30:00
2026-03-30,GGL-CAM-004,Google Ads,GGL-ACC-001,Google Campaign 04,Lead Generation,174.52,10040,5921,643,69,31,6131.34,USD,2026-03-30 23:30:00
2026-03-31,GGL-CAM-004,Google Ads,GGL-ACC-001,Google Campaign 04,Lead Generation,171.52,24353,17993,1582,252,118,26432.34,USD,2026-03-31 23:30:00
2026-04-01,GGL-CAM-004,Google Ads,GGL-ACC-001,Google Campaign 04,Lead Generation,207.66,26445,22652,680,44,30,4013.03,USD,2026-04-01 23:30:00
2026-04-02,GGL-CAM-004,Google Ads,GGL-ACC-001,Google Campaign 04,Lead Generation,181.37,11615,7149,368,42,33,4676.71,USD,2026-04-02 23:30:00
2026-04-03,GGL-CAM-004,Google Ads,GGL-ACC-001,Google Campaign 04,Lead Generation,199.37,27099,19541,1483,221,99,10125.95,USD,2026-04-03 23:30:00
2026-04-04,GGL-CAM-004,Google Ads,GGL-ACC-001,Google Campaign 04,Lead Generation,99.39,8656,6462,557,30,23,2581.27,USD,2026-04-04 23:30:00
2026-04-05,GGL-CAM-004,Google Ads,GGL-ACC-001,Google Campaign 04,Lead Generation,109.46,12328,9553,405,44,26,4930.33,USD,2026-04-05 23:30:00
2026-04-06,GGL-CAM-004,Google Ads,GGL-ACC-001,Google Campaign 04,Lead Generation,148.79,9531,8311,595,79,51,5613.18,USD,2026-04-06 23:30:00
2026-04-07,GGL-CAM-004,Google Ads,GGL-ACC-001,Google Campaign 04,Lead Generation,156.8,11078,7452,317,45,26,3248.9,USD,2026-04-07 23:30:00
2026-04-08,GGL-CAM-004,Google Ads,GGL-ACC-001,Google Campaign 04,Lead Generation,159.88,10314,6110,589,59,29,4366.21,USD,2026-04-08 23:30:00
2026-04-09,GGL-CAM-004,Google Ads,GGL-ACC-001,Google Campaign 04,Lead Generation,205.8,11532,8969,648,72,37,6824.02,USD,2026-04-09 23:30:00
2026-04-10,GGL-CAM-004,Google Ads,GGL-ACC-001,Google Campaign 04,Lead Generation,174.46,10550,8461,641,96,60,6811.63,USD,2026-04-10 23:30:00
2026-04-11,GGL-CAM-004,Google Ads,GGL-ACC-001,Google Campaign 04,Lead Generation,97.17,12226,10368,532,57,22,2741.44,USD,2026-04-11 23:30:00
2026-04-12,GGL-CAM-004,Google Ads,GGL-ACC-001,Google Campaign 04,Lead Generation,158.83,18209,10433,1165,168,80,14908.23,USD,2026-04-12 23:30:00
2026-04-13,GGL-CAM-004,Google Ads,GGL-ACC-001,Google Campaign 04,Lead Generation,159.13,12200,9757,593,94,50,6922.27,USD,2026-04-13 23:30:00
2026-04-14,GGL-CAM-004,Google Ads,GGL-ACC-001,Google Campaign 04,Lead Generation,210.51,22678,19363,1082,172,88,12887.1,USD,2026-04-14 23:30:00
2026-04-15,GGL-CAM-004,Google Ads,GGL-ACC-001,Google Campaign 04,Lead Generation,154.6,9261,6332,361,28,18,3874.47,USD,2026-04-15 23:30:00
2026-04-16,GGL-CAM-004,Google Ads,GGL-ACC-001,Google Campaign 04,Lead Generation,197.05,16594,12478,664,68,34,6127.41,USD,2026-04-16 23:30:00
2026-04-17,GGL-CAM-004,Google Ads,GGL-ACC-001,Google Campaign 04,Lead Generation,174.6,12360,8816,323,39,20,3237.36,USD,2026-04-17 23:30:00
2026-04-18,GGL-CAM-004,Google Ads,GGL-ACC-001,Google Campaign 04,Lead Generation,128.58,16962,11028,449,69,29,4892.36,USD,2026-04-18 23:30:00
2026-04-19,GGL-CAM-004,Google Ads,GGL-ACC-001,Google Campaign 04,Lead Generation,122.75,12625,6976,641,108,33,7495.04,USD,2026-04-19 23:30:00
2026-04-20,GGL-CAM-004,Google Ads,GGL-ACC-001,Google Campaign 04,Lead Generation,210.67,16587,11826,439,71,30,5950.19,USD,2026-04-20 23:30:00
2026-04-21,GGL-CAM-004,Google Ads,GGL-ACC-001,Google Campaign 04,Lead Generation,158.47,16433,10242,719,81,36,7172.99,USD,2026-04-21 23:30:00
2026-04-22,GGL-CAM-004,Google Ads,GGL-ACC-001,Google Campaign 04,Lead Generation,203.96,27437,21125,1499,235,124,28808.96,USD,2026-04-22 23:30:00
2026-04-23,GGL-CAM-004,Google Ads,GGL-ACC-001,Google Campaign 04,Lead Generation,135.54,10323,7269,564,57,27,4476.77,USD,2026-04-23 23:30:00
2026-04-24,GGL-CAM-004,Google Ads,GGL-ACC-001,Google Campaign 04,Lead Generation,202.56,12331,8302,645,107,50,5208.77,USD,2026-04-24 23:30:00
2026-04-25,GGL-CAM-004,Google Ads,GGL-ACC-001,Google Campaign 04,Lead Generation,120.69,7349,5238,300,27,20,3524.81,USD,2026-04-25 23:30:00
2026-04-26,GGL-CAM-004,Google Ads,GGL-ACC-001,Google Campaign 04,Lead Generation,156.67,20504,16836,727,101,48,5474.54,USD,2026-04-26 23:30:00
2026-04-27,GGL-CAM-004,Google Ads,GGL-ACC-001,Google Campaign 04,Lead Generation,173.21,13138,9705,618,56,22,2464.75,USD,2026-04-27 23:30:00
2026-04-28,GGL-CAM-004,Google Ads,GGL-ACC-001,Google Campaign 04,Lead Generation,199.8,11315,6385,502,37,17,2853.73,USD,2026-04-28 23:30:00
2026-04-29,GGL-CAM-004,Google Ads,GGL-ACC-001,Google Campaign 04,Lead Generation,150.89,13945,11410,496,61,42,11027.89,USD,2026-04-29 23:30:00
2026-04-30,GGL-CAM-004,Google Ads,GGL-ACC-001,Google Campaign 04,Lead Generation,188.95,13271,10051,769,102,67,14002.86,USD,2026-04-30 23:30:00
2026-05-01,GGL-CAM-004,Google Ads,GGL-ACC-001,Google Campaign 04,Lead Generation,169.95,13808,9039,689,52,35,4302.85,USD,2026-05-01 23:30:00
2026-05-02,GGL-CAM-004,Google Ads,GGL-ACC-001,Google Campaign 04,Lead Generation,119.81,10401,6029,350,57,36,3365.41,USD,2026-05-02 23:30:00
2026-05-03,GGL-CAM-004,Google Ads,GGL-ACC-001,Google Campaign 04,Lead Generation,139.74,8797,7077,491,94,49,11798.23,USD,2026-05-03 23:30:00
2026-05-04,GGL-CAM-004,Google Ads,GGL-ACC-001,Google Campaign 04,Lead Generation,195.66,10999,6339,343,40,12,1246.04,USD,2026-05-04 23:30:00
2026-05-05,GGL-CAM-004,Google Ads,GGL-ACC-001,Google Campaign 04,Lead Generation,179.82,18435,10694,954,190,71,11270.86,USD,2026-05-05 23:30:00
2026-05-06,GGL-CAM-004,Google Ads,GGL-ACC-001,Google Campaign 04,Lead Generation,156.53,11903,8072,536,38,23,3824.87,USD,2026-05-06 23:30:00
2026-05-07,GGL-CAM-004,Google Ads,GGL-ACC-001,Google Campaign 04,Lead Generation,155.63,20525,15312,1132,195,89,11878.93,USD,2026-05-07 23:30:00
2026-05-08,GGL-CAM-004,Google Ads,GGL-ACC-001,Google Campaign 04,Lead Generation,134.72,11973,10279,500,68,41,3803.11,USD,2026-05-08 23:30:00
2026-05-09,GGL-CAM-004,Google Ads,GGL-ACC-001,Google Campaign 04,Lead Generation,122.28,7043,4617,384,28,15,2816.15,USD,2026-05-09 23:30:00
2026-05-10,GGL-CAM-004,Google Ads,GGL-ACC-001,Google Campaign 04,Lead Generation,103.53,9224,6762,545,75,43,6144.81,USD,2026-05-10 23:30:00
2026-05-11,GGL-CAM-004,Google Ads,GGL-ACC-001,Google Campaign 04,Lead Generation,154.33,18629,14995,561,78,44,8930.02,USD,2026-05-11 23:30:00
2026-05-12,GGL-CAM-004,Google Ads,GGL-ACC-001,Google Campaign 04,Lead Generation,137.68,14971,11146,596,68,36,7571.69,USD,2026-05-12 23:30:00
2026-05-13,GGL-CAM-004,Google Ads,GGL-ACC-001,Google Campaign 04,Lead Generation,172.8,11759,8318,487,53,23,3823.74,USD,2026-05-13 23:30:00
2026-05-14,GGL-CAM-004,Google Ads,GGL-ACC-001,Google Campaign 04,Lead Generation,150.86,9847,5721,558,54,33,8195.83,USD,2026-05-14 23:30:00
2026-05-15,GGL-CAM-004,Google Ads,GGL-ACC-001,Google Campaign 04,Lead Generation,163.69,9911,6983,374,34,13,1672.26,USD,2026-05-15 23:30:00
2026-05-16,GGL-CAM-004,Google Ads,GGL-ACC-001,Google Campaign 04,Lead Generation,117.26,10843,6898,594,98,55,12226.79,USD,2026-05-16 23:30:00
2026-05-17,GGL-CAM-004,Google Ads,GGL-ACC-001,Google Campaign 04,Lead Generation,112.22,14582,9599,441,70,37,7596.07,USD,2026-05-17 23:30:00
2026-05-18,GGL-CAM-004,Google Ads,GGL-ACC-001,Google Campaign 04,Lead Generation,174.4,11916,9314,305,24,13,1989.95,USD,2026-05-18 23:30:00
2026-05-19,GGL-CAM-004,Google Ads,GGL-ACC-001,Google Campaign 04,Lead Generation,191.63,17563,13010,1007,103,49,9718.7,USD,2026-05-19 23:30:00
2026-05-20,GGL-CAM-004,Google Ads,GGL-ACC-001,Google Campaign 04,Lead Generation,188.52,13205,10831,807,74,31,3626.8,USD,2026-05-20 23:30:00
2026-05-21,GGL-CAM-004,Google Ads,GGL-ACC-001,Google Campaign 04,Lead Generation,135.67,17325,10884,1006,137,55,9748.03,USD,2026-05-21 23:30:00
2026-05-22,GGL-CAM-004,Google Ads,GGL-ACC-001,Google Campaign 04,Lead Generation,208.56,12078,8659,468,38,29,5609.02,USD,2026-05-22 23:30:00
2026-05-23,GGL-CAM-004,Google Ads,GGL-ACC-001,Google Campaign 04,Lead Generation,122.12,6807,3747,355,25,11,2302.11,USD,2026-05-23 23:30:00
2026-05-24,GGL-CAM-004,Google Ads,GGL-ACC-001,Google Campaign 04,Lead Generation,114.37,9574,8300,559,75,33,8611.52,USD,2026-05-24 23:30:00
2026-05-25,GGL-CAM-004,Google Ads,GGL-ACC-001,Google Campaign 04,Lead Generation,137.65,7765,6273,266,44,28,3649.85,USD,2026-05-25 23:30:00
2026-05-26,GGL-CAM-004,Google Ads,GGL-ACC-001,Google Campaign 04,Lead Generation,169.15,14110,10479,911,84,35,5541.16,USD,2026-05-26 23:30:00
2026-05-27,GGL-CAM-004,Google Ads,GGL-ACC-001,Google Campaign 04,Lead Generation,167.91,10438,6542,387,40,19,2307.88,USD,2026-05-27 23:30:00
2026-05-28,GGL-CAM-004,Google Ads,GGL-ACC-001,Google Campaign 04,Lead Generation,164.4,13578,11248,574,96,42,7205.35,USD,2026-05-28 23:30:00
2026-05-29,GGL-CAM-004,Google Ads,GGL-ACC-001,Google Campaign 04,Lead Generation,201.37,16440,12932,497,56,27,5673.25,USD,2026-05-29 23:30:00
2026-05-30,GGL-CAM-004,Google Ads,GGL-ACC-001,Google Campaign 04,Lead Generation,154.81,13514,12011,841,69,43,6436.77,USD,2026-05-30 23:30:00
2026-05-31,GGL-CAM-004,Google Ads,GGL-ACC-001,Google Campaign 04,Lead Generation,154.23,9039,5198,286,23,8,846.92,USD,2026-05-31 23:30:00
2026-06-01,GGL-CAM-004,Google Ads,GGL-ACC-001,Google Campaign 04,Lead Generation,129.67,13658,7855,850,135,68,14655.08,USD,2026-06-01 23:30:00
2026-06-02,GGL-CAM-004,Google Ads,GGL-ACC-001,Google Campaign 04,Lead Generation,153.91,9053,6057,573,40,21,3695.35,USD,2026-06-02 23:30:00
2026-06-03,GGL-CAM-004,Google Ads,GGL-ACC-001,Google Campaign 04,Lead Generation,193.63,11795,10380,499,47,19,2231.31,USD,2026-06-03 23:30:00
2026-06-04,GGL-CAM-004,Google Ads,GGL-ACC-001,Google Campaign 04,Lead Generation,171.54,9945,8589,330,48,17,1906.23,USD,2026-06-04 23:30:00
2026-06-05,GGL-CAM-004,Google Ads,GGL-ACC-001,Google Campaign 04,Lead Generation,147.62,9299,5284,233,26,9,1281.12,USD,2026-06-05 23:30:00
2026-06-06,GGL-CAM-004,Google Ads,GGL-ACC-001,Google Campaign 04,Lead Generation,122.65,12854,9838,733,119,53,9671.61,USD,2026-06-06 23:30:00
2026-06-07,GGL-CAM-004,Google Ads,GGL-ACC-001,Google Campaign 04,Lead Generation,132.24,11467,8867,715,56,29,3734.14,USD,2026-06-07 23:30:00
2026-06-08,GGL-CAM-004,Google Ads,GGL-ACC-001,Google Campaign 04,Lead Generation,208.89,19845,16554,570,72,33,3401.75,USD,2026-06-08 23:30:00
2026-06-09,GGL-CAM-004,Google Ads,GGL-ACC-001,Google Campaign 04,Lead Generation,193.16,11679,6452,606,52,17,2926.63,USD,2026-06-09 23:30:00
2026-06-10,GGL-CAM-004,Google Ads,GGL-ACC-001,Google Campaign 04,Lead Generation,187.98,11739,7681,462,58,43,8589.83,USD,2026-06-10 23:30:00
2026-06-11,GGL-CAM-004,Google Ads,GGL-ACC-001,Google Campaign 04,Lead Generation,168.2,20045,14083,1176,123,57,10927.73,USD,2026-06-11 23:30:00
2026-06-12,GGL-CAM-004,Google Ads,GGL-ACC-001,Google Campaign 04,Lead Generation,144.59,9490,5742,551,87,43,4084.13,USD,2026-06-12 23:30:00
2026-06-13,GGL-CAM-004,Google Ads,GGL-ACC-001,Google Campaign 04,Lead Generation,101.35,13804,8494,867,84,54,5862.24,USD,2026-06-13 23:30:00
2026-06-14,GGL-CAM-004,Google Ads,GGL-ACC-001,Google Campaign 04,Lead Generation,130.17,8062,5856,448,57,20,2659.24,USD,2026-06-14 23:30:00
2026-06-15,GGL-CAM-004,Google Ads,GGL-ACC-001,Google Campaign 04,Lead Generation,191.83,11610,7004,402,24,16,2215.14,USD,2026-06-15 23:30:00
2026-02-06,GGL-CAM-005,Google Ads,GGL-ACC-001,Google Campaign 05,Website Traffic,442.85,30895,25469,1123,155,85,15874.05,USD,2026-02-06 23:30:00
2026-02-07,GGL-CAM-005,Google Ads,GGL-ACC-001,Google Campaign 05,Website Traffic,321.44,28338,20815,1440,121,68,17406.98,USD,2026-02-07 23:30:00
2026-02-08,GGL-CAM-005,Google Ads,GGL-ACC-001,Google Campaign 05,Website Traffic,393.06,22814,13593,1011,129,75,8773.71,USD,2026-02-08 23:30:00
2026-02-09,GGL-CAM-005,Google Ads,GGL-ACC-001,Google Campaign 05,Website Traffic,383.03,28142,17276,742,84,43,4874.13,USD,2026-02-09 23:30:00
2026-02-10,GGL-CAM-005,Google Ads,GGL-ACC-001,Google Campaign 05,Website Traffic,417.78,31379,24441,1584,211,112,19234.69,USD,2026-02-10 23:30:00
2026-02-11,GGL-CAM-005,Google Ads,GGL-ACC-001,Google Campaign 05,Website Traffic,551.52,39952,22584,1493,119,64,7300.73,USD,2026-02-11 23:30:00
2026-02-12,GGL-CAM-005,Google Ads,GGL-ACC-001,Google Campaign 05,Website Traffic,559.67,58281,50035,3531,252,129,14319.6,USD,2026-02-12 23:30:00
2026-02-13,GGL-CAM-005,Google Ads,GGL-ACC-001,Google Campaign 05,Website Traffic,384.93,33255,24946,1789,307,154,24630.99,USD,2026-02-13 23:30:00
2026-02-14,GGL-CAM-005,Google Ads,GGL-ACC-001,Google Campaign 05,Website Traffic,326.04,19198,12458,574,77,37,9307.49,USD,2026-02-14 23:30:00
2026-02-15,GGL-CAM-005,Google Ads,GGL-ACC-001,Google Campaign 05,Website Traffic,382.12,31659,18881,1641,134,83,15335.11,USD,2026-02-15 23:30:00
2026-02-16,GGL-CAM-005,Google Ads,GGL-ACC-001,Google Campaign 05,Website Traffic,512.97,33048,29307,1176,208,93,16225.7,USD,2026-02-16 23:30:00
2026-02-17,GGL-CAM-005,Google Ads,GGL-ACC-001,Google Campaign 05,Website Traffic,446.5,26589,18888,952,147,71,13195.54,USD,2026-02-17 23:30:00
2026-02-18,GGL-CAM-005,Google Ads,GGL-ACC-001,Google Campaign 05,Website Traffic,427.51,43241,26968,1499,179,100,24111.9,USD,2026-02-18 23:30:00
2026-02-19,GGL-CAM-005,Google Ads,GGL-ACC-001,Google Campaign 05,Website Traffic,516.93,41301,31462,1418,176,74,15327.83,USD,2026-02-19 23:30:00
2026-02-20,GGL-CAM-005,Google Ads,GGL-ACC-001,Google Campaign 05,Website Traffic,526.37,40001,35076,1778,215,113,11630.74,USD,2026-02-20 23:30:00
2026-02-21,GGL-CAM-005,Google Ads,GGL-ACC-001,Google Campaign 05,Website Traffic,391.7,43428,33182,1524,172,86,11341.44,USD,2026-02-21 23:30:00
2026-02-22,GGL-CAM-005,Google Ads,GGL-ACC-001,Google Campaign 05,Website Traffic,417.54,31576,26863,1692,280,137,35477.81,USD,2026-02-22 23:30:00
2026-02-23,GGL-CAM-005,Google Ads,GGL-ACC-001,Google Campaign 05,Website Traffic,442.09,53846,45988,3386,395,164,15497.93,USD,2026-02-23 23:30:00
2026-02-24,GGL-CAM-005,Google Ads,GGL-ACC-001,Google Campaign 05,Website Traffic,368.66,25814,15669,1093,162,88,22036.56,USD,2026-02-24 23:30:00
2026-02-25,GGL-CAM-005,Google Ads,GGL-ACC-001,Google Campaign 05,Website Traffic,547.14,34332,24223,2030,347,166,22970.02,USD,2026-02-25 23:30:00
2026-02-26,GGL-CAM-005,Google Ads,GGL-ACC-001,Google Campaign 05,Website Traffic,524.82,53448,35395,1743,253,106,9131.1,USD,2026-02-26 23:30:00
2026-02-27,GGL-CAM-005,Google Ads,GGL-ACC-001,Google Campaign 05,Website Traffic,540.55,30707,23579,1555,94,52,7168.75,USD,2026-02-27 23:30:00
2026-02-28,GGL-CAM-005,Google Ads,GGL-ACC-001,Google Campaign 05,Website Traffic,417.94,45007,27285,2032,264,145,19174.67,USD,2026-02-28 23:30:00
2026-03-01,GGL-CAM-005,Google Ads,GGL-ACC-001,Google Campaign 05,Website Traffic,365.19,20561,17884,644,74,31,3865.27,USD,2026-03-01 23:30:00
2026-03-02,GGL-CAM-005,Google Ads,GGL-ACC-001,Google Campaign 05,Website Traffic,561.46,34737,19583,1281,213,101,10966.76,USD,2026-03-02 23:30:00
2026-03-03,GGL-CAM-005,Google Ads,GGL-ACC-001,Google Campaign 05,Website Traffic,462.5,32561,26320,1390,240,121,14040.05,USD,2026-03-03 23:30:00
2026-03-04,GGL-CAM-005,Google Ads,GGL-ACC-001,Google Campaign 05,Website Traffic,555.84,61212,47683,2934,283,138,28154.38,USD,2026-03-04 23:30:00
2026-03-05,GGL-CAM-005,Google Ads,GGL-ACC-001,Google Campaign 05,Website Traffic,452.77,35180,30931,2207,257,126,25969.99,USD,2026-03-05 23:30:00
2026-03-06,GGL-CAM-005,Google Ads,GGL-ACC-001,Google Campaign 05,Website Traffic,379.73,35748,25668,954,123,76,14415.21,USD,2026-03-06 23:30:00
2026-03-07,GGL-CAM-005,Google Ads,GGL-ACC-001,Google Campaign 05,Website Traffic,409.83,36904,21313,1650,208,116,12168.69,USD,2026-03-07 23:30:00
2026-03-08,GGL-CAM-005,Google Ads,GGL-ACC-001,Google Campaign 05,Website Traffic,329.62,25750,16742,1058,151,73,8624.4,USD,2026-03-08 23:30:00
2026-03-09,GGL-CAM-005,Google Ads,GGL-ACC-001,Google Campaign 05,Website Traffic,463.52,39746,25336,2026,134,68,15187.41,USD,2026-03-09 23:30:00
2026-03-10,GGL-CAM-005,Google Ads,GGL-ACC-001,Google Campaign 05,Website Traffic,424.16,54930,38366,2890,437,180,27912.23,USD,2026-03-10 23:30:00
2026-03-11,GGL-CAM-005,Google Ads,GGL-ACC-001,Google Campaign 05,Website Traffic,465.08,39037,30898,1372,205,104,15387.16,USD,2026-03-11 23:30:00
2026-03-12,GGL-CAM-005,Google Ads,GGL-ACC-001,Google Campaign 05,Website Traffic,364.3,32255,19924,1342,149,76,10899.83,USD,2026-03-12 23:30:00
2026-03-13,GGL-CAM-005,Google Ads,GGL-ACC-001,Google Campaign 05,Website Traffic,393.18,42213,32743,1094,163,86,9310.45,USD,2026-03-13 23:30:00
2026-03-14,GGL-CAM-005,Google Ads,GGL-ACC-001,Google Campaign 05,Website Traffic,367.14,34196,29236,1823,250,104,13770.59,USD,2026-03-14 23:30:00
2026-03-15,GGL-CAM-005,Google Ads,GGL-ACC-001,Google Campaign 05,Website Traffic,299.93,16674,12968,822,99,47,6405.22,USD,2026-03-15 23:30:00
2026-03-16,GGL-CAM-005,Google Ads,GGL-ACC-001,Google Campaign 05,Website Traffic,539.59,39226,33539,1504,243,121,9892.73,USD,2026-03-16 23:30:00
2026-03-17,GGL-CAM-005,Google Ads,GGL-ACC-001,Google Campaign 05,Website Traffic,454.36,38136,31752,1476,120,61,9794.38,USD,2026-03-17 23:30:00
2026-03-18,GGL-CAM-005,Google Ads,GGL-ACC-001,Google Campaign 05,Website Traffic,537.39,65511,48478,2678,299,122,22485.0,USD,2026-03-18 23:30:00
2026-03-19,GGL-CAM-005,Google Ads,GGL-ACC-001,Google Campaign 05,Website Traffic,556.79,34451,28842,1033,86,42,7527.29,USD,2026-03-19 23:30:00
2026-03-20,GGL-CAM-005,Google Ads,GGL-ACC-001,Google Campaign 05,Website Traffic,425.47,41969,31681,1450,217,114,11603.56,USD,2026-03-20 23:30:00
2026-03-21,GGL-CAM-005,Google Ads,GGL-ACC-001,Google Campaign 05,Website Traffic,276.41,21223,14596,1074,112,46,4588.95,USD,2026-03-21 23:30:00
2026-03-22,GGL-CAM-005,Google Ads,GGL-ACC-001,Google Campaign 05,Website Traffic,284.53,31230,24069,857,116,52,12265.19,USD,2026-03-22 23:30:00
2026-03-23,GGL-CAM-005,Google Ads,GGL-ACC-001,Google Campaign 05,Website Traffic,525.89,44023,37988,1432,167,97,16422.4,USD,2026-03-23 23:30:00
2026-03-24,GGL-CAM-005,Google Ads,GGL-ACC-001,Google Campaign 05,Website Traffic,424.97,24824,18699,675,110,55,4737.95,USD,2026-03-24 23:30:00
2026-03-25,GGL-CAM-005,Google Ads,GGL-ACC-001,Google Campaign 05,Website Traffic,431.15,29017,16712,1789,261,133,25538.4,USD,2026-03-25 23:30:00
2026-03-26,GGL-CAM-005,Google Ads,GGL-ACC-001,Google Campaign 05,Website Traffic,368.15,40402,26748,2367,343,168,42233.76,USD,2026-03-26 23:30:00
2026-03-27,GGL-CAM-005,Google Ads,GGL-ACC-001,Google Campaign 05,Website Traffic,389.47,27097,19156,881,98,57,7394.81,USD,2026-03-27 23:30:00
2026-03-28,GGL-CAM-005,Google Ads,GGL-ACC-001,Google Campaign 05,Website Traffic,403.03,38288,33134,2097,372,188,28749.46,USD,2026-03-28 23:30:00
2026-03-29,GGL-CAM-005,Google Ads,GGL-ACC-001,Google Campaign 05,Website Traffic,423.95,27786,15514,1237,166,89,10711.86,USD,2026-03-29 23:30:00
2026-03-30,GGL-CAM-005,Google Ads,GGL-ACC-001,Google Campaign 05,Website Traffic,378.89,31705,18239,1214,143,77,10238.54,USD,2026-03-30 23:30:00
2026-03-31,GGL-CAM-005,Google Ads,GGL-ACC-001,Google Campaign 05,Website Traffic,512.85,59481,45652,1661,266,140,24467.35,USD,2026-03-31 23:30:00
2026-04-01,GGL-CAM-005,Google Ads,GGL-ACC-001,Google Campaign 05,Website Traffic,487.7,31349,26928,1411,150,82,10991.0,USD,2026-04-01 23:30:00
2026-04-02,GGL-CAM-005,Google Ads,GGL-ACC-001,Google Campaign 05,Website Traffic,560.96,43804,31488,2002,233,113,23659.28,USD,2026-04-02 23:30:00
2026-04-03,GGL-CAM-005,Google Ads,GGL-ACC-001,Google Campaign 05,Website Traffic,411.1,51193,44926,2852,455,234,32893.46,USD,2026-04-03 23:30:00
2026-04-04,GGL-CAM-005,Google Ads,GGL-ACC-001,Google Campaign 05,Website Traffic,303.38,20981,17135,872,128,67,9641.2,USD,2026-04-04 23:30:00
2026-04-05,GGL-CAM-005,Google Ads,GGL-ACC-001,Google Campaign 05,Website Traffic,296.52,22965,16053,1346,124,48,7842.47,USD,2026-04-05 23:30:00
2026-04-06,GGL-CAM-005,Google Ads,GGL-ACC-001,Google Campaign 05,Website Traffic,511.7,28681,21219,1352,226,133,13647.94,USD,2026-04-06 23:30:00
2026-04-07,GGL-CAM-005,Google Ads,GGL-ACC-001,Google Campaign 05,Website Traffic,361.33,28224,21487,864,57,32,5913.18,USD,2026-04-07 23:30:00
2026-04-08,GGL-CAM-005,Google Ads,GGL-ACC-001,Google Campaign 05,Website Traffic,477.83,54278,42925,2954,297,139,19898.77,USD,2026-04-08 23:30:00
2026-04-09,GGL-CAM-005,Google Ads,GGL-ACC-001,Google Campaign 05,Website Traffic,401.04,47685,37232,2003,188,88,18937.6,USD,2026-04-09 23:30:00
2026-04-10,GGL-CAM-005,Google Ads,GGL-ACC-001,Google Campaign 05,Website Traffic,505.05,36408,20352,1321,149,74,7414.63,USD,2026-04-10 23:30:00
2026-04-11,GGL-CAM-005,Google Ads,GGL-ACC-001,Google Campaign 05,Website Traffic,333.8,31046,23040,1773,328,149,25602.68,USD,2026-04-11 23:30:00
2026-04-12,GGL-CAM-005,Google Ads,GGL-ACC-001,Google Campaign 05,Website Traffic,256.17,27215,16140,1147,165,99,16975.32,USD,2026-04-12 23:30:00
2026-04-13,GGL-CAM-005,Google Ads,GGL-ACC-001,Google Campaign 05,Website Traffic,505.15,28299,16588,1064,85,52,4780.85,USD,2026-04-13 23:30:00
2026-04-14,GGL-CAM-005,Google Ads,GGL-ACC-001,Google Campaign 05,Website Traffic,555.46,47287,38049,1617,210,118,14707.35,USD,2026-04-14 23:30:00
2026-04-15,GGL-CAM-005,Google Ads,GGL-ACC-001,Google Campaign 05,Website Traffic,469.01,39188,23724,2322,417,180,28125.31,USD,2026-04-15 23:30:00
2026-04-16,GGL-CAM-005,Google Ads,GGL-ACC-001,Google Campaign 05,Website Traffic,539.2,44887,34342,2209,310,164,26510.46,USD,2026-04-16 23:30:00
2026-04-17,GGL-CAM-005,Google Ads,GGL-ACC-001,Google Campaign 05,Website Traffic,410.41,25406,17623,1137,95,51,4583.26,USD,2026-04-17 23:30:00
2026-04-18,GGL-CAM-005,Google Ads,GGL-ACC-001,Google Campaign 05,Website Traffic,289.87,30369,16792,924,84,39,3670.2,USD,2026-04-18 23:30:00
2026-04-19,GGL-CAM-005,Google Ads,GGL-ACC-001,Google Campaign 05,Website Traffic,347.46,21406,12178,562,98,50,9662.27,USD,2026-04-19 23:30:00
2026-04-20,GGL-CAM-005,Google Ads,GGL-ACC-001,Google Campaign 05,Website Traffic,528.63,43944,31914,2064,348,161,15233.24,USD,2026-04-20 23:30:00
2026-04-21,GGL-CAM-005,Google Ads,GGL-ACC-001,Google Campaign 05,Website Traffic,502.1,31741,20447,1354,185,84,16727.38,USD,2026-04-21 23:30:00
2026-04-22,GGL-CAM-005,Google Ads,GGL-ACC-001,Google Campaign 05,Website Traffic,522.58,33002,18720,883,175,76,8419.66,USD,2026-04-22 23:30:00
2026-04-23,GGL-CAM-005,Google Ads,GGL-ACC-001,Google Campaign 05,Website Traffic,367.29,52277,45958,1818,246,129,12196.24,USD,2026-04-23 23:30:00
2026-04-24,GGL-CAM-005,Google Ads,GGL-ACC-001,Google Campaign 05,Website Traffic,379.82,38493,22813,2276,394,202,38624.44,USD,2026-04-24 23:30:00
2026-04-25,GGL-CAM-005,Google Ads,GGL-ACC-001,Google Campaign 05,Website Traffic,318.1,25231,19395,1221,131,70,10074.76,USD,2026-04-25 23:30:00
2026-04-26,GGL-CAM-005,Google Ads,GGL-ACC-001,Google Campaign 05,Website Traffic,266.85,17769,14944,1106,90,58,14172.03,USD,2026-04-26 23:30:00
2026-04-27,GGL-CAM-005,Google Ads,GGL-ACC-001,Google Campaign 05,Website Traffic,370.75,42844,29867,1137,184,94,11092.42,USD,2026-04-27 23:30:00
2026-04-28,GGL-CAM-005,Google Ads,GGL-ACC-001,Google Campaign 05,Website Traffic,547.57,32504,25945,2090,321,147,17961.5,USD,2026-04-28 23:30:00
2026-04-29,GGL-CAM-005,Google Ads,GGL-ACC-001,Google Campaign 05,Website Traffic,441.24,47941,37354,1603,231,126,17066.62,USD,2026-04-29 23:30:00
2026-04-30,GGL-CAM-005,Google Ads,GGL-ACC-001,Google Campaign 05,Website Traffic,403.57,42424,33538,1525,181,71,8138.42,USD,2026-04-30 23:30:00
2026-05-01,GGL-CAM-005,Google Ads,GGL-ACC-001,Google Campaign 05,Website Traffic,513.59,63773,49286,3947,490,249,35435.47,USD,2026-05-01 23:30:00
2026-05-02,GGL-CAM-005,Google Ads,GGL-ACC-001,Google Campaign 05,Website Traffic,361.49,38319,26580,1995,306,153,26856.95,USD,2026-05-02 23:30:00
2026-05-03,GGL-CAM-005,Google Ads,GGL-ACC-001,Google Campaign 05,Website Traffic,345.57,36257,30022,1495,261,131,14356.7,USD,2026-05-03 23:30:00
2026-05-04,GGL-CAM-005,Google Ads,GGL-ACC-001,Google Campaign 05,Website Traffic,562.86,69586,41649,2495,379,203,32020.71,USD,2026-05-04 23:30:00
2026-05-05,GGL-CAM-005,Google Ads,GGL-ACC-001,Google Campaign 05,Website Traffic,523.79,62352,48080,1996,346,171,33685.54,USD,2026-05-05 23:30:00
2026-05-06,GGL-CAM-005,Google Ads,GGL-ACC-001,Google Campaign 05,Website Traffic,344.78,35080,24387,2208,199,97,22340.07,USD,2026-05-06 23:30:00
2026-05-07,GGL-CAM-005,Google Ads,GGL-ACC-001,Google Campaign 05,Website Traffic,480.13,31880,19919,1671,283,138,15703.72,USD,2026-05-07 23:30:00
2026-05-08,GGL-CAM-005,Google Ads,GGL-ACC-001,Google Campaign 05,Website Traffic,507.47,62185,53905,3253,459,251,58946.11,USD,2026-05-08 23:30:00
2026-05-09,GGL-CAM-005,Google Ads,GGL-ACC-001,Google Campaign 05,Website Traffic,395.38,49962,36215,1630,194,99,19020.9,USD,2026-05-09 23:30:00
2026-05-10,GGL-CAM-005,Google Ads,GGL-ACC-001,Google Campaign 05,Website Traffic,303.92,29343,22597,1876,260,142,20122.42,USD,2026-05-10 23:30:00
2026-05-11,GGL-CAM-005,Google Ads,GGL-ACC-001,Google Campaign 05,Website Traffic,370.29,44627,39709,2284,220,136,12643.79,USD,2026-05-11 23:30:00
2026-05-12,GGL-CAM-005,Google Ads,GGL-ACC-001,Google Campaign 05,Website Traffic,560.76,50475,34367,2637,190,103,16060.91,USD,2026-05-12 23:30:00
2026-05-13,GGL-CAM-005,Google Ads,GGL-ACC-001,Google Campaign 05,Website Traffic,414.44,23736,19659,614,73,27,6979.08,USD,2026-05-13 23:30:00
2026-05-14,GGL-CAM-005,Google Ads,GGL-ACC-001,Google Campaign 05,Website Traffic,519.67,57781,39124,3090,352,209,30255.98,USD,2026-05-14 23:30:00
2026-05-15,GGL-CAM-005,Google Ads,GGL-ACC-001,Google Campaign 05,Website Traffic,527.13,69588,44021,3647,422,229,25566.06,USD,2026-05-15 23:30:00
2026-05-16,GGL-CAM-005,Google Ads,GGL-ACC-001,Google Campaign 05,Website Traffic,282.16,18765,12716,499,37,17,1556.67,USD,2026-05-16 23:30:00
2026-05-17,GGL-CAM-005,Google Ads,GGL-ACC-001,Google Campaign 05,Website Traffic,320.54,19301,11907,787,84,38,4002.24,USD,2026-05-17 23:30:00
2026-05-18,GGL-CAM-005,Google Ads,GGL-ACC-001,Google Campaign 05,Website Traffic,399.46,34791,28398,2173,251,106,18133.18,USD,2026-05-18 23:30:00
2026-05-19,GGL-CAM-005,Google Ads,GGL-ACC-001,Google Campaign 05,Website Traffic,469.5,65442,44007,3096,352,166,30841.25,USD,2026-05-19 23:30:00
2026-05-20,GGL-CAM-005,Google Ads,GGL-ACC-001,Google Campaign 05,Website Traffic,460.92,35280,26170,1389,123,51,7998.17,USD,2026-05-20 23:30:00
2026-05-21,GGL-CAM-005,Google Ads,GGL-ACC-001,Google Campaign 05,Website Traffic,503.03,34149,21365,1936,278,141,16727.77,USD,2026-05-21 23:30:00
2026-05-22,GGL-CAM-005,Google Ads,GGL-ACC-001,Google Campaign 05,Website Traffic,564.1,41786,34587,2571,383,199,46964.75,USD,2026-05-22 23:30:00
2026-05-23,GGL-CAM-005,Google Ads,GGL-ACC-001,Google Campaign 05,Website Traffic,395.49,49799,28603,1610,229,119,9796.69,USD,2026-05-23 23:30:00
2026-05-24,GGL-CAM-005,Google Ads,GGL-ACC-001,Google Campaign 05,Website Traffic,328.16,24347,16197,1115,159,82,15179.43,USD,2026-05-24 23:30:00
2026-05-25,GGL-CAM-005,Google Ads,GGL-ACC-001,Google Campaign 05,Website Traffic,358.36,26612,21820,1567,172,93,7817.15,USD,2026-05-25 23:30:00
2026-05-26,GGL-CAM-005,Google Ads,GGL-ACC-001,Google Campaign 05,Website Traffic,529.97,32601,20225,1620,214,124,10075.42,USD,2026-05-26 23:30:00
2026-05-27,GGL-CAM-005,Google Ads,GGL-ACC-001,Google Campaign 05,Website Traffic,449.91,50185,42829,1932,239,105,16404.96,USD,2026-05-27 23:30:00
2026-05-28,GGL-CAM-005,Google Ads,GGL-ACC-001,Google Campaign 05,Website Traffic,499.86,32854,28454,1948,222,111,10804.31,USD,2026-05-28 23:30:00
2026-05-29,GGL-CAM-005,Google Ads,GGL-ACC-001,Google Campaign 05,Website Traffic,524.18,31755,22606,1383,205,103,18763.4,USD,2026-05-29 23:30:00
2026-05-30,GGL-CAM-005,Google Ads,GGL-ACC-001,Google Campaign 05,Website Traffic,335.89,21482,12185,1243,165,90,11569.57,USD,2026-05-30 23:30:00
2026-05-31,GGL-CAM-005,Google Ads,GGL-ACC-001,Google Campaign 05,Website Traffic,304.17,18573,11732,871,72,40,4896.94,USD,2026-05-31 23:30:00
2026-06-01,GGL-CAM-005,Google Ads,GGL-ACC-001,Google Campaign 05,Website Traffic,521.17,43477,35226,1986,299,157,23901.72,USD,2026-06-01 23:30:00
2026-06-02,GGL-CAM-005,Google Ads,GGL-ACC-001,Google Campaign 05,Website Traffic,472.38,35283,22590,1429,119,62,8502.85,USD,2026-06-02 23:30:00
2026-06-03,GGL-CAM-005,Google Ads,GGL-ACC-001,Google Campaign 05,Website Traffic,361.93,29171,23232,1867,227,103,20059.59,USD,2026-06-03 23:30:00
2026-06-04,GGL-CAM-005,Google Ads,GGL-ACC-001,Google Campaign 05,Website Traffic,454.98,33734,18597,1450,248,140,29842.22,USD,2026-06-04 23:30:00
2026-06-05,GGL-CAM-005,Google Ads,GGL-ACC-001,Google Campaign 05,Website Traffic,564.59,58467,43834,2653,301,143,24348.2,USD,2026-06-05 23:30:00
2026-06-06,GGL-CAM-005,Google Ads,GGL-ACC-001,Google Campaign 05,Website Traffic,294.98,19194,10986,594,80,36,4730.95,USD,2026-06-06 23:30:00
2026-06-07,GGL-CAM-005,Google Ads,GGL-ACC-001,Google Campaign 05,Website Traffic,259.83,15759,10963,1000,102,51,8404.42,USD,2026-06-07 23:30:00
2026-06-08,GGL-CAM-005,Google Ads,GGL-ACC-001,Google Campaign 05,Website Traffic,368.14,41012,36121,2155,268,153,32889.49,USD,2026-06-08 23:30:00
2026-06-09,GGL-CAM-005,Google Ads,GGL-ACC-001,Google Campaign 05,Website Traffic,416.5,48669,27027,2468,280,130,28490.25,USD,2026-06-09 23:30:00
2026-06-10,GGL-CAM-005,Google Ads,GGL-ACC-001,Google Campaign 05,Website Traffic,540.15,57332,31593,2079,219,130,17094.49,USD,2026-06-10 23:30:00
2026-06-11,GGL-CAM-005,Google Ads,GGL-ACC-001,Google Campaign 05,Website Traffic,515.68,53014,31663,3292,574,257,55647.74,USD,2026-06-11 23:30:00
2026-06-12,GGL-CAM-005,Google Ads,GGL-ACC-001,Google Campaign 05,Website Traffic,567.7,46704,30274,2921,266,134,29903.33,USD,2026-06-12 23:30:00
2026-01-09,GGL-CAM-006,Google Ads,GGL-ACC-001,Google Campaign 06,Conversions,952.21,53813,42555,1675,242,145,13891.83,USD,2026-01-09 23:30:00
2026-01-10,GGL-CAM-006,Google Ads,GGL-ACC-001,Google Campaign 06,Conversions,666.85,63433,46819,2225,405,211,47147.99,USD,2026-01-10 23:30:00
2026-01-11,GGL-CAM-006,Google Ads,GGL-ACC-001,Google Campaign 06,Conversions,727.44,100370,66581,4292,669,364,70757.2,USD,2026-01-11 23:30:00
2026-01-12,GGL-CAM-006,Google Ads,GGL-ACC-001,Google Campaign 06,Conversions,947.52,111489,92654,6745,849,421,93724.75,USD,2026-01-12 23:30:00
2026-01-13,GGL-CAM-006,Google Ads,GGL-ACC-001,Google Campaign 06,Conversions,722.74,65052,49296,2636,211,111,21942.74,USD,2026-01-13 23:30:00
2026-01-14,GGL-CAM-006,Google Ads,GGL-ACC-001,Google Campaign 06,Conversions,979.45,63221,44688,3674,322,181,45532.42,USD,2026-01-14 23:30:00
2026-01-15,GGL-CAM-006,Google Ads,GGL-ACC-001,Google Campaign 06,Conversions,803.39,80190,45831,3265,396,201,25491.71,USD,2026-01-15 23:30:00
2026-01-16,GGL-CAM-006,Google Ads,GGL-ACC-001,Google Campaign 06,Conversions,891.96,89467,61822,4986,839,415,43615.4,USD,2026-01-16 23:30:00
2026-01-17,GGL-CAM-006,Google Ads,GGL-ACC-001,Google Campaign 06,Conversions,629.53,37075,22398,2024,260,132,24790.86,USD,2026-01-17 23:30:00
2026-01-18,GGL-CAM-006,Google Ads,GGL-ACC-001,Google Campaign 06,Conversions,729.17,60931,53949,2517,363,201,29085.6,USD,2026-01-18 23:30:00
2026-01-19,GGL-CAM-006,Google Ads,GGL-ACC-001,Google Campaign 06,Conversions,763.16,94511,80506,2419,197,106,23679.1,USD,2026-01-19 23:30:00
2026-01-20,GGL-CAM-006,Google Ads,GGL-ACC-001,Google Campaign 06,Conversions,697.2,68906,57846,3615,523,256,32532.02,USD,2026-01-20 23:30:00
2026-01-21,GGL-CAM-006,Google Ads,GGL-ACC-001,Google Campaign 06,Conversions,885.42,75838,52666,2731,253,133,20606.29,USD,2026-01-21 23:30:00
2026-01-22,GGL-CAM-006,Google Ads,GGL-ACC-001,Google Campaign 06,Conversions,925.4,97353,54757,4707,543,246,37684.12,USD,2026-01-22 23:30:00
2026-01-23,GGL-CAM-006,Google Ads,GGL-ACC-001,Google Campaign 06,Conversions,762.01,61069,38165,2880,325,179,35069.04,USD,2026-01-23 23:30:00
2026-01-24,GGL-CAM-006,Google Ads,GGL-ACC-001,Google Campaign 06,Conversions,692.88,90444,60409,3438,298,133,26965.9,USD,2026-01-24 23:30:00
2026-01-25,GGL-CAM-006,Google Ads,GGL-ACC-001,Google Campaign 06,Conversions,575.11,42790,32606,1610,137,62,7696.92,USD,2026-01-25 23:30:00
2026-01-26,GGL-CAM-006,Google Ads,GGL-ACC-001,Google Campaign 06,Conversions,1102.9,62694,50808,3045,374,200,35248.74,USD,2026-01-26 23:30:00
2026-01-27,GGL-CAM-006,Google Ads,GGL-ACC-001,Google Campaign 06,Conversions,812.9,64848,46917,1797,271,140,32920.94,USD,2026-01-27 23:30:00
2026-01-28,GGL-CAM-006,Google Ads,GGL-ACC-001,Google Campaign 06,Conversions,1074.65,102879,62924,5673,532,278,38551.87,USD,2026-01-28 23:30:00
2026-01-29,GGL-CAM-006,Google Ads,GGL-ACC-001,Google Campaign 06,Conversions,1127.51,74292,51749,2606,297,152,23147.63,USD,2026-01-29 23:30:00
2026-01-30,GGL-CAM-006,Google Ads,GGL-ACC-001,Google Campaign 06,Conversions,749.32,63770,40685,1731,207,94,14158.48,USD,2026-01-30 23:30:00
2026-01-31,GGL-CAM-006,Google Ads,GGL-ACC-001,Google Campaign 06,Conversions,622.64,69886,60418,4424,692,345,43276.7,USD,2026-01-31 23:30:00
2026-02-01,GGL-CAM-006,Google Ads,GGL-ACC-001,Google Campaign 06,Conversions,646.83,73433,64746,4197,650,310,32915.26,USD,2026-02-01 23:30:00
2026-02-02,GGL-CAM-006,Google Ads,GGL-ACC-001,Google Campaign 06,Conversions,835.37,99566,71201,6367,596,282,59230.13,USD,2026-02-02 23:30:00
2026-02-03,GGL-CAM-006,Google Ads,GGL-ACC-001,Google Campaign 06,Conversions,1088.32,87387,51933,4744,394,160,30498.15,USD,2026-02-03 23:30:00
2026-02-04,GGL-CAM-006,Google Ads,GGL-ACC-001,Google Campaign 06,Conversions,1132.02,92464,54832,5135,498,261,36480.08,USD,2026-02-04 23:30:00
2026-02-05,GGL-CAM-006,Google Ads,GGL-ACC-001,Google Campaign 06,Conversions,978.76,105997,61409,4354,706,367,49626.94,USD,2026-02-05 23:30:00
2026-02-06,GGL-CAM-006,Google Ads,GGL-ACC-001,Google Campaign 06,Conversions,818.5,45673,31685,1374,115,57,12046.19,USD,2026-02-06 23:30:00
2026-02-07,GGL-CAM-006,Google Ads,GGL-ACC-001,Google Campaign 06,Conversions,682.44,45725,29020,2078,344,184,19595.36,USD,2026-02-07 23:30:00
2026-02-08,GGL-CAM-006,Google Ads,GGL-ACC-001,Google Campaign 06,Conversions,734.95,44169,34956,1137,144,84,16587.68,USD,2026-02-08 23:30:00
2026-02-09,GGL-CAM-006,Google Ads,GGL-ACC-001,Google Campaign 06,Conversions,942.27,76605,53340,2296,239,111,11711.76,USD,2026-02-09 23:30:00
2026-02-10,GGL-CAM-006,Google Ads,GGL-ACC-001,Google Campaign 06,Conversions,742.25,56141,37420,2861,341,162,32385.06,USD,2026-02-10 23:30:00
2026-02-11,GGL-CAM-006,Google Ads,GGL-ACC-001,Google Campaign 06,Conversions,696.91,62732,40484,2106,261,135,18582.6,USD,2026-02-11 23:30:00
2026-02-12,GGL-CAM-006,Google Ads,GGL-ACC-001,Google Campaign 06,Conversions,745.01,46131,40106,2962,338,177,15532.36,USD,2026-02-12 23:30:00
2026-02-13,GGL-CAM-006,Google Ads,GGL-ACC-001,Google Campaign 06,Conversions,971.21,62313,53300,3440,514,241,48032.86,USD,2026-02-13 23:30:00
2026-02-14,GGL-CAM-006,Google Ads,GGL-ACC-001,Google Campaign 06,Conversions,793.54,84671,71107,2400,319,146,25241.68,USD,2026-02-14 23:30:00
2026-02-15,GGL-CAM-006,Google Ads,GGL-ACC-001,Google Campaign 06,Conversions,553.11,63338,36786,3089,432,197,23554.16,USD,2026-02-15 23:30:00
2026-02-16,GGL-CAM-006,Google Ads,GGL-ACC-001,Google Campaign 06,Conversions,858.58,51018,42775,2069,211,102,15154.76,USD,2026-02-16 23:30:00
2026-02-17,GGL-CAM-006,Google Ads,GGL-ACC-001,Google Campaign 06,Conversions,974.34,138037,97687,6569,716,375,52204.61,USD,2026-02-17 23:30:00
2026-02-18,GGL-CAM-006,Google Ads,GGL-ACC-001,Google Campaign 06,Conversions,1015.85,142513,82354,6736,935,485,80858.19,USD,2026-02-18 23:30:00
2026-02-19,GGL-CAM-006,Google Ads,GGL-ACC-001,Google Campaign 06,Conversions,973.83,83051,46009,3917,427,201,40449.18,USD,2026-02-19 23:30:00
2026-02-20,GGL-CAM-006,Google Ads,GGL-ACC-001,Google Campaign 06,Conversions,948.36,64683,47233,2590,451,213,42532.86,USD,2026-02-20 23:30:00
2026-02-21,GGL-CAM-006,Google Ads,GGL-ACC-001,Google Campaign 06,Conversions,822.29,93240,61110,5977,489,246,53825.13,USD,2026-02-21 23:30:00
2026-02-22,GGL-CAM-006,Google Ads,GGL-ACC-001,Google Campaign 06,Conversions,636.06,47607,39729,2138,295,123,14414.35,USD,2026-02-22 23:30:00
2026-02-23,GGL-CAM-006,Google Ads,GGL-ACC-001,Google Campaign 06,Conversions,901.7,121398,109130,6234,622,301,58757.12,USD,2026-02-23 23:30:00
2026-02-24,GGL-CAM-006,Google Ads,GGL-ACC-001,Google Campaign 06,Conversions,1059.91,90737,56629,3532,494,259,40095.61,USD,2026-02-24 23:30:00
2026-02-25,GGL-CAM-006,Google Ads,GGL-ACC-001,Google Campaign 06,Conversions,888.59,103346,58315,3891,685,349,45489.31,USD,2026-02-25 23:30:00
2026-02-26,GGL-CAM-006,Google Ads,GGL-ACC-001,Google Campaign 06,Conversions,785.12,75023,53455,3602,608,299,65528.0,USD,2026-02-26 23:30:00
2026-02-27,GGL-CAM-006,Google Ads,GGL-ACC-001,Google Campaign 06,Conversions,1084.13,110768,91324,5006,381,194,22833.95,USD,2026-02-27 23:30:00
2026-02-28,GGL-CAM-006,Google Ads,GGL-ACC-001,Google Campaign 06,Conversions,671.12,43589,38923,2349,227,103,14052.72,USD,2026-02-28 23:30:00
2026-03-01,GGL-CAM-006,Google Ads,GGL-ACC-001,Google Campaign 06,Conversions,677.26,71405,62679,3533,434,216,19042.56,USD,2026-03-01 23:30:00
2026-03-02,GGL-CAM-006,Google Ads,GGL-ACC-001,Google Campaign 06,Conversions,1006.71,90206,72263,4334,652,317,40294.15,USD,2026-03-02 23:30:00
2026-03-03,GGL-CAM-006,Google Ads,GGL-ACC-001,Google Campaign 06,Conversions,829.43,47733,41107,2201,315,142,25055.41,USD,2026-03-03 23:30:00
2026-03-04,GGL-CAM-006,Google Ads,GGL-ACC-001,Google Campaign 06,Conversions,1118.28,92067,74679,4722,797,393,54049.82,USD,2026-03-04 23:30:00
2026-03-05,GGL-CAM-006,Google Ads,GGL-ACC-001,Google Campaign 06,Conversions,981.64,77118,68370,2756,446,206,32381.96,USD,2026-03-05 23:30:00
2026-03-06,GGL-CAM-006,Google Ads,GGL-ACC-001,Google Campaign 06,Conversions,866.35,68615,49651,3729,440,211,26917.8,USD,2026-03-06 23:30:00
2026-03-07,GGL-CAM-006,Google Ads,GGL-ACC-001,Google Campaign 06,Conversions,735.73,83037,73571,2494,436,211,36632.89,USD,2026-03-07 23:30:00
2026-03-08,GGL-CAM-006,Google Ads,GGL-ACC-001,Google Campaign 06,Conversions,608.35,37962,23534,2245,198,93,11325.86,USD,2026-03-08 23:30:00
2026-03-09,GGL-CAM-006,Google Ads,GGL-ACC-001,Google Campaign 06,Conversions,876.41,91766,73868,5223,701,340,32941.61,USD,2026-03-09 23:30:00
2026-03-10,GGL-CAM-006,Google Ads,GGL-ACC-001,Google Campaign 06,Conversions,688.5,98348,69338,6211,1013,538,137597.32,USD,2026-03-10 23:30:00
2026-03-11,GGL-CAM-006,Google Ads,GGL-ACC-001,Google Campaign 06,Conversions,909.03,66878,38288,2946,505,263,30208.12,USD,2026-03-11 23:30:00
2026-03-12,GGL-CAM-006,Google Ads,GGL-ACC-001,Google Campaign 06,Conversions,1095.13,95844,61649,2486,251,145,24965.14,USD,2026-03-12 23:30:00
2026-03-13,GGL-CAM-006,Google Ads,GGL-ACC-001,Google Campaign 06,Conversions,855.8,50657,40883,3145,332,189,41668.25,USD,2026-03-13 23:30:00
2026-03-14,GGL-CAM-006,Google Ads,GGL-ACC-001,Google Campaign 06,Conversions,746.11,67589,58816,1740,135,66,10828.23,USD,2026-03-14 23:30:00
2026-03-15,GGL-CAM-006,Google Ads,GGL-ACC-001,Google Campaign 06,Conversions,525.47,42440,26939,1825,161,87,11230.93,USD,2026-03-15 23:30:00
2026-03-16,GGL-CAM-006,Google Ads,GGL-ACC-001,Google Campaign 06,Conversions,911.67,102901,66684,5761,482,251,37251.04,USD,2026-03-16 23:30:00
2026-03-17,GGL-CAM-006,Google Ads,GGL-ACC-001,Google Campaign 06,Conversions,982.88,114206,63761,4176,442,212,36116.75,USD,2026-03-17 23:30:00
2026-03-18,GGL-CAM-006,Google Ads,GGL-ACC-001,Google Campaign 06,Conversions,721.42,91577,57466,3820,665,353,67961.1,USD,2026-03-18 23:30:00
2026-03-19,GGL-CAM-006,Google Ads,GGL-ACC-001,Google Campaign 06,Conversions,1112.35,88056,74520,4134,529,292,50954.54,USD,2026-03-19 23:30:00
2026-03-20,GGL-CAM-006,Google Ads,GGL-ACC-001,Google Campaign 06,Conversions,1013.81,80737,54799,4434,379,174,23638.44,USD,2026-03-20 23:30:00
2026-03-21,GGL-CAM-006,Google Ads,GGL-ACC-001,Google Campaign 06,Conversions,731.99,55843,45471,1619,270,136,22411.1,USD,2026-03-21 23:30:00
2026-03-22,GGL-CAM-006,Google Ads,GGL-ACC-001,Google Campaign 06,Conversions,771.94,83109,74100,3200,523,252,50926.04,USD,2026-03-22 23:30:00
2026-03-23,GGL-CAM-006,Google Ads,GGL-ACC-001,Google Campaign 06,Conversions,1064.53,102194,60226,4439,654,334,63302.19,USD,2026-03-23 23:30:00
2026-03-24,GGL-CAM-006,Google Ads,GGL-ACC-001,Google Campaign 06,Conversions,1039.4,96017,80710,5766,543,284,29067.19,USD,2026-03-24 23:30:00
2026-03-25,GGL-CAM-006,Google Ads,GGL-ACC-001,Google Campaign 06,Conversions,922.75,79467,45099,2603,266,143,21513.74,USD,2026-03-25 23:30:00
2026-03-26,GGL-CAM-006,Google Ads,GGL-ACC-001,Google Campaign 06,Conversions,867.39,52220,35592,1463,136,82,16305.6,USD,2026-03-26 23:30:00
2026-03-27,GGL-CAM-006,Google Ads,GGL-ACC-001,Google Campaign 06,Conversions,891.32,69182,38274,4155,665,357,39529.77,USD,2026-03-27 23:30:00
2026-03-28,GGL-CAM-006,Google Ads,GGL-ACC-001,Google Campaign 06,Conversions,611.21,50654,37341,2255,160,83,14735.37,USD,2026-03-28 23:30:00
2026-03-29,GGL-CAM-006,Google Ads,GGL-ACC-001,Google Campaign 06,Conversions,767.91,83585,61407,3789,314,147,26044.22,USD,2026-03-29 23:30:00
2026-03-30,GGL-CAM-006,Google Ads,GGL-ACC-001,Google Campaign 06,Conversions,863.84,68061,57173,4218,531,312,54241.48,USD,2026-03-30 23:30:00
2026-03-31,GGL-CAM-006,Google Ads,GGL-ACC-001,Google Campaign 06,Conversions,816.53,50868,31025,1655,253,115,16355.63,USD,2026-03-31 23:30:00
2026-04-01,GGL-CAM-006,Google Ads,GGL-ACC-001,Google Campaign 06,Conversions,701.64,86097,53046,2970,333,159,22938.11,USD,2026-04-01 23:30:00
2026-04-02,GGL-CAM-006,Google Ads,GGL-ACC-001,Google Campaign 06,Conversions,982.63,59720,49843,2105,216,113,24840.92,USD,2026-04-02 23:30:00
2026-04-03,GGL-CAM-006,Google Ads,GGL-ACC-001,Google Campaign 06,Conversions,844.99,48282,40330,2995,531,253,47502.03,USD,2026-04-03 23:30:00
2026-04-04,GGL-CAM-006,Google Ads,GGL-ACC-001,Google Campaign 06,Conversions,549.28,30915,18082,1861,163,88,8441.69,USD,2026-04-04 23:30:00
2026-04-05,GGL-CAM-006,Google Ads,GGL-ACC-001,Google Campaign 06,Conversions,572.09,52024,32523,2343,184,92,14879.65,USD,2026-04-05 23:30:00
2026-04-06,GGL-CAM-006,Google Ads,GGL-ACC-001,Google Campaign 06,Conversions,853.09,67260,49811,3661,504,239,49229.31,USD,2026-04-06 23:30:00
2026-04-07,GGL-CAM-006,Google Ads,GGL-ACC-001,Google Campaign 06,Conversions,767.25,59683,45576,1673,257,122,21201.41,USD,2026-04-07 23:30:00
2026-04-08,GGL-CAM-006,Google Ads,GGL-ACC-001,Google Campaign 06,Conversions,1086.06,62668,43644,3250,217,152,26684.51,USD,2026-04-08 23:30:00
2026-04-09,GGL-CAM-006,Google Ads,GGL-ACC-001,Google Campaign 06,Conversions,950.84,80243,47148,4041,628,296,26740.01,USD,2026-04-09 23:30:00
2026-04-10,GGL-CAM-006,Google Ads,GGL-ACC-001,Google Campaign 06,Conversions,733.94,85322,50120,2247,283,162,41475.53,USD,2026-04-10 23:30:00
2026-04-11,GGL-CAM-006,Google Ads,GGL-ACC-001,Google Campaign 06,Conversions,535.66,42674,36778,2256,310,159,35410.5,USD,2026-04-11 23:30:00
2026-04-12,GGL-CAM-006,Google Ads,GGL-ACC-001,Google Campaign 06,Conversions,532.0,42703,24246,2476,276,115,12998.93,USD,2026-04-12 23:30:00
2026-04-13,GGL-CAM-006,Google Ads,GGL-ACC-001,Google Campaign 06,Conversions,742.23,78690,65064,2830,363,213,22756.95,USD,2026-04-13 23:30:00
2026-04-14,GGL-CAM-006,Google Ads,GGL-ACC-001,Google Campaign 06,Conversions,800.83,63495,35348,1912,297,140,20297.2,USD,2026-04-14 23:30:00
2026-04-15,GGL-CAM-006,Google Ads,GGL-ACC-001,Google Campaign 06,Conversions,1032.96,66653,42404,2122,149,88,17540.33,USD,2026-04-15 23:30:00
2026-04-16,GGL-CAM-006,Google Ads,GGL-ACC-001,Google Campaign 06,Conversions,993.87,58678,40275,1711,299,177,33785.79,USD,2026-04-16 23:30:00
2026-04-17,GGL-CAM-006,Google Ads,GGL-ACC-001,Google Campaign 06,Conversions,1077.6,71092,55642,2876,290,124,19603.77,USD,2026-04-17 23:30:00
2026-04-18,GGL-CAM-006,Google Ads,GGL-ACC-001,Google Campaign 06,Conversions,660.19,65056,53595,2144,365,185,18051.08,USD,2026-04-18 23:30:00
2026-04-19,GGL-CAM-006,Google Ads,GGL-ACC-001,Google Campaign 06,Conversions,566.2,44102,27274,2143,204,91,13728.83,USD,2026-04-19 23:30:00
2026-04-20,GGL-CAM-006,Google Ads,GGL-ACC-001,Google Campaign 06,Conversions,800.66,56951,45400,3285,411,178,20906.17,USD,2026-04-20 23:30:00
2026-04-21,GGL-CAM-006,Google Ads,GGL-ACC-001,Google Campaign 06,Conversions,754.03,48306,26973,2087,320,149,22135.79,USD,2026-04-21 23:30:00
2026-04-22,GGL-CAM-006,Google Ads,GGL-ACC-001,Google Campaign 06,Conversions,811.09,77666,54320,4488,597,283,49233.79,USD,2026-04-22 23:30:00
2026-04-23,GGL-CAM-006,Google Ads,GGL-ACC-001,Google Campaign 06,Conversions,1048.9,80239,56794,2747,429,221,31926.23,USD,2026-04-23 23:30:00
2026-04-24,GGL-CAM-006,Google Ads,GGL-ACC-001,Google Campaign 06,Conversions,798.48,73411,44736,3464,331,146,29778.82,USD,2026-04-24 23:30:00
2026-04-25,GGL-CAM-006,Google Ads,GGL-ACC-001,Google Campaign 06,Conversions,761.77,51115,41498,2852,349,186,32685.59,USD,2026-04-25 23:30:00
2026-04-26,GGL-CAM-006,Google Ads,GGL-ACC-001,Google Campaign 06,Conversions,744.88,61225,39360,3448,490,269,51289.54,USD,2026-04-26 23:30:00
2026-04-27,GGL-CAM-006,Google Ads,GGL-ACC-001,Google Campaign 06,Conversions,1105.11,75861,48878,4301,444,216,18886.76,USD,2026-04-27 23:30:00
2026-04-28,GGL-CAM-006,Google Ads,GGL-ACC-001,Google Campaign 06,Conversions,1101.7,113931,69665,7367,649,321,53864.08,USD,2026-04-28 23:30:00
2026-04-29,GGL-CAM-006,Google Ads,GGL-ACC-001,Google Campaign 06,Conversions,1133.45,97416,85556,5528,675,329,59431.56,USD,2026-04-29 23:30:00
2026-04-30,GGL-CAM-006,Google Ads,GGL-ACC-001,Google Campaign 06,Conversions,909.49,70144,61306,3909,308,157,19521.98,USD,2026-04-30 23:30:00
2026-05-01,GGL-CAM-006,Google Ads,GGL-ACC-001,Google Campaign 06,Conversions,772.25,54773,42110,2277,393,178,39625.42,USD,2026-05-01 23:30:00
2026-05-02,GGL-CAM-006,Google Ads,GGL-ACC-001,Google Campaign 06,Conversions,596.85,33436,25837,1549,135,69,14130.74,USD,2026-05-02 23:30:00
2026-05-03,GGL-CAM-006,Google Ads,GGL-ACC-001,Google Campaign 06,Conversions,780.75,51149,45953,2666,236,122,17993.35,USD,2026-05-03 23:30:00
2026-05-04,GGL-CAM-006,Google Ads,GGL-ACC-001,Google Campaign 06,Conversions,1012.86,121923,103243,3120,487,278,34249.5,USD,2026-05-04 23:30:00
2026-05-05,GGL-CAM-006,Google Ads,GGL-ACC-001,Google Campaign 06,Conversions,1123.34,101712,75896,4947,635,273,44570.44,USD,2026-05-05 23:30:00
2026-05-06,GGL-CAM-006,Google Ads,GGL-ACC-001,Google Campaign 06,Conversions,1105.34,103760,90144,3237,511,280,42832.01,USD,2026-05-06 23:30:00
2026-05-07,GGL-CAM-006,Google Ads,GGL-ACC-001,Google Campaign 06,Conversions,776.72,87072,64797,3173,391,205,28305.92,USD,2026-05-07 23:30:00
2026-05-08,GGL-CAM-006,Google Ads,GGL-ACC-001,Google Campaign 06,Conversions,706.33,60620,50566,2887,309,166,33479.54,USD,2026-05-08 23:30:00
2026-05-09,GGL-CAM-006,Google Ads,GGL-ACC-001,Google Campaign 06,Conversions,742.65,49815,37133,2699,209,121,21397.34,USD,2026-05-09 23:30:00
2026-05-10,GGL-CAM-006,Google Ads,GGL-ACC-001,Google Campaign 06,Conversions,568.45,33260,19719,1352,233,127,12938.7,USD,2026-05-10 23:30:00
2026-05-11,GGL-CAM-006,Google Ads,GGL-ACC-001,Google Campaign 06,Conversions,1076.55,115357,103801,3020,379,182,23569.55,USD,2026-05-11 23:30:00
2026-05-12,GGL-CAM-006,Google Ads,GGL-ACC-001,Google Campaign 06,Conversions,784.71,48476,42586,2944,476,214,24254.91,USD,2026-05-12 23:30:00
2026-05-13,GGL-CAM-006,Google Ads,GGL-ACC-001,Google Campaign 06,Conversions,796.55,104906,82398,2673,392,184,24637.65,USD,2026-05-13 23:30:00
2026-05-14,GGL-CAM-006,Google Ads,GGL-ACC-001,Google Campaign 06,Conversions,1018.36,90453,65080,3170,272,149,21670.77,USD,2026-05-14 23:30:00
2026-05-15,GGL-CAM-006,Google Ads,GGL-ACC-001,Google Campaign 06,Conversions,731.19,56030,32001,2502,301,175,39266.29,USD,2026-05-15 23:30:00
2026-05-16,GGL-CAM-006,Google Ads,GGL-ACC-001,Google Campaign 06,Conversions,834.91,70303,60083,2281,299,145,34930.79,USD,2026-05-16 23:30:00
2026-05-17,GGL-CAM-006,Google Ads,GGL-ACC-001,Google Campaign 06,Conversions,788.99,60042,51046,2281,231,115,9695.97,USD,2026-05-17 23:30:00
2026-05-18,GGL-CAM-006,Google Ads,GGL-ACC-001,Google Campaign 06,Conversions,851.12,50443,28310,3171,375,174,23667.2,USD,2026-05-18 23:30:00
2026-05-19,GGL-CAM-006,Google Ads,GGL-ACC-001,Google Campaign 06,Conversions,1012.56,71901,45588,3991,644,338,64199.62,USD,2026-05-19 23:30:00
2026-05-20,GGL-CAM-006,Google Ads,GGL-ACC-001,Google Campaign 06,Conversions,1094.45,134969,115701,4779,465,197,21274.39,USD,2026-05-20 23:30:00
2026-05-21,GGL-CAM-006,Google Ads,GGL-ACC-001,Google Campaign 06,Conversions,813.81,48308,36006,2481,296,136,27955.68,USD,2026-05-21 23:30:00
2026-05-22,GGL-CAM-006,Google Ads,GGL-ACC-001,Google Campaign 06,Conversions,1025.33,66558,47034,3312,319,157,14055.11,USD,2026-05-22 23:30:00
2026-05-23,GGL-CAM-006,Google Ads,GGL-ACC-001,Google Campaign 06,Conversions,523.9,33741,27440,1554,154,84,11400.61,USD,2026-05-23 23:30:00
2026-05-24,GGL-CAM-006,Google Ads,GGL-ACC-001,Google Campaign 06,Conversions,727.59,58024,43863,3525,635,293,70732.99,USD,2026-05-24 23:30:00
2026-05-25,GGL-CAM-006,Google Ads,GGL-ACC-001,Google Campaign 06,Conversions,959.54,73099,44334,3744,446,243,21112.29,USD,2026-05-25 23:30:00
2026-05-26,GGL-CAM-006,Google Ads,GGL-ACC-001,Google Campaign 06,Conversions,949.0,85557,76444,5037,772,419,63948.97,USD,2026-05-26 23:30:00
2026-05-27,GGL-CAM-006,Google Ads,GGL-ACC-001,Google Campaign 06,Conversions,913.93,85291,61600,4530,442,206,28243.07,USD,2026-05-27 23:30:00
2026-05-28,GGL-CAM-006,Google Ads,GGL-ACC-001,Google Campaign 06,Conversions,724.19,90110,51861,2871,219,125,24226.68,USD,2026-05-28 23:30:00
2026-05-29,GGL-CAM-006,Google Ads,GGL-ACC-001,Google Campaign 06,Conversions,991.12,61819,48044,2764,453,231,36852.96,USD,2026-05-29 23:30:00
2026-05-30,GGL-CAM-006,Google Ads,GGL-ACC-001,Google Campaign 06,Conversions,826.06,62396,53725,2941,215,105,16292.71,USD,2026-05-30 23:30:00
2026-05-31,GGL-CAM-006,Google Ads,GGL-ACC-001,Google Campaign 06,Conversions,653.13,67734,46538,2452,193,85,17656.62,USD,2026-05-31 23:30:00
2026-06-01,GGL-CAM-006,Google Ads,GGL-ACC-001,Google Campaign 06,Conversions,907.68,53173,32675,1596,178,91,11896.95,USD,2026-06-01 23:30:00
2026-06-02,GGL-CAM-006,Google Ads,GGL-ACC-001,Google Campaign 06,Conversions,1011.91,131191,94874,7281,861,437,83784.74,USD,2026-06-02 23:30:00
2026-06-03,GGL-CAM-006,Google Ads,GGL-ACC-001,Google Campaign 06,Conversions,967.76,59224,47444,3552,337,150,18698.6,USD,2026-06-03 23:30:00
2026-06-04,GGL-CAM-006,Google Ads,GGL-ACC-001,Google Campaign 06,Conversions,759.57,49357,30034,1631,157,73,13340.72,USD,2026-06-04 23:30:00
2026-06-05,GGL-CAM-006,Google Ads,GGL-ACC-001,Google Campaign 06,Conversions,735.29,100545,74368,5044,870,451,59501.37,USD,2026-06-05 23:30:00
2026-06-06,GGL-CAM-006,Google Ads,GGL-ACC-001,Google Campaign 06,Conversions,599.76,74935,49885,3908,586,303,71399.37,USD,2026-06-06 23:30:00
2026-06-07,GGL-CAM-006,Google Ads,GGL-ACC-001,Google Campaign 06,Conversions,774.43,47033,33696,2067,322,157,25418.11,USD,2026-06-07 23:30:00
2026-06-08,GGL-CAM-006,Google Ads,GGL-ACC-001,Google Campaign 06,Conversions,1039.04,98956,54833,3529,606,322,41504.84,USD,2026-06-08 23:30:00
2026-06-09,GGL-CAM-006,Google Ads,GGL-ACC-001,Google Campaign 06,Conversions,990.98,73587,52605,3315,505,284,25134.61,USD,2026-06-09 23:30:00
2026-06-10,GGL-CAM-006,Google Ads,GGL-ACC-001,Google Campaign 06,Conversions,877.78,77150,54054,2885,348,196,27724.05,USD,2026-06-10 23:30:00
2026-06-11,GGL-CAM-006,Google Ads,GGL-ACC-001,Google Campaign 06,Conversions,730.9,63530,46556,2540,418,197,37711.35,USD,2026-06-11 23:30:00
2026-06-12,GGL-CAM-006,Google Ads,GGL-ACC-001,Google Campaign 06,Conversions,1125.78,159021,133135,5989,822,460,84026.62,USD,2026-06-12 23:30:00
2026-06-13,GGL-CAM-006,Google Ads,GGL-ACC-001,Google Campaign 06,Conversions,820.41,97580,86231,6334,597,297,55122.07,USD,2026-06-13 23:30:00
2026-06-14,GGL-CAM-006,Google Ads,GGL-ACC-001,Google Campaign 06,Conversions,587.19,77373,43330,4129,553,275,50539.84,USD,2026-06-14 23:30:00
2026-06-15,GGL-CAM-006,Google Ads,GGL-ACC-001,Google Campaign 06,Conversions,904.59,98356,59824,3412,422,216,28550.66,USD,2026-06-15 23:30:00
2026-06-16,GGL-CAM-006,Google Ads,GGL-ACC-001,Google Campaign 06,Conversions,1071.51,68467,48071,2396,262,123,19667.23,USD,2026-06-16 23:30:00
2026-06-17,GGL-CAM-006,Google Ads,GGL-ACC-001,Google Campaign 06,Conversions,944.1,76327,44661,4739,571,311,48863.53,USD,2026-06-17 23:30:00
2026-06-18,GGL-CAM-006,Google Ads,GGL-ACC-001,Google Campaign 06,Conversions,1075.55,76981,66709,4634,789,409,91693.09,USD,2026-06-18 23:30:00
2026-06-19,GGL-CAM-006,Google Ads,GGL-ACC-001,Google Campaign 06,Conversions,762.43,60821,52470,2651,441,239,43460.31,USD,2026-06-19 23:30:00
2026-06-20,GGL-CAM-006,Google Ads,GGL-ACC-001,Google Campaign 06,Conversions,815.36,89250,72375,2696,493,261,49745.23,USD,2026-06-20 23:30:00
2026-06-21,GGL-CAM-006,Google Ads,GGL-ACC-001,Google Campaign 06,Conversions,569.57,45352,29217,2308,268,136,19955.09,USD,2026-06-21 23:30:00
2026-06-22,GGL-CAM-006,Google Ads,GGL-ACC-001,Google Campaign 06,Conversions,1038.08,76914,44516,3800,295,155,34326.75,USD,2026-06-22 23:30:00
2026-06-23,GGL-CAM-006,Google Ads,GGL-ACC-001,Google Campaign 06,Conversions,954.41,82270,48230,3897,363,170,29445.45,USD,2026-06-23 23:30:00
2026-06-24,GGL-CAM-006,Google Ads,GGL-ACC-001,Google Campaign 06,Conversions,895.77,55243,37043,1718,136,81,14888.17,USD,2026-06-24 23:30:00
2026-06-25,GGL-CAM-006,Google Ads,GGL-ACC-001,Google Campaign 06,Conversions,802.52,54850,44160,3037,517,259,70157.15,USD,2026-06-25 23:30:00
2026-06-26,GGL-CAM-006,Google Ads,GGL-ACC-001,Google Campaign 06,Conversions,889.97,50921,37367,2973,482,240,50996.35,USD,2026-06-26 23:30:00
2026-06-27,GGL-CAM-006,Google Ads,GGL-ACC-001,Google Campaign 06,Conversions,655.48,37002,30788,2274,206,96,15429.47,USD,2026-06-27 23:30:00
2026-06-28,GGL-CAM-006,Google Ads,GGL-ACC-001,Google Campaign 06,Conversions,528.08,62463,39706,3345,382,197,28574.18,USD,2026-06-28 23:30:00
2026-06-29,GGL-CAM-006,Google Ads,GGL-ACC-001,Google Campaign 06,Conversions,966.49,128115,97912,7552,526,260,53432.21,USD,2026-06-29 23:30:00
2026-02-05,GGL-CAM-007,Google Ads,GGL-ACC-001,Google Campaign 07,Conversions,225.79,25565,17923,1179,157,56,8214.1,USD,2026-02-05 23:30:00
2026-02-06,GGL-CAM-007,Google Ads,GGL-ACC-001,Google Campaign 07,Conversions,238.52,19904,15268,905,136,68,8894.03,USD,2026-02-06 23:30:00
2026-02-07,GGL-CAM-007,Google Ads,GGL-ACC-001,Google Campaign 07,Conversions,240.37,18509,10639,1010,148,86,14993.4,USD,2026-02-07 23:30:00
2026-02-08,GGL-CAM-007,Google Ads,GGL-ACC-001,Google Campaign 07,Conversions,270.62,16095,12021,422,71,20,3575.38,USD,2026-02-08 23:30:00
2026-02-09,GGL-CAM-007,Google Ads,GGL-ACC-001,Google Campaign 07,Conversions,333.49,27180,16464,793,127,66,12437.09,USD,2026-02-09 23:30:00
2026-02-10,GGL-CAM-007,Google Ads,GGL-ACC-001,Google Campaign 07,Conversions,330.95,28071,16597,1153,167,77,15600.63,USD,2026-02-10 23:30:00
2026-02-11,GGL-CAM-007,Google Ads,GGL-ACC-001,Google Campaign 07,Conversions,324.35,18491,15641,529,63,31,3123.86,USD,2026-02-11 23:30:00
2026-02-12,GGL-CAM-007,Google Ads,GGL-ACC-001,Google Campaign 07,Conversions,364.26,35486,25383,1390,243,135,34869.81,USD,2026-02-12 23:30:00
2026-02-13,GGL-CAM-007,Google Ads,GGL-ACC-001,Google Campaign 07,Conversions,352.37,26914,21398,1243,140,73,8189.17,USD,2026-02-13 23:30:00
2026-02-14,GGL-CAM-007,Google Ads,GGL-ACC-001,Google Campaign 07,Conversions,186.84,14344,11646,708,54,23,4117.6,USD,2026-02-14 23:30:00
2026-02-15,GGL-CAM-007,Google Ads,GGL-ACC-001,Google Campaign 07,Conversions,203.9,12315,8026,572,88,41,4357.02,USD,2026-02-15 23:30:00
2026-02-16,GGL-CAM-007,Google Ads,GGL-ACC-001,Google Campaign 07,Conversions,343.92,24989,15667,1527,275,135,27231.93,USD,2026-02-16 23:30:00
2026-02-17,GGL-CAM-007,Google Ads,GGL-ACC-001,Google Campaign 07,Conversions,331.7,30014,26436,1187,208,112,17407.78,USD,2026-02-17 23:30:00
2026-02-18,GGL-CAM-007,Google Ads,GGL-ACC-001,Google Campaign 07,Conversions,366.63,39174,27470,1095,196,102,25037.1,USD,2026-02-18 23:30:00
2026-02-19,GGL-CAM-007,Google Ads,GGL-ACC-001,Google Campaign 07,Conversions,227.69,17613,11199,754,87,60,8199.16,USD,2026-02-19 23:30:00
2026-02-20,GGL-CAM-007,Google Ads,GGL-ACC-001,Google Campaign 07,Conversions,250.73,16997,12179,492,76,35,4003.24,USD,2026-02-20 23:30:00
2026-02-21,GGL-CAM-007,Google Ads,GGL-ACC-001,Google Campaign 07,Conversions,198.33,11334,6504,395,67,29,4827.37,USD,2026-02-21 23:30:00
2026-02-22,GGL-CAM-007,Google Ads,GGL-ACC-001,Google Campaign 07,Conversions,272.25,15551,9455,508,93,42,8728.04,USD,2026-02-22 23:30:00
2026-02-23,GGL-CAM-007,Google Ads,GGL-ACC-001,Google Campaign 07,Conversions,299.78,16839,13752,485,57,35,7289.21,USD,2026-02-23 23:30:00
2026-02-24,GGL-CAM-007,Google Ads,GGL-ACC-001,Google Campaign 07,Conversions,222.27,12559,9956,332,34,13,1731.53,USD,2026-02-24 23:30:00
2026-02-25,GGL-CAM-007,Google Ads,GGL-ACC-001,Google Campaign 07,Conversions,313.89,27677,19934,1104,140,63,7951.38,USD,2026-02-25 23:30:00
2026-02-26,GGL-CAM-007,Google Ads,GGL-ACC-001,Google Campaign 07,Conversions,254.31,26848,18773,880,91,39,6885.07,USD,2026-02-26 23:30:00
2026-02-27,GGL-CAM-007,Google Ads,GGL-ACC-001,Google Campaign 07,Conversions,315.73,23099,16001,1092,151,68,6648.29,USD,2026-02-27 23:30:00
2026-02-28,GGL-CAM-007,Google Ads,GGL-ACC-001,Google Campaign 07,Conversions,230.29,15607,10952,531,75,39,7628.42,USD,2026-02-28 23:30:00
2026-03-01,GGL-CAM-007,Google Ads,GGL-ACC-001,Google Campaign 07,Conversions,248.09,26893,21443,902,79,37,5625.82,USD,2026-03-01 23:30:00
2026-03-02,GGL-CAM-007,Google Ads,GGL-ACC-001,Google Campaign 07,Conversions,325.97,21808,13317,619,57,27,2192.52,USD,2026-03-02 23:30:00
2026-03-03,GGL-CAM-007,Google Ads,GGL-ACC-001,Google Campaign 07,Conversions,234.89,21851,12695,903,83,46,10781.92,USD,2026-03-03 23:30:00
2026-03-04,GGL-CAM-007,Google Ads,GGL-ACC-001,Google Campaign 07,Conversions,315.41,30910,19182,1233,192,104,19777.56,USD,2026-03-04 23:30:00
2026-03-05,GGL-CAM-007,Google Ads,GGL-ACC-001,Google Campaign 07,Conversions,239.55,20426,14982,914,57,38,9796.77,USD,2026-03-05 23:30:00
2026-03-06,GGL-CAM-007,Google Ads,GGL-ACC-001,Google Campaign 07,Conversions,295.16,31009,26482,926,101,61,7759.94,USD,2026-03-06 23:30:00
2026-03-07,GGL-CAM-007,Google Ads,GGL-ACC-001,Google Campaign 07,Conversions,263.56,25820,21372,778,136,80,14786.99,USD,2026-03-07 23:30:00
2026-03-08,GGL-CAM-007,Google Ads,GGL-ACC-001,Google Campaign 07,Conversions,255.28,25309,14680,1196,187,91,10044.54,USD,2026-03-08 23:30:00
2026-03-09,GGL-CAM-007,Google Ads,GGL-ACC-001,Google Campaign 07,Conversions,274.85,15559,10213,413,57,21,3980.23,USD,2026-03-09 23:30:00
2026-03-10,GGL-CAM-007,Google Ads,GGL-ACC-001,Google Campaign 07,Conversions,275.72,23078,13141,1078,78,32,7783.6,USD,2026-03-10 23:30:00
2026-03-11,GGL-CAM-007,Google Ads,GGL-ACC-001,Google Campaign 07,Conversions,234.15,23114,14459,1335,93,61,11584.41,USD,2026-03-11 23:30:00
2026-03-12,GGL-CAM-007,Google Ads,GGL-ACC-001,Google Campaign 07,Conversions,336.81,40066,33846,1502,195,100,17374.13,USD,2026-03-12 23:30:00
2026-03-13,GGL-CAM-007,Google Ads,GGL-ACC-001,Google Campaign 07,Conversions,351.56,36889,23838,930,125,76,9447.82,USD,2026-03-13 23:30:00
2026-03-14,GGL-CAM-007,Google Ads,GGL-ACC-001,Google Campaign 07,Conversions,248.23,16676,14212,813,89,37,3859.14,USD,2026-03-14 23:30:00
2026-03-15,GGL-CAM-007,Google Ads,GGL-ACC-001,Google Campaign 07,Conversions,186.66,16836,13158,561,87,54,8675.01,USD,2026-03-15 23:30:00
2026-03-16,GGL-CAM-007,Google Ads,GGL-ACC-001,Google Campaign 07,Conversions,229.18,21991,18829,831,95,57,9569.02,USD,2026-03-16 23:30:00
2026-03-17,GGL-CAM-007,Google Ads,GGL-ACC-001,Google Campaign 07,Conversions,346.09,21043,12795,865,136,59,11442.59,USD,2026-03-17 23:30:00
2026-03-18,GGL-CAM-007,Google Ads,GGL-ACC-001,Google Campaign 07,Conversions,278.1,32170,22849,1546,214,133,16978.15,USD,2026-03-18 23:30:00
2026-03-19,GGL-CAM-007,Google Ads,GGL-ACC-001,Google Campaign 07,Conversions,273.13,20593,16215,1085,146,68,16757.15,USD,2026-03-19 23:30:00
2026-03-20,GGL-CAM-007,Google Ads,GGL-ACC-001,Google Campaign 07,Conversions,348.66,24440,18001,1211,185,95,15689.76,USD,2026-03-20 23:30:00
2026-03-21,GGL-CAM-007,Google Ads,GGL-ACC-001,Google Campaign 07,Conversions,270.13,31716,24944,1542,149,84,8250.88,USD,2026-03-21 23:30:00
2026-03-22,GGL-CAM-007,Google Ads,GGL-ACC-001,Google Campaign 07,Conversions,239.43,13632,11824,479,95,52,10254.44,USD,2026-03-22 23:30:00
2026-03-23,GGL-CAM-007,Google Ads,GGL-ACC-001,Google Campaign 07,Conversions,289.64,23492,18908,1019,143,76,8326.96,USD,2026-03-23 23:30:00
2026-03-24,GGL-CAM-007,Google Ads,GGL-ACC-001,Google Campaign 07,Conversions,356.57,22586,12740,1418,184,106,14456.99,USD,2026-03-24 23:30:00
2026-03-25,GGL-CAM-007,Google Ads,GGL-ACC-001,Google Campaign 07,Conversions,240.25,21354,12409,880,71,42,4225.71,USD,2026-03-25 23:30:00
2026-03-26,GGL-CAM-007,Google Ads,GGL-ACC-001,Google Campaign 07,Conversions,227.86,13831,9389,795,51,26,3028.03,USD,2026-03-26 23:30:00
2026-03-27,GGL-CAM-007,Google Ads,GGL-ACC-001,Google Campaign 07,Conversions,260.91,34783,23903,1287,165,71,11441.22,USD,2026-03-27 23:30:00
2026-03-28,GGL-CAM-007,Google Ads,GGL-ACC-001,Google Campaign 07,Conversions,270.59,15959,12688,756,92,52,9182.96,USD,2026-03-28 23:30:00
2026-03-29,GGL-CAM-007,Google Ads,GGL-ACC-001,Google Campaign 07,Conversions,262.0,16284,11990,883,154,86,12232.87,USD,2026-03-29 23:30:00
2026-03-30,GGL-CAM-007,Google Ads,GGL-ACC-001,Google Campaign 07,Conversions,225.1,22036,17874,1128,161,77,9179.32,USD,2026-03-30 23:30:00
2026-03-31,GGL-CAM-007,Google Ads,GGL-ACC-001,Google Campaign 07,Conversions,326.9,35329,22993,1407,193,109,10942.69,USD,2026-03-31 23:30:00
2026-04-01,GGL-CAM-007,Google Ads,GGL-ACC-001,Google Campaign 07,Conversions,266.22,25201,15767,1314,197,101,13078.92,USD,2026-04-01 23:30:00
2026-04-02,GGL-CAM-007,Google Ads,GGL-ACC-001,Google Campaign 07,Conversions,271.64,17540,10749,452,75,30,5451.32,USD,2026-04-02 23:30:00
2026-04-03,GGL-CAM-007,Google Ads,GGL-ACC-001,Google Campaign 07,Conversions,343.42,24032,17303,1246,137,67,8481.69,USD,2026-04-03 23:30:00
2026-04-04,GGL-CAM-007,Google Ads,GGL-ACC-001,Google Campaign 07,Conversions,241.98,30453,17077,1788,264,157,37902.6,USD,2026-04-04 23:30:00
2026-04-05,GGL-CAM-007,Google Ads,GGL-ACC-001,Google Campaign 07,Conversions,239.53,16009,9523,980,155,82,15092.47,USD,2026-04-05 23:30:00
2026-04-06,GGL-CAM-007,Google Ads,GGL-ACC-001,Google Campaign 07,Conversions,359.06,36206,31514,2114,229,103,18836.13,USD,2026-04-06 23:30:00
2026-04-07,GGL-CAM-007,Google Ads,GGL-ACC-001,Google Campaign 07,Conversions,241.45,15534,10893,530,32,22,3001.75,USD,2026-04-07 23:30:00
2026-04-08,GGL-CAM-007,Google Ads,GGL-ACC-001,Google Campaign 07,Conversions,279.68,19493,14880,822,98,47,5109.35,USD,2026-04-08 23:30:00
2026-04-09,GGL-CAM-007,Google Ads,GGL-ACC-001,Google Campaign 07,Conversions,298.46,36324,22152,1820,169,95,17596.84,USD,2026-04-09 23:30:00
2026-04-10,GGL-CAM-007,Google Ads,GGL-ACC-001,Google Campaign 07,Conversions,272.28,23302,20170,757,122,55,9919.33,USD,2026-04-10 23:30:00
2026-04-11,GGL-CAM-007,Google Ads,GGL-ACC-001,Google Campaign 07,Conversions,264.3,24901,20029,1571,113,52,7478.36,USD,2026-04-11 23:30:00
2026-04-12,GGL-CAM-007,Google Ads,GGL-ACC-001,Google Campaign 07,Conversions,194.65,11556,7569,600,50,21,4304.76,USD,2026-04-12 23:30:00
2026-04-13,GGL-CAM-007,Google Ads,GGL-ACC-001,Google Campaign 07,Conversions,259.24,25672,19095,1262,190,96,18532.73,USD,2026-04-13 23:30:00
2026-04-14,GGL-CAM-007,Google Ads,GGL-ACC-001,Google Campaign 07,Conversions,240.02,15961,9426,426,25,17,2737.31,USD,2026-04-14 23:30:00
2026-04-15,GGL-CAM-007,Google Ads,GGL-ACC-001,Google Campaign 07,Conversions,324.84,44780,39437,1211,221,86,10872.72,USD,2026-04-15 23:30:00
2026-04-16,GGL-CAM-007,Google Ads,GGL-ACC-001,Google Campaign 07,Conversions,359.94,23109,15247,1134,143,70,11380.77,USD,2026-04-16 23:30:00
2026-04-17,GGL-CAM-007,Google Ads,GGL-ACC-001,Google Campaign 07,Conversions,343.3,28925,19074,855,136,59,5664.22,USD,2026-04-17 23:30:00
2026-04-18,GGL-CAM-007,Google Ads,GGL-ACC-001,Google Campaign 07,Conversions,184.22,20558,12349,1220,132,67,11379.03,USD,2026-04-18 23:30:00
2026-04-19,GGL-CAM-007,Google Ads,GGL-ACC-001,Google Campaign 07,Conversions,195.69,21863,17772,1301,149,76,7762.31,USD,2026-04-19 23:30:00
2026-04-20,GGL-CAM-007,Google Ads,GGL-ACC-001,Google Campaign 07,Conversions,275.32,20412,17811,1138,128,60,11674.04,USD,2026-04-20 23:30:00
2026-04-21,GGL-CAM-007,Google Ads,GGL-ACC-001,Google Campaign 07,Conversions,355.59,20598,14395,714,123,55,7754.15,USD,2026-04-21 23:30:00
2026-04-22,GGL-CAM-007,Google Ads,GGL-ACC-001,Google Campaign 07,Conversions,291.45,19035,15052,936,141,72,10282.78,USD,2026-04-22 23:30:00
2026-04-23,GGL-CAM-007,Google Ads,GGL-ACC-001,Google Campaign 07,Conversions,350.25,33195,24135,1554,114,65,10512.21,USD,2026-04-23 23:30:00
2026-04-24,GGL-CAM-007,Google Ads,GGL-ACC-001,Google Campaign 07,Conversions,235.16,20655,13240,615,76,34,3641.16,USD,2026-04-24 23:30:00
2026-04-25,GGL-CAM-007,Google Ads,GGL-ACC-001,Google Campaign 07,Conversions,176.53,10168,9077,469,85,41,6161.82,USD,2026-04-25 23:30:00
2026-04-26,GGL-CAM-007,Google Ads,GGL-ACC-001,Google Campaign 07,Conversions,268.12,22142,15618,1277,159,93,14020.74,USD,2026-04-26 23:30:00
2026-04-27,GGL-CAM-007,Google Ads,GGL-ACC-001,Google Campaign 07,Conversions,223.24,18110,16210,1055,156,101,14908.07,USD,2026-04-27 23:30:00
2026-04-28,GGL-CAM-007,Google Ads,GGL-ACC-001,Google Campaign 07,Conversions,348.5,42984,24124,1803,163,86,20417.98,USD,2026-04-28 23:30:00
2026-04-29,GGL-CAM-007,Google Ads,GGL-ACC-001,Google Campaign 07,Conversions,229.25,27074,17870,1420,126,65,15175.47,USD,2026-04-29 23:30:00
2026-04-30,GGL-CAM-007,Google Ads,GGL-ACC-001,Google Campaign 07,Conversions,305.47,18952,13624,931,109,44,8238.94,USD,2026-04-30 23:30:00
2026-05-01,GGL-CAM-007,Google Ads,GGL-ACC-001,Google Campaign 07,Conversions,300.95,17352,11416,637,80,38,9089.93,USD,2026-05-01 23:30:00
2026-05-02,GGL-CAM-007,Google Ads,GGL-ACC-001,Google Campaign 07,Conversions,258.2,15433,11719,803,91,52,7694.14,USD,2026-05-02 23:30:00
2026-05-03,GGL-CAM-007,Google Ads,GGL-ACC-001,Google Campaign 07,Conversions,206.92,12614,7892,507,88,31,4883.11,USD,2026-05-03 23:30:00
2026-05-04,GGL-CAM-007,Google Ads,GGL-ACC-001,Google Campaign 07,Conversions,343.94,44298,26319,2118,379,164,19584.3,USD,2026-05-04 23:30:00
2026-05-05,GGL-CAM-007,Google Ads,GGL-ACC-001,Google Campaign 07,Conversions,308.02,27204,19252,1606,254,144,23763.39,USD,2026-05-05 23:30:00
2026-05-06,GGL-CAM-007,Google Ads,GGL-ACC-001,Google Campaign 07,Conversions,360.83,30938,25912,1403,254,110,20996.75,USD,2026-05-06 23:30:00
2026-05-07,GGL-CAM-007,Google Ads,GGL-ACC-001,Google Campaign 07,Conversions,348.57,41768,24437,2461,296,140,17903.21,USD,2026-05-07 23:30:00
2026-05-08,GGL-CAM-007,Google Ads,GGL-ACC-001,Google Campaign 07,Conversions,262.8,17178,13747,619,73,42,4840.62,USD,2026-05-08 23:30:00
2026-05-09,GGL-CAM-007,Google Ads,GGL-ACC-001,Google Campaign 07,Conversions,252.01,17955,15360,925,84,57,5170.91,USD,2026-05-09 23:30:00
2026-05-10,GGL-CAM-007,Google Ads,GGL-ACC-001,Google Campaign 07,Conversions,237.87,15086,12461,687,71,27,3179.77,USD,2026-05-10 23:30:00
2026-05-11,GGL-CAM-007,Google Ads,GGL-ACC-001,Google Campaign 07,Conversions,353.54,32536,28346,1030,82,33,4202.28,USD,2026-05-11 23:30:00
2026-05-12,GGL-CAM-007,Google Ads,GGL-ACC-001,Google Campaign 07,Conversions,227.98,26707,23202,1257,128,52,5856.18,USD,2026-05-12 23:30:00
2026-05-13,GGL-CAM-007,Google Ads,GGL-ACC-001,Google Campaign 07,Conversions,310.9,20904,14679,1262,126,69,11132.73,USD,2026-05-13 23:30:00
2026-05-14,GGL-CAM-007,Google Ads,GGL-ACC-001,Google Campaign 07,Conversions,279.91,18660,14238,667,54,25,3989.17,USD,2026-05-14 23:30:00
2026-05-15,GGL-CAM-007,Google Ads,GGL-ACC-001,Google Campaign 07,Conversions,346.89,19875,15717,1290,144,79,11715.01,USD,2026-05-15 23:30:00
2026-05-16,GGL-CAM-007,Google Ads,GGL-ACC-001,Google Campaign 07,Conversions,265.37,36689,22981,1411,120,40,5048.96,USD,2026-05-16 23:30:00
2026-05-17,GGL-CAM-007,Google Ads,GGL-ACC-001,Google Campaign 07,Conversions,270.01,30659,25148,1056,121,65,8674.25,USD,2026-05-17 23:30:00
2026-05-18,GGL-CAM-007,Google Ads,GGL-ACC-001,Google Campaign 07,Conversions,357.01,20746,13919,735,75,49,6899.21,USD,2026-05-18 23:30:00
2026-05-19,GGL-CAM-007,Google Ads,GGL-ACC-001,Google Campaign 07,Conversions,275.83,31953,19879,1611,266,144,33546.27,USD,2026-05-19 23:30:00
2026-05-20,GGL-CAM-007,Google Ads,GGL-ACC-001,Google Campaign 07,Conversions,266.44,23309,18898,653,82,48,5573.41,USD,2026-05-20 23:30:00
2026-05-21,GGL-CAM-007,Google Ads,GGL-ACC-001,Google Campaign 07,Conversions,265.76,31646,20810,922,139,68,8096.68,USD,2026-05-21 23:30:00
2026-05-22,GGL-CAM-007,Google Ads,GGL-ACC-001,Google Campaign 07,Conversions,226.93,12724,9260,732,69,28,2466.66,USD,2026-05-22 23:30:00
2026-05-23,GGL-CAM-007,Google Ads,GGL-ACC-001,Google Campaign 07,Conversions,242.06,15212,9734,890,151,63,10903.92,USD,2026-05-23 23:30:00
2026-05-24,GGL-CAM-007,Google Ads,GGL-ACC-001,Google Campaign 07,Conversions,177.65,23454,18465,595,41,18,1818.93,USD,2026-05-24 23:30:00
2026-05-25,GGL-CAM-007,Google Ads,GGL-ACC-001,Google Campaign 07,Conversions,318.67,31069,25985,1474,232,123,25544.22,USD,2026-05-25 23:30:00
2026-05-26,GGL-CAM-007,Google Ads,GGL-ACC-001,Google Campaign 07,Conversions,348.9,49403,33459,3195,282,134,19428.37,USD,2026-05-26 23:30:00
2026-05-27,GGL-CAM-007,Google Ads,GGL-ACC-001,Google Campaign 07,Conversions,327.42,29475,18211,1907,315,142,17238.59,USD,2026-05-27 23:30:00
2026-05-28,GGL-CAM-007,Google Ads,GGL-ACC-001,Google Campaign 07,Conversions,253.23,28846,23840,998,104,70,12047.38,USD,2026-05-28 23:30:00
2026-05-29,GGL-CAM-007,Google Ads,GGL-ACC-001,Google Campaign 07,Conversions,244.86,15306,11571,560,75,17,3446.76,USD,2026-05-29 23:30:00
2026-05-30,GGL-CAM-007,Google Ads,GGL-ACC-001,Google Campaign 07,Conversions,230.96,14841,13219,426,46,25,2168.13,USD,2026-05-30 23:30:00
2026-05-31,GGL-CAM-007,Google Ads,GGL-ACC-001,Google Campaign 07,Conversions,227.64,22388,19448,1356,220,98,21503.06,USD,2026-05-31 23:30:00
2026-06-01,GGL-CAM-007,Google Ads,GGL-ACC-001,Google Campaign 07,Conversions,239.78,33474,23074,1920,342,144,34392.41,USD,2026-06-01 23:30:00
2026-06-02,GGL-CAM-007,Google Ads,GGL-ACC-001,Google Campaign 07,Conversions,338.76,31805,19382,1589,269,125,26365.45,USD,2026-06-02 23:30:00
2026-06-03,GGL-CAM-007,Google Ads,GGL-ACC-001,Google Campaign 07,Conversions,264.45,37768,27371,2029,153,85,9545.14,USD,2026-06-03 23:30:00
2026-06-04,GGL-CAM-007,Google Ads,GGL-ACC-001,Google Campaign 07,Conversions,322.39,30111,23956,1109,103,34,7439.27,USD,2026-06-04 23:30:00
2026-06-05,GGL-CAM-007,Google Ads,GGL-ACC-001,Google Campaign 07,Conversions,222.26,14507,13001,815,91,63,10943.88,USD,2026-06-05 23:30:00
2026-06-06,GGL-CAM-007,Google Ads,GGL-ACC-001,Google Campaign 07,Conversions,256.27,15424,10998,1001,112,43,7965.81,USD,2026-06-06 23:30:00
2026-06-07,GGL-CAM-007,Google Ads,GGL-ACC-001,Google Campaign 07,Conversions,183.42,19054,13709,1002,138,63,5621.36,USD,2026-06-07 23:30:00
2026-06-08,GGL-CAM-007,Google Ads,GGL-ACC-001,Google Campaign 07,Conversions,356.63,44583,40021,1344,127,73,17045.51,USD,2026-06-08 23:30:00
2026-06-09,GGL-CAM-007,Google Ads,GGL-ACC-001,Google Campaign 07,Conversions,345.12,40855,25275,1101,184,81,16408.39,USD,2026-06-09 23:30:00
2026-06-10,GGL-CAM-007,Google Ads,GGL-ACC-001,Google Campaign 07,Conversions,258.54,19843,12011,855,145,78,8491.6,USD,2026-06-10 23:30:00
2026-06-11,GGL-CAM-007,Google Ads,GGL-ACC-001,Google Campaign 07,Conversions,261.09,15855,11990,680,131,49,7593.9,USD,2026-06-11 23:30:00
2026-06-12,GGL-CAM-007,Google Ads,GGL-ACC-001,Google Campaign 07,Conversions,235.41,23464,14895,751,114,54,10950.48,USD,2026-06-12 23:30:00
2026-06-13,GGL-CAM-007,Google Ads,GGL-ACC-001,Google Campaign 07,Conversions,261.43,16855,14270,777,159,66,11363.79,USD,2026-06-13 23:30:00
2026-01-26,GGL-CAM-008,Google Ads,GGL-ACC-001,Google Campaign 08,Conversions,142.14,15255,10781,762,51,20,4394.4,USD,2026-01-26 23:30:00
2026-01-27,GGL-CAM-008,Google Ads,GGL-ACC-001,Google Campaign 08,Conversions,173.5,16679,10380,752,74,49,10145.25,USD,2026-01-27 23:30:00
2026-01-28,GGL-CAM-008,Google Ads,GGL-ACC-001,Google Campaign 08,Conversions,188.99,13637,10604,536,87,33,4947.64,USD,2026-01-28 23:30:00
2026-01-29,GGL-CAM-008,Google Ads,GGL-ACC-001,Google Campaign 08,Conversions,164.43,10728,8329,589,89,29,6281.97,USD,2026-01-29 23:30:00
2026-01-30,GGL-CAM-008,Google Ads,GGL-ACC-001,Google Campaign 08,Conversions,200.62,11639,8048,490,60,23,6188.85,USD,2026-01-30 23:30:00
2026-01-31,GGL-CAM-008,Google Ads,GGL-ACC-001,Google Campaign 08,Conversions,144.15,8668,5643,282,35,19,1551.2,USD,2026-01-31 23:30:00
2026-02-01,GGL-CAM-008,Google Ads,GGL-ACC-001,Google Campaign 08,Conversions,112.88,8119,4969,386,40,22,3435.85,USD,2026-02-01 23:30:00
2026-02-02,GGL-CAM-008,Google Ads,GGL-ACC-001,Google Campaign 08,Conversions,149.57,9008,5540,492,75,31,4578.76,USD,2026-02-02 23:30:00
2026-02-03,GGL-CAM-008,Google Ads,GGL-ACC-001,Google Campaign 08,Conversions,211.84,25766,17125,1389,142,54,13137.93,USD,2026-02-03 23:30:00
2026-02-04,GGL-CAM-008,Google Ads,GGL-ACC-001,Google Campaign 08,Conversions,166.67,9715,6525,347,67,33,5559.77,USD,2026-02-04 23:30:00
2026-02-05,GGL-CAM-008,Google Ads,GGL-ACC-001,Google Campaign 08,Conversions,178.37,11589,6488,571,45,35,7963.9,USD,2026-02-05 23:30:00
2026-02-06,GGL-CAM-008,Google Ads,GGL-ACC-001,Google Campaign 08,Conversions,168.7,23548,13591,710,63,27,3561.31,USD,2026-02-06 23:30:00
2026-02-07,GGL-CAM-008,Google Ads,GGL-ACC-001,Google Campaign 08,Conversions,130.33,11525,6497,359,45,16,3283.15,USD,2026-02-07 23:30:00
2026-02-08,GGL-CAM-008,Google Ads,GGL-ACC-001,Google Campaign 08,Conversions,134.05,7502,5211,386,53,28,2719.78,USD,2026-02-08 23:30:00
2026-02-09,GGL-CAM-008,Google Ads,GGL-ACC-001,Google Campaign 08,Conversions,170.64,21878,14415,1171,159,84,15704.44,USD,2026-02-09 23:30:00
2026-02-10,GGL-CAM-008,Google Ads,GGL-ACC-001,Google Campaign 08,Conversions,185.01,15486,8585,886,70,35,4080.4,USD,2026-02-10 23:30:00
2026-02-11,GGL-CAM-008,Google Ads,GGL-ACC-001,Google Campaign 08,Conversions,179.69,10644,6134,513,57,27,3198.37,USD,2026-02-11 23:30:00
2026-02-12,GGL-CAM-008,Google Ads,GGL-ACC-001,Google Campaign 08,Conversions,168.54,21588,19256,708,73,40,8595.13,USD,2026-02-12 23:30:00
2026-02-13,GGL-CAM-008,Google Ads,GGL-ACC-001,Google Campaign 08,Conversions,192.84,23447,13639,785,82,58,15396.2,USD,2026-02-13 23:30:00
2026-02-14,GGL-CAM-008,Google Ads,GGL-ACC-001,Google Campaign 08,Conversions,157.25,19066,14462,501,47,23,3041.72,USD,2026-02-14 23:30:00
2026-02-15,GGL-CAM-008,Google Ads,GGL-ACC-001,Google Campaign 08,Conversions,158.0,15104,8515,716,83,44,9032.39,USD,2026-02-15 23:30:00
2026-02-16,GGL-CAM-008,Google Ads,GGL-ACC-001,Google Campaign 08,Conversions,133.92,12179,9262,601,54,34,8334.09,USD,2026-02-16 23:30:00
2026-02-17,GGL-CAM-008,Google Ads,GGL-ACC-001,Google Campaign 08,Conversions,145.49,10111,7073,410,56,24,4884.63,USD,2026-02-17 23:30:00
2026-02-18,GGL-CAM-008,Google Ads,GGL-ACC-001,Google Campaign 08,Conversions,202.98,17629,13333,1137,133,69,10045.2,USD,2026-02-18 23:30:00
2026-02-19,GGL-CAM-008,Google Ads,GGL-ACC-001,Google Campaign 08,Conversions,170.2,15774,12453,789,126,88,10892.51,USD,2026-02-19 23:30:00
2026-02-20,GGL-CAM-008,Google Ads,GGL-ACC-001,Google Campaign 08,Conversions,209.67,22374,18492,934,79,41,3405.47,USD,2026-02-20 23:30:00
2026-02-21,GGL-CAM-008,Google Ads,GGL-ACC-001,Google Campaign 08,Conversions,134.52,8611,7126,254,44,33,3934.0,USD,2026-02-21 23:30:00
2026-02-22,GGL-CAM-008,Google Ads,GGL-ACC-001,Google Campaign 08,Conversions,137.64,15908,9829,817,78,42,5154.4,USD,2026-02-22 23:30:00
2026-02-23,GGL-CAM-008,Google Ads,GGL-ACC-001,Google Campaign 08,Conversions,172.92,12162,9987,719,77,30,4127.09,USD,2026-02-23 23:30:00
2026-02-24,GGL-CAM-008,Google Ads,GGL-ACC-001,Google Campaign 08,Conversions,140.29,13097,9021,659,47,30,4705.06,USD,2026-02-24 23:30:00
2026-02-25,GGL-CAM-008,Google Ads,GGL-ACC-001,Google Campaign 08,Conversions,132.75,11992,9767,436,81,41,7574.5,USD,2026-02-25 23:30:00
2026-02-26,GGL-CAM-008,Google Ads,GGL-ACC-001,Google Campaign 08,Conversions,207.18,17315,10470,1096,119,58,11495.08,USD,2026-02-26 23:30:00
2026-02-27,GGL-CAM-008,Google Ads,GGL-ACC-001,Google Campaign 08,Conversions,162.23,12585,9806,430,58,22,4257.8,USD,2026-02-27 23:30:00
2026-02-28,GGL-CAM-008,Google Ads,GGL-ACC-001,Google Campaign 08,Conversions,101.93,6110,4289,205,43,12,1528.7,USD,2026-02-28 23:30:00
2026-03-01,GGL-CAM-008,Google Ads,GGL-ACC-001,Google Campaign 08,Conversions,124.7,14408,9195,628,79,47,10285.86,USD,2026-03-01 23:30:00
2026-03-02,GGL-CAM-008,Google Ads,GGL-ACC-001,Google Campaign 08,Conversions,148.08,8459,4670,375,55,25,2597.53,USD,2026-03-02 23:30:00
2026-03-03,GGL-CAM-008,Google Ads,GGL-ACC-001,Google Campaign 08,Conversions,201.76,16029,10085,1040,160,84,10242.84,USD,2026-03-03 23:30:00
2026-03-04,GGL-CAM-008,Google Ads,GGL-ACC-001,Google Campaign 08,Conversions,192.03,15799,12037,663,71,30,3528.49,USD,2026-03-04 23:30:00
2026-03-05,GGL-CAM-008,Google Ads,GGL-ACC-001,Google Campaign 08,Conversions,185.18,12545,10544,654,72,31,3791.67,USD,2026-03-05 23:30:00
2026-03-06,GGL-CAM-008,Google Ads,GGL-ACC-001,Google Campaign 08,Conversions,145.28,8867,7373,299,20,10,2184.71,USD,2026-03-06 23:30:00
2026-03-07,GGL-CAM-008,Google Ads,GGL-ACC-001,Google Campaign 08,Conversions,158.66,17100,13324,657,64,30,2748.73,USD,2026-03-07 23:30:00
2026-03-08,GGL-CAM-008,Google Ads,GGL-ACC-001,Google Campaign 08,Conversions,108.32,9729,6944,625,92,53,12124.51,USD,2026-03-08 23:30:00
2026-03-09,GGL-CAM-008,Google Ads,GGL-ACC-001,Google Campaign 08,Conversions,198.82,11138,6130,467,56,34,2850.11,USD,2026-03-09 23:30:00
2026-03-10,GGL-CAM-008,Google Ads,GGL-ACC-001,Google Campaign 08,Conversions,131.89,9572,7680,311,29,12,2365.37,USD,2026-03-10 23:30:00
2026-03-11,GGL-CAM-008,Google Ads,GGL-ACC-001,Google Campaign 08,Conversions,207.62,21168,16405,604,43,19,3082.35,USD,2026-03-11 23:30:00
2026-03-12,GGL-CAM-008,Google Ads,GGL-ACC-001,Google Campaign 08,Conversions,183.56,11143,9647,495,49,22,3091.93,USD,2026-03-12 23:30:00
2026-03-13,GGL-CAM-008,Google Ads,GGL-ACC-001,Google Campaign 08,Conversions,176.69,15715,8835,882,124,74,6980.08,USD,2026-03-13 23:30:00
2026-03-14,GGL-CAM-008,Google Ads,GGL-ACC-001,Google Campaign 08,Conversions,153.75,11865,9502,480,37,15,3578.18,USD,2026-03-14 23:30:00
2026-03-15,GGL-CAM-008,Google Ads,GGL-ACC-001,Google Campaign 08,Conversions,100.29,6006,5028,303,30,16,2379.43,USD,2026-03-15 23:30:00
2026-03-16,GGL-CAM-008,Google Ads,GGL-ACC-001,Google Campaign 08,Conversions,202.91,16961,13182,833,143,64,15804.47,USD,2026-03-16 23:30:00
2026-03-17,GGL-CAM-008,Google Ads,GGL-ACC-001,Google Campaign 08,Conversions,189.75,24023,18048,730,65,26,5395.59,USD,2026-03-17 23:30:00
2026-03-18,GGL-CAM-008,Google Ads,GGL-ACC-001,Google Campaign 08,Conversions,172.99,11440,7109,510,41,22,1971.97,USD,2026-03-18 23:30:00
2026-03-19,GGL-CAM-008,Google Ads,GGL-ACC-001,Google Campaign 08,Conversions,151.53,10359,7652,638,68,35,3489.69,USD,2026-03-19 23:30:00
2026-03-20,GGL-CAM-008,Google Ads,GGL-ACC-001,Google Campaign 08,Conversions,182.93,11628,6779,414,63,27,4478.9,USD,2026-03-20 23:30:00
2026-03-21,GGL-CAM-008,Google Ads,GGL-ACC-001,Google Campaign 08,Conversions,114.23,8517,6913,230,21,15,3253.71,USD,2026-03-21 23:30:00
2026-03-22,GGL-CAM-008,Google Ads,GGL-ACC-001,Google Campaign 08,Conversions,136.22,11978,8746,400,55,20,4884.69,USD,2026-03-22 23:30:00
2026-03-23,GGL-CAM-008,Google Ads,GGL-ACC-001,Google Campaign 08,Conversions,198.29,12428,9974,669,102,59,7151.87,USD,2026-03-23 23:30:00
2026-03-24,GGL-CAM-008,Google Ads,GGL-ACC-001,Google Campaign 08,Conversions,166.12,19429,11516,1167,99,49,10425.23,USD,2026-03-24 23:30:00
2026-03-25,GGL-CAM-008,Google Ads,GGL-ACC-001,Google Campaign 08,Conversions,132.29,16054,14033,447,55,35,7296.97,USD,2026-03-25 23:30:00
2026-03-26,GGL-CAM-008,Google Ads,GGL-ACC-001,Google Campaign 08,Conversions,145.82,9155,5782,532,71,32,4307.41,USD,2026-03-26 23:30:00
2026-03-27,GGL-CAM-008,Google Ads,GGL-ACC-001,Google Campaign 08,Conversions,176.79,13119,10659,812,141,61,10167.05,USD,2026-03-27 23:30:00
2026-03-28,GGL-CAM-008,Google Ads,GGL-ACC-001,Google Campaign 08,Conversions,106.52,11926,8311,475,40,22,2520.3,USD,2026-03-28 23:30:00
2026-03-29,GGL-CAM-008,Google Ads,GGL-ACC-001,Google Campaign 08,Conversions,155.04,11278,7858,625,81,37,6747.61,USD,2026-03-29 23:30:00
2026-03-30,GGL-CAM-008,Google Ads,GGL-ACC-001,Google Campaign 08,Conversions,185.05,20651,11620,1279,192,113,19973.15,USD,2026-03-30 23:30:00
2026-03-31,GGL-CAM-008,Google Ads,GGL-ACC-001,Google Campaign 08,Conversions,142.13,7973,5598,344,26,18,2536.2,USD,2026-03-31 23:30:00
2026-04-01,GGL-CAM-008,Google Ads,GGL-ACC-001,Google Campaign 08,Conversions,196.69,14961,9733,408,61,36,3627.48,USD,2026-04-01 23:30:00
2026-04-02,GGL-CAM-008,Google Ads,GGL-ACC-001,Google Campaign 08,Conversions,135.91,10054,6038,371,23,13,1192.92,USD,2026-04-02 23:30:00
2026-04-03,GGL-CAM-008,Google Ads,GGL-ACC-001,Google Campaign 08,Conversions,129.32,9423,6559,587,60,25,4922.62,USD,2026-04-03 23:30:00
2026-04-04,GGL-CAM-008,Google Ads,GGL-ACC-001,Google Campaign 08,Conversions,107.74,10453,7394,535,79,41,5506.86,USD,2026-04-04 23:30:00
2026-04-05,GGL-CAM-008,Google Ads,GGL-ACC-001,Google Campaign 08,Conversions,128.39,12757,7944,800,149,60,5849.0,USD,2026-04-05 23:30:00
2026-04-06,GGL-CAM-008,Google Ads,GGL-ACC-001,Google Campaign 08,Conversions,155.7,9852,6591,492,63,44,5846.97,USD,2026-04-06 23:30:00
2026-04-07,GGL-CAM-008,Google Ads,GGL-ACC-001,Google Campaign 08,Conversions,202.19,22551,17662,1091,183,75,15314.16,USD,2026-04-07 23:30:00
2026-04-08,GGL-CAM-008,Google Ads,GGL-ACC-001,Google Campaign 08,Conversions,174.27,13393,11836,444,66,34,6752.88,USD,2026-04-08 23:30:00
2026-04-09,GGL-CAM-008,Google Ads,GGL-ACC-001,Google Campaign 08,Conversions,210.38,13468,7459,692,88,41,5267.63,USD,2026-04-09 23:30:00
2026-04-10,GGL-CAM-008,Google Ads,GGL-ACC-001,Google Campaign 08,Conversions,200.66,11980,8906,429,23,17,4123.93,USD,2026-04-10 23:30:00
2026-04-11,GGL-CAM-008,Google Ads,GGL-ACC-001,Google Campaign 08,Conversions,127.32,7215,4507,467,35,18,4349.24,USD,2026-04-11 23:30:00
2026-04-12,GGL-CAM-008,Google Ads,GGL-ACC-001,Google Campaign 08,Conversions,123.54,10567,7785,661,85,39,6140.43,USD,2026-04-12 23:30:00
2026-04-13,GGL-CAM-008,Google Ads,GGL-ACC-001,Google Campaign 08,Conversions,132.13,12322,10036,632,92,39,5795.69,USD,2026-04-13 23:30:00
2026-04-14,GGL-CAM-008,Google Ads,GGL-ACC-001,Google Campaign 08,Conversions,202.41,20406,18174,763,99,37,4809.18,USD,2026-04-14 23:30:00
2026-04-15,GGL-CAM-008,Google Ads,GGL-ACC-001,Google Campaign 08,Conversions,129.67,7707,6209,298,52,32,2832.6,USD,2026-04-15 23:30:00
2026-04-16,GGL-CAM-008,Google Ads,GGL-ACC-001,Google Campaign 08,Conversions,196.51,14170,8628,488,63,28,5516.2,USD,2026-04-16 23:30:00
2026-04-17,GGL-CAM-008,Google Ads,GGL-ACC-001,Google Campaign 08,Conversions,205.5,13693,10015,442,44,25,2918.47,USD,2026-04-17 23:30:00
2026-04-18,GGL-CAM-008,Google Ads,GGL-ACC-001,Google Campaign 08,Conversions,139.61,17842,15730,524,48,36,7112.52,USD,2026-04-18 23:30:00
2026-04-19,GGL-CAM-008,Google Ads,GGL-ACC-001,Google Campaign 08,Conversions,156.97,14198,10982,360,57,20,5394.55,USD,2026-04-19 23:30:00
2026-04-20,GGL-CAM-008,Google Ads,GGL-ACC-001,Google Campaign 08,Conversions,176.74,10831,6662,504,58,32,6891.07,USD,2026-04-20 23:30:00
2026-04-21,GGL-CAM-008,Google Ads,GGL-ACC-001,Google Campaign 08,Conversions,135.72,13845,11683,514,59,29,5043.41,USD,2026-04-21 23:30:00
2026-04-22,GGL-CAM-008,Google Ads,GGL-ACC-001,Google Campaign 08,Conversions,210.63,18023,10179,915,78,41,7306.83,USD,2026-04-22 23:30:00
2026-04-23,GGL-CAM-008,Google Ads,GGL-ACC-001,Google Campaign 08,Conversions,150.73,11203,7579,403,25,19,4625.18,USD,2026-04-23 23:30:00
2026-04-24,GGL-CAM-008,Google Ads,GGL-ACC-001,Google Campaign 08,Conversions,184.58,13556,10423,669,85,42,10832.41,USD,2026-04-24 23:30:00
2026-04-25,GGL-CAM-008,Google Ads,GGL-ACC-001,Google Campaign 08,Conversions,112.87,7060,4730,361,60,23,4535.77,USD,2026-04-25 23:30:00
2026-04-26,GGL-CAM-008,Google Ads,GGL-ACC-001,Google Campaign 08,Conversions,118.17,6692,4761,353,43,15,1692.2,USD,2026-04-26 23:30:00
2026-04-27,GGL-CAM-008,Google Ads,GGL-ACC-001,Google Campaign 08,Conversions,187.81,20297,11811,752,71,37,7685.79,USD,2026-04-27 23:30:00
2026-04-28,GGL-CAM-008,Google Ads,GGL-ACC-001,Google Campaign 08,Conversions,173.37,14691,10917,709,85,62,7531.33,USD,2026-04-28 23:30:00
2026-04-29,GGL-CAM-008,Google Ads,GGL-ACC-001,Google Campaign 08,Conversions,187.03,22936,17863,593,50,21,3572.36,USD,2026-04-29 23:30:00
2026-04-30,GGL-CAM-008,Google Ads,GGL-ACC-001,Google Campaign 08,Conversions,132.97,7409,5959,463,25,25,4922.46,USD,2026-04-30 23:30:00
2026-05-01,GGL-CAM-008,Google Ads,GGL-ACC-001,Google Campaign 08,Conversions,149.64,8605,5273,425,69,18,3194.47,USD,2026-05-01 23:30:00
2026-05-02,GGL-CAM-008,Google Ads,GGL-ACC-001,Google Campaign 08,Conversions,133.25,15921,9807,980,91,43,7108.17,USD,2026-05-02 23:30:00
2026-05-03,GGL-CAM-008,Google Ads,GGL-ACC-001,Google Campaign 08,Conversions,120.15,9117,5311,480,68,37,5689.29,USD,2026-05-03 23:30:00
2026-05-04,GGL-CAM-008,Google Ads,GGL-ACC-001,Google Campaign 08,Conversions,199.41,26568,22516,782,64,42,7078.78,USD,2026-05-04 23:30:00
2026-05-05,GGL-CAM-008,Google Ads,GGL-ACC-001,Google Campaign 08,Conversions,127.73,7113,5475,322,23,17,2254.44,USD,2026-05-05 23:30:00
2026-05-06,GGL-CAM-008,Google Ads,GGL-ACC-001,Google Campaign 08,Conversions,141.78,8728,7799,269,31,19,3554.47,USD,2026-05-06 23:30:00
2026-05-07,GGL-CAM-008,Google Ads,GGL-ACC-001,Google Campaign 08,Conversions,162.29,10387,8720,632,81,41,5025.46,USD,2026-05-07 23:30:00
2026-05-08,GGL-CAM-008,Google Ads,GGL-ACC-001,Google Campaign 08,Conversions,186.21,25608,20127,1331,217,106,14208.42,USD,2026-05-08 23:30:00
2026-05-09,GGL-CAM-008,Google Ads,GGL-ACC-001,Google Campaign 08,Conversions,141.9,13265,7736,421,61,27,4080.47,USD,2026-05-09 23:30:00
2026-05-10,GGL-CAM-008,Google Ads,GGL-ACC-001,Google Campaign 08,Conversions,116.22,10745,5990,284,27,15,3447.22,USD,2026-05-10 23:30:00
2026-05-11,GGL-CAM-008,Google Ads,GGL-ACC-001,Google Campaign 08,Conversions,155.07,10252,8702,649,112,45,5060.96,USD,2026-05-11 23:30:00
2026-05-12,GGL-CAM-008,Google Ads,GGL-ACC-001,Google Campaign 08,Conversions,174.65,11277,8370,311,43,20,2215.97,USD,2026-05-12 23:30:00
2026-05-13,GGL-CAM-008,Google Ads,GGL-ACC-001,Google Campaign 08,Conversions,189.06,26951,22702,1022,108,45,10721.64,USD,2026-05-13 23:30:00
2026-05-14,GGL-CAM-008,Google Ads,GGL-ACC-001,Google Campaign 08,Conversions,206.43,14987,10866,754,108,49,11684.56,USD,2026-05-14 23:30:00
2026-05-15,GGL-CAM-008,Google Ads,GGL-ACC-001,Google Campaign 08,Conversions,175.41,21558,12238,709,75,47,10988.16,USD,2026-05-15 23:30:00
2026-05-16,GGL-CAM-008,Google Ads,GGL-ACC-001,Google Campaign 08,Conversions,107.13,8620,7253,317,36,14,3136.87,USD,2026-05-16 23:30:00
2026-05-17,GGL-CAM-008,Google Ads,GGL-ACC-001,Google Campaign 08,Conversions,123.27,16462,10556,614,94,45,8813.56,USD,2026-05-17 23:30:00
2026-05-18,GGL-CAM-008,Google Ads,GGL-ACC-001,Google Campaign 08,Conversions,130.35,7877,5358,399,27,12,2281.45,USD,2026-05-18 23:30:00
2026-05-19,GGL-CAM-008,Google Ads,GGL-ACC-001,Google Campaign 08,Conversions,196.29,18692,13276,931,89,40,8986.16,USD,2026-05-19 23:30:00
2026-05-20,GGL-CAM-008,Google Ads,GGL-ACC-001,Google Campaign 08,Conversions,192.18,14516,9551,885,152,63,11476.48,USD,2026-05-20 23:30:00
2026-05-21,GGL-CAM-008,Google Ads,GGL-ACC-001,Google Campaign 08,Conversions,132.75,9702,5491,314,42,19,2192.8,USD,2026-05-21 23:30:00
2026-05-22,GGL-CAM-008,Google Ads,GGL-ACC-001,Google Campaign 08,Conversions,167.26,23625,14771,1524,202,101,12965.38,USD,2026-05-22 23:30:00
2026-05-23,GGL-CAM-008,Google Ads,GGL-ACC-001,Google Campaign 08,Conversions,100.44,13556,7967,415,77,30,4522.32,USD,2026-05-23 23:30:00
2026-05-24,GGL-CAM-008,Google Ads,GGL-ACC-001,Google Campaign 08,Conversions,156.61,9059,7353,331,29,19,2722.04,USD,2026-05-24 23:30:00
2026-05-25,GGL-CAM-008,Google Ads,GGL-ACC-001,Google Campaign 08,Conversions,160.23,9401,8109,518,45,26,5971.85,USD,2026-05-25 23:30:00
2026-05-26,GGL-CAM-008,Google Ads,GGL-ACC-001,Google Campaign 08,Conversions,136.85,15390,13007,643,98,49,4592.18,USD,2026-05-26 23:30:00
2026-05-27,GGL-CAM-008,Google Ads,GGL-ACC-001,Google Campaign 08,Conversions,148.59,15503,10854,661,57,26,4924.33,USD,2026-05-27 23:30:00
2026-05-28,GGL-CAM-008,Google Ads,GGL-ACC-001,Google Campaign 08,Conversions,135.28,8192,4985,432,32,16,3232.06,USD,2026-05-28 23:30:00
2026-05-29,GGL-CAM-008,Google Ads,GGL-ACC-001,Google Campaign 08,Conversions,206.08,20772,12618,889,128,53,8122.33,USD,2026-05-29 23:30:00
2026-05-30,GGL-CAM-008,Google Ads,GGL-ACC-001,Google Campaign 08,Conversions,146.19,19196,15466,572,97,46,8537.33,USD,2026-05-30 23:30:00
2026-05-31,GGL-CAM-008,Google Ads,GGL-ACC-001,Google Campaign 08,Conversions,111.88,14897,11104,699,89,38,9642.49,USD,2026-05-31 23:30:00
2026-06-01,GGL-CAM-008,Google Ads,GGL-ACC-001,Google Campaign 08,Conversions,134.39,8157,5205,475,54,32,5444.13,USD,2026-06-01 23:30:00
2026-06-02,GGL-CAM-008,Google Ads,GGL-ACC-001,Google Campaign 08,Conversions,167.14,15025,11327,856,156,80,11431.35,USD,2026-06-02 23:30:00
2026-06-03,GGL-CAM-008,Google Ads,GGL-ACC-001,Google Campaign 08,Conversions,173.02,13225,10786,785,72,38,4894.28,USD,2026-06-03 23:30:00
2026-06-04,GGL-CAM-008,Google Ads,GGL-ACC-001,Google Campaign 08,Conversions,178.35,22294,19699,1016,87,40,5662.56,USD,2026-06-04 23:30:00
2026-06-05,GGL-CAM-008,Google Ads,GGL-ACC-001,Google Campaign 08,Conversions,172.04,10519,9351,324,21,12,2745.36,USD,2026-06-05 23:30:00
2026-06-06,GGL-CAM-008,Google Ads,GGL-ACC-001,Google Campaign 08,Conversions,144.31,10025,5547,312,34,11,1195.55,USD,2026-06-06 23:30:00
2026-06-07,GGL-CAM-008,Google Ads,GGL-ACC-001,Google Campaign 08,Conversions,151.47,15764,13852,542,55,31,6120.02,USD,2026-06-07 23:30:00
2026-06-08,GGL-CAM-008,Google Ads,GGL-ACC-001,Google Campaign 08,Conversions,128.89,14236,9454,468,61,22,4022.27,USD,2026-06-08 23:30:00
2026-06-09,GGL-CAM-008,Google Ads,GGL-ACC-001,Google Campaign 08,Conversions,163.38,19290,13363,859,142,65,6825.48,USD,2026-06-09 23:30:00
2026-06-10,GGL-CAM-008,Google Ads,GGL-ACC-001,Google Campaign 08,Conversions,142.73,11446,8750,304,39,19,4486.41,USD,2026-06-10 23:30:00
2026-06-11,GGL-CAM-008,Google Ads,GGL-ACC-001,Google Campaign 08,Conversions,174.65,11985,8940,545,75,36,5717.86,USD,2026-06-11 23:30:00
2026-06-12,GGL-CAM-008,Google Ads,GGL-ACC-001,Google Campaign 08,Conversions,144.46,10702,7651,683,73,26,4095.53,USD,2026-06-12 23:30:00
2026-06-13,GGL-CAM-008,Google Ads,GGL-ACC-001,Google Campaign 08,Conversions,150.35,9035,6735,386,38,14,3586.73,USD,2026-06-13 23:30:00
2026-06-14,GGL-CAM-008,Google Ads,GGL-ACC-001,Google Campaign 08,Conversions,155.42,13994,10504,847,103,59,7320.7,USD,2026-06-14 23:30:00
2026-06-15,GGL-CAM-008,Google Ads,GGL-ACC-001,Google Campaign 08,Conversions,130.71,7333,5860,268,46,25,4636.44,USD,2026-06-15 23:30:00
2026-06-16,GGL-CAM-008,Google Ads,GGL-ACC-001,Google Campaign 08,Conversions,174.85,11534,7108,518,57,37,3493.82,USD,2026-06-16 23:30:00
2026-06-17,GGL-CAM-008,Google Ads,GGL-ACC-001,Google Campaign 08,Conversions,134.51,14422,12748,681,109,52,8088.5,USD,2026-06-17 23:30:00
2026-06-18,GGL-CAM-008,Google Ads,GGL-ACC-001,Google Campaign 08,Conversions,156.21,8729,5300,500,41,27,3611.99,USD,2026-06-18 23:30:00
2026-06-19,GGL-CAM-008,Google Ads,GGL-ACC-001,Google Campaign 08,Conversions,182.83,11024,7131,395,37,9,1482.3,USD,2026-06-19 23:30:00
2026-01-18,GGL-CAM-009,Google Ads,GGL-ACC-001,Google Campaign 09,Lead Generation,321.75,33041,18818,1136,117,59,10339.46,USD,2026-01-18 23:30:00
2026-01-19,GGL-CAM-009,Google Ads,GGL-ACC-001,Google Campaign 09,Lead Generation,491.04,27656,22983,1565,196,105,11683.98,USD,2026-01-19 23:30:00
2026-01-20,GGL-CAM-009,Google Ads,GGL-ACC-001,Google Campaign 09,Lead Generation,537.55,32241,26101,2015,221,108,16575.4,USD,2026-01-20 23:30:00
2026-01-21,GGL-CAM-009,Google Ads,GGL-ACC-001,Google Campaign 09,Lead Generation,530.87,36291,25974,1271,142,75,15756.97,USD,2026-01-21 23:30:00
2026-01-22,GGL-CAM-009,Google Ads,GGL-ACC-001,Google Campaign 09,Lead Generation,420.45,26644,20147,801,86,36,4246.23,USD,2026-01-22 23:30:00
2026-01-23,GGL-CAM-009,Google Ads,GGL-ACC-001,Google Campaign 09,Lead Generation,380.47,38836,24642,1373,198,75,14511.26,USD,2026-01-23 23:30:00
2026-01-24,GGL-CAM-009,Google Ads,GGL-ACC-001,Google Campaign 09,Lead Generation,334.17,26959,16036,753,66,21,3606.36,USD,2026-01-24 23:30:00
2026-01-25,GGL-CAM-009,Google Ads,GGL-ACC-001,Google Campaign 09,Lead Generation,287.06,22723,17137,821,61,40,5492.23,USD,2026-01-25 23:30:00
2026-01-26,GGL-CAM-009,Google Ads,GGL-ACC-001,Google Campaign 09,Lead Generation,368.97,20687,13591,596,67,38,7866.12,USD,2026-01-26 23:30:00
2026-01-27,GGL-CAM-009,Google Ads,GGL-ACC-001,Google Campaign 09,Lead Generation,412.34,24642,16537,1329,205,99,20871.44,USD,2026-01-27 23:30:00
2026-01-28,GGL-CAM-009,Google Ads,GGL-ACC-001,Google Campaign 09,Lead Generation,505.62,35125,21834,2214,301,119,16253.53,USD,2026-01-28 23:30:00
2026-01-29,GGL-CAM-009,Google Ads,GGL-ACC-001,Google Campaign 09,Lead Generation,570.49,39313,23312,2184,379,179,27283.11,USD,2026-01-29 23:30:00
2026-01-30,GGL-CAM-009,Google Ads,GGL-ACC-001,Google Campaign 09,Lead Generation,473.03,48250,40870,2776,354,187,37082.43,USD,2026-01-30 23:30:00
2026-01-31,GGL-CAM-009,Google Ads,GGL-ACC-001,Google Campaign 09,Lead Generation,395.4,46348,26266,2234,406,201,29193.21,USD,2026-01-31 23:30:00
2026-02-01,GGL-CAM-009,Google Ads,GGL-ACC-001,Google Campaign 09,Lead Generation,270.86,27891,21356,857,81,58,7813.06,USD,2026-02-01 23:30:00
2026-02-02,GGL-CAM-009,Google Ads,GGL-ACC-001,Google Campaign 09,Lead Generation,554.21,61454,53536,3205,490,228,32444.22,USD,2026-02-02 23:30:00
2026-02-03,GGL-CAM-009,Google Ads,GGL-ACC-001,Google Campaign 09,Lead Generation,586.14,74579,48154,3139,401,211,45309.35,USD,2026-02-03 23:30:00
2026-02-04,GGL-CAM-009,Google Ads,GGL-ACC-001,Google Campaign 09,Lead Generation,521.61,39067,33733,2435,174,98,21729.98,USD,2026-02-04 23:30:00
2026-02-05,GGL-CAM-009,Google Ads,GGL-ACC-001,Google Campaign 09,Lead Generation,354.17,22577,20002,740,112,43,5624.17,USD,2026-02-05 23:30:00
2026-02-06,GGL-CAM-009,Google Ads,GGL-ACC-001,Google Campaign 09,Lead Generation,376.13,33673,23521,854,86,32,3827.61,USD,2026-02-06 23:30:00
2026-02-07,GGL-CAM-009,Google Ads,GGL-ACC-001,Google Campaign 09,Lead Generation,276.88,16218,11124,728,85,31,7063.48,USD,2026-02-07 23:30:00
2026-02-08,GGL-CAM-009,Google Ads,GGL-ACC-001,Google Campaign 09,Lead Generation,424.47,31302,17427,1409,255,117,28462.93,USD,2026-02-08 23:30:00
2026-02-09,GGL-CAM-009,Google Ads,GGL-ACC-001,Google Campaign 09,Lead Generation,434.31,24649,14112,763,121,54,6064.03,USD,2026-02-09 23:30:00
2026-02-10,GGL-CAM-009,Google Ads,GGL-ACC-001,Google Campaign 09,Lead Generation,409.46,50573,30202,2111,338,171,38446.3,USD,2026-02-10 23:30:00
2026-02-11,GGL-CAM-009,Google Ads,GGL-ACC-001,Google Campaign 09,Lead Generation,396.52,54424,42380,1693,218,112,9684.79,USD,2026-02-11 23:30:00
2026-02-12,GGL-CAM-009,Google Ads,GGL-ACC-001,Google Campaign 09,Lead Generation,550.82,49055,43564,2546,330,171,22836.79,USD,2026-02-12 23:30:00
2026-02-13,GGL-CAM-009,Google Ads,GGL-ACC-001,Google Campaign 09,Lead Generation,578.26,45685,30681,2007,300,147,29505.45,USD,2026-02-13 23:30:00
2026-02-14,GGL-CAM-009,Google Ads,GGL-ACC-001,Google Campaign 09,Lead Generation,285.26,16541,10340,510,65,32,6537.28,USD,2026-02-14 23:30:00
2026-02-15,GGL-CAM-009,Google Ads,GGL-ACC-001,Google Campaign 09,Lead Generation,267.5,29538,23426,1275,199,98,14782.55,USD,2026-02-15 23:30:00
2026-02-16,GGL-CAM-009,Google Ads,GGL-ACC-001,Google Campaign 09,Lead Generation,562.04,37693,24645,1790,321,166,34817.3,USD,2026-02-16 23:30:00
2026-02-17,GGL-CAM-009,Google Ads,GGL-ACC-001,Google Campaign 09,Lead Generation,546.65,41443,27892,1449,246,119,12010.79,USD,2026-02-17 23:30:00
2026-02-18,GGL-CAM-009,Google Ads,GGL-ACC-001,Google Campaign 09,Lead Generation,439.12,57054,36970,3676,247,140,27760.32,USD,2026-02-18 23:30:00
2026-02-19,GGL-CAM-009,Google Ads,GGL-ACC-001,Google Campaign 09,Lead Generation,517.41,70714,47540,2941,325,165,26950.0,USD,2026-02-19 23:30:00
2026-02-20,GGL-CAM-009,Google Ads,GGL-ACC-001,Google Campaign 09,Lead Generation,501.34,33972,29063,1579,194,101,17540.63,USD,2026-02-20 23:30:00
2026-02-21,GGL-CAM-009,Google Ads,GGL-ACC-001,Google Campaign 09,Lead Generation,418.99,36419,29113,1157,175,92,17352.12,USD,2026-02-21 23:30:00
2026-02-22,GGL-CAM-009,Google Ads,GGL-ACC-001,Google Campaign 09,Lead Generation,417.2,53725,44900,2409,288,134,19254.91,USD,2026-02-22 23:30:00
2026-02-23,GGL-CAM-009,Google Ads,GGL-ACC-001,Google Campaign 09,Lead Generation,370.15,21451,16016,1288,128,61,10357.52,USD,2026-02-23 23:30:00
2026-02-24,GGL-CAM-009,Google Ads,GGL-ACC-001,Google Campaign 09,Lead Generation,499.22,42424,24366,1839,322,159,18800.49,USD,2026-02-24 23:30:00
2026-02-25,GGL-CAM-009,Google Ads,GGL-ACC-001,Google Campaign 09,Lead Generation,461.89,53151,46459,2953,460,242,46916.83,USD,2026-02-25 23:30:00
2026-02-26,GGL-CAM-009,Google Ads,GGL-ACC-001,Google Campaign 09,Lead Generation,556.96,76696,55296,2075,363,178,21662.92,USD,2026-02-26 23:30:00
2026-02-27,GGL-CAM-009,Google Ads,GGL-ACC-001,Google Campaign 09,Lead Generation,474.46,32240,18877,2078,246,124,18287.89,USD,2026-02-27 23:30:00
2026-02-28,GGL-CAM-009,Google Ads,GGL-ACC-001,Google Campaign 09,Lead Generation,435.77,29535,25428,980,179,101,25285.78,USD,2026-02-28 23:30:00
2026-03-01,GGL-CAM-009,Google Ads,GGL-ACC-001,Google Campaign 09,Lead Generation,271.09,16565,13848,701,120,60,6894.39,USD,2026-03-01 23:30:00
2026-03-02,GGL-CAM-009,Google Ads,GGL-ACC-001,Google Campaign 09,Lead Generation,371.24,21740,13550,802,139,68,8195.31,USD,2026-03-02 23:30:00
2026-03-03,GGL-CAM-009,Google Ads,GGL-ACC-001,Google Campaign 09,Lead Generation,469.38,26917,16566,738,132,60,7416.88,USD,2026-03-03 23:30:00
2026-03-04,GGL-CAM-009,Google Ads,GGL-ACC-001,Google Campaign 09,Lead Generation,501.39,40502,34465,2305,305,160,31210.85,USD,2026-03-04 23:30:00
2026-03-05,GGL-CAM-009,Google Ads,GGL-ACC-001,Google Campaign 09,Lead Generation,402.99,25905,15656,901,129,76,7413.31,USD,2026-03-05 23:30:00
2026-03-06,GGL-CAM-009,Google Ads,GGL-ACC-001,Google Campaign 09,Lead Generation,505.38,35721,24586,1013,93,37,5480.88,USD,2026-03-06 23:30:00
2026-03-07,GGL-CAM-009,Google Ads,GGL-ACC-001,Google Campaign 09,Lead Generation,286.27,20171,18061,857,121,52,10544.58,USD,2026-03-07 23:30:00
2026-03-08,GGL-CAM-009,Google Ads,GGL-ACC-001,Google Campaign 09,Lead Generation,290.83,17356,15387,719,79,32,4055.21,USD,2026-03-08 23:30:00
2026-03-09,GGL-CAM-009,Google Ads,GGL-ACC-001,Google Campaign 09,Lead Generation,428.18,32041,19308,2066,201,103,14109.43,USD,2026-03-09 23:30:00
2026-03-10,GGL-CAM-009,Google Ads,GGL-ACC-001,Google Campaign 09,Lead Generation,459.14,39381,26191,1278,134,64,8014.07,USD,2026-03-10 23:30:00
2026-03-11,GGL-CAM-009,Google Ads,GGL-ACC-001,Google Campaign 09,Lead Generation,506.79,30455,27005,1788,303,171,38540.19,USD,2026-03-11 23:30:00
2026-03-12,GGL-CAM-009,Google Ads,GGL-ACC-001,Google Campaign 09,Lead Generation,474.78,30481,23017,1828,283,156,35996.57,USD,2026-03-12 23:30:00
2026-03-13,GGL-CAM-009,Google Ads,GGL-ACC-001,Google Campaign 09,Lead Generation,543.15,52837,30677,1636,276,137,32474.97,USD,2026-03-13 23:30:00
2026-03-14,GGL-CAM-009,Google Ads,GGL-ACC-001,Google Campaign 09,Lead Generation,269.57,19340,15978,873,105,62,12337.34,USD,2026-03-14 23:30:00
2026-03-15,GGL-CAM-009,Google Ads,GGL-ACC-001,Google Campaign 09,Lead Generation,405.88,31647,25537,827,59,30,5667.02,USD,2026-03-15 23:30:00
2026-03-16,GGL-CAM-009,Google Ads,GGL-ACC-001,Google Campaign 09,Lead Generation,478.34,34588,19509,2205,198,106,26193.21,USD,2026-03-16 23:30:00
2026-03-17,GGL-CAM-009,Google Ads,GGL-ACC-001,Google Campaign 09,Lead Generation,356.95,27431,18183,782,142,66,14113.13,USD,2026-03-17 23:30:00
2026-03-18,GGL-CAM-009,Google Ads,GGL-ACC-001,Google Campaign 09,Lead Generation,445.91,38213,23283,1177,188,109,17310.79,USD,2026-03-18 23:30:00
2026-03-19,GGL-CAM-009,Google Ads,GGL-ACC-001,Google Campaign 09,Lead Generation,397.77,32590,29164,2080,228,100,12562.95,USD,2026-03-19 23:30:00
2026-03-20,GGL-CAM-009,Google Ads,GGL-ACC-001,Google Campaign 09,Lead Generation,402.43,37452,33357,1403,240,101,20188.58,USD,2026-03-20 23:30:00
2026-03-21,GGL-CAM-009,Google Ads,GGL-ACC-001,Google Campaign 09,Lead Generation,266.4,26953,16802,903,81,34,6521.03,USD,2026-03-21 23:30:00
2026-03-22,GGL-CAM-009,Google Ads,GGL-ACC-001,Google Campaign 09,Lead Generation,276.66,26071,18456,1559,233,126,14764.67,USD,2026-03-22 23:30:00
2026-03-23,GGL-CAM-009,Google Ads,GGL-ACC-001,Google Campaign 09,Lead Generation,359.71,23612,20706,1442,103,54,9462.07,USD,2026-03-23 23:30:00
2026-03-24,GGL-CAM-009,Google Ads,GGL-ACC-001,Google Campaign 09,Lead Generation,391.93,25567,22490,744,89,35,5666.63,USD,2026-03-24 23:30:00
2026-03-25,GGL-CAM-009,Google Ads,GGL-ACC-001,Google Campaign 09,Lead Generation,445.84,26782,15292,893,116,52,8462.3,USD,2026-03-25 23:30:00
2026-03-26,GGL-CAM-009,Google Ads,GGL-ACC-001,Google Campaign 09,Lead Generation,408.2,33005,21443,1847,159,92,15131.97,USD,2026-03-26 23:30:00
2026-03-27,GGL-CAM-009,Google Ads,GGL-ACC-001,Google Campaign 09,Lead Generation,484.99,41870,26794,1639,195,109,21678.19,USD,2026-03-27 23:30:00
2026-03-28,GGL-CAM-009,Google Ads,GGL-ACC-001,Google Campaign 09,Lead Generation,271.33,23638,14234,1062,135,74,13775.73,USD,2026-03-28 23:30:00
2026-03-29,GGL-CAM-009,Google Ads,GGL-ACC-001,Google Campaign 09,Lead Generation,296.36,16616,14870,1006,168,96,13846.02,USD,2026-03-29 23:30:00
2026-03-30,GGL-CAM-009,Google Ads,GGL-ACC-001,Google Campaign 09,Lead Generation,361.97,28411,17423,870,89,40,7431.43,USD,2026-03-30 23:30:00
2026-03-31,GGL-CAM-009,Google Ads,GGL-ACC-001,Google Campaign 09,Lead Generation,544.23,40311,33005,1152,180,88,19609.23,USD,2026-03-31 23:30:00
2026-04-01,GGL-CAM-009,Google Ads,GGL-ACC-001,Google Campaign 09,Lead Generation,518.32,31639,21622,1776,245,120,18559.66,USD,2026-04-01 23:30:00
2026-04-02,GGL-CAM-009,Google Ads,GGL-ACC-001,Google Campaign 09,Lead Generation,438.68,28203,21986,1260,223,120,15893.85,USD,2026-04-02 23:30:00
2026-04-03,GGL-CAM-009,Google Ads,GGL-ACC-001,Google Campaign 09,Lead Generation,514.87,61896,47879,3724,579,295,37082.1,USD,2026-04-03 23:30:00
2026-04-04,GGL-CAM-009,Google Ads,GGL-ACC-001,Google Campaign 09,Lead Generation,402.52,31313,19616,1745,270,128,23707.54,USD,2026-04-04 23:30:00
2026-04-05,GGL-CAM-009,Google Ads,GGL-ACC-001,Google Campaign 09,Lead Generation,411.16,31709,26196,1263,170,98,17435.16,USD,2026-04-05 23:30:00
2026-04-06,GGL-CAM-009,Google Ads,GGL-ACC-001,Google Campaign 09,Lead Generation,386.24,36327,21360,1686,146,73,13871.22,USD,2026-04-06 23:30:00
2026-04-07,GGL-CAM-009,Google Ads,GGL-ACC-001,Google Campaign 09,Lead Generation,531.54,33836,19915,1077,65,38,4768.89,USD,2026-04-07 23:30:00
2026-04-08,GGL-CAM-009,Google Ads,GGL-ACC-001,Google Campaign 09,Lead Generation,575.94,36723,22674,1165,116,60,12830.3,USD,2026-04-08 23:30:00
2026-04-09,GGL-CAM-009,Google Ads,GGL-ACC-001,Google Campaign 09,Lead Generation,503.13,48717,34836,1474,138,84,10258.73,USD,2026-04-09 23:30:00
2026-04-10,GGL-CAM-009,Google Ads,GGL-ACC-001,Google Campaign 09,Lead Generation,481.19,48322,29790,1316,136,71,7772.69,USD,2026-04-10 23:30:00
2026-04-11,GGL-CAM-009,Google Ads,GGL-ACC-001,Google Campaign 09,Lead Generation,308.2,28595,15912,1416,107,59,8552.94,USD,2026-04-11 23:30:00
2026-04-12,GGL-CAM-009,Google Ads,GGL-ACC-001,Google Campaign 09,Lead Generation,420.83,54783,38898,3315,571,279,39265.28,USD,2026-04-12 23:30:00
2026-04-13,GGL-CAM-009,Google Ads,GGL-ACC-001,Google Campaign 09,Lead Generation,398.6,30519,23298,891,158,80,10180.25,USD,2026-04-13 23:30:00
2026-04-14,GGL-CAM-009,Google Ads,GGL-ACC-001,Google Campaign 09,Lead Generation,356.09,23800,14750,618,85,39,9936.84,USD,2026-04-14 23:30:00
2026-04-15,GGL-CAM-009,Google Ads,GGL-ACC-001,Google Campaign 09,Lead Generation,472.68,61244,52095,3636,618,320,51146.35,USD,2026-04-15 23:30:00
2026-04-16,GGL-CAM-009,Google Ads,GGL-ACC-001,Google Campaign 09,Lead Generation,456.34,27075,19208,1712,307,153,30543.74,USD,2026-04-16 23:30:00
2026-04-17,GGL-CAM-009,Google Ads,GGL-ACC-001,Google Campaign 09,Lead Generation,548.41,49870,41554,2502,355,172,23836.37,USD,2026-04-17 23:30:00
2026-04-18,GGL-CAM-009,Google Ads,GGL-ACC-001,Google Campaign 09,Lead Generation,315.1,18167,13743,556,37,27,4321.83,USD,2026-04-18 23:30:00
2026-04-19,GGL-CAM-009,Google Ads,GGL-ACC-001,Google Campaign 09,Lead Generation,355.9,29967,17864,1284,146,66,5912.37,USD,2026-04-19 23:30:00
2026-04-20,GGL-CAM-009,Google Ads,GGL-ACC-001,Google Campaign 09,Lead Generation,458.08,36400,25341,1918,266,134,27661.91,USD,2026-04-20 23:30:00
2026-04-21,GGL-CAM-009,Google Ads,GGL-ACC-001,Google Campaign 09,Lead Generation,436.28,28399,19589,908,92,43,5465.59,USD,2026-04-21 23:30:00
2026-04-22,GGL-CAM-009,Google Ads,GGL-ACC-001,Google Campaign 09,Lead Generation,461.91,28528,16920,1546,246,131,15998.36,USD,2026-04-22 23:30:00
2026-04-23,GGL-CAM-009,Google Ads,GGL-ACC-001,Google Campaign 09,Lead Generation,449.32,30791,24892,1671,122,52,9605.88,USD,2026-04-23 23:30:00
2026-04-24,GGL-CAM-009,Google Ads,GGL-ACC-001,Google Campaign 09,Lead Generation,513.05,33064,23246,1629,125,52,13338.16,USD,2026-04-24 23:30:00
2026-04-25,GGL-CAM-009,Google Ads,GGL-ACC-001,Google Campaign 09,Lead Generation,346.36,44241,26812,2781,478,214,41692.69,USD,2026-04-25 23:30:00
2026-04-26,GGL-CAM-009,Google Ads,GGL-ACC-001,Google Campaign 09,Lead Generation,277.54,39172,21992,1642,147,62,7086.7,USD,2026-04-26 23:30:00
2026-04-27,GGL-CAM-009,Google Ads,GGL-ACC-001,Google Campaign 09,Lead Generation,493.98,63637,46425,2246,288,142,30553.0,USD,2026-04-27 23:30:00
2026-04-28,GGL-CAM-009,Google Ads,GGL-ACC-001,Google Campaign 09,Lead Generation,472.04,31208,18552,1912,345,155,25858.43,USD,2026-04-28 23:30:00
2026-04-29,GGL-CAM-009,Google Ads,GGL-ACC-001,Google Campaign 09,Lead Generation,573.42,45771,30701,2171,247,112,10012.36,USD,2026-04-29 23:30:00
2026-04-30,GGL-CAM-009,Google Ads,GGL-ACC-001,Google Campaign 09,Lead Generation,458.1,53811,40733,3493,246,125,18540.18,USD,2026-04-30 23:30:00
2026-05-01,GGL-CAM-009,Google Ads,GGL-ACC-001,Google Campaign 09,Lead Generation,443.15,29797,24482,1804,311,146,25547.89,USD,2026-05-01 23:30:00
2026-05-02,GGL-CAM-009,Google Ads,GGL-ACC-001,Google Campaign 09,Lead Generation,439.97,37450,27735,1433,170,82,15056.05,USD,2026-05-02 23:30:00
2026-05-03,GGL-CAM-009,Google Ads,GGL-ACC-001,Google Campaign 09,Lead Generation,324.57,35059,24173,1851,246,150,17807.31,USD,2026-05-03 23:30:00
2026-05-04,GGL-CAM-009,Google Ads,GGL-ACC-001,Google Campaign 09,Lead Generation,512.28,33391,21378,1704,151,69,6172.78,USD,2026-05-04 23:30:00
2026-05-05,GGL-CAM-009,Google Ads,GGL-ACC-001,Google Campaign 09,Lead Generation,392.24,29671,24959,1339,116,62,5784.33,USD,2026-05-05 23:30:00
2026-05-06,GGL-CAM-009,Google Ads,GGL-ACC-001,Google Campaign 09,Lead Generation,423.39,53452,30170,2989,240,126,31752.93,USD,2026-05-06 23:30:00
2026-05-07,GGL-CAM-009,Google Ads,GGL-ACC-001,Google Campaign 09,Lead Generation,462.73,27048,20951,1335,233,119,15763.44,USD,2026-05-07 23:30:00
2026-05-08,GGL-CAM-009,Google Ads,GGL-ACC-001,Google Campaign 09,Lead Generation,435.34,29243,20912,1412,126,60,10510.33,USD,2026-05-08 23:30:00
2026-05-09,GGL-CAM-009,Google Ads,GGL-ACC-001,Google Campaign 09,Lead Generation,341.16,22470,17216,687,90,38,4093.53,USD,2026-05-09 23:30:00
2026-05-10,GGL-CAM-009,Google Ads,GGL-ACC-001,Google Campaign 09,Lead Generation,372.15,43537,34153,2734,488,237,28404.12,USD,2026-05-10 23:30:00
2026-05-11,GGL-CAM-009,Google Ads,GGL-ACC-001,Google Campaign 09,Lead Generation,375.51,30858,23878,1245,90,59,6862.99,USD,2026-05-11 23:30:00
2026-05-12,GGL-CAM-009,Google Ads,GGL-ACC-001,Google Campaign 09,Lead Generation,423.23,35189,21649,1442,185,99,14054.96,USD,2026-05-12 23:30:00
2026-05-13,GGL-CAM-009,Google Ads,GGL-ACC-001,Google Campaign 09,Lead Generation,450.36,34207,18915,2040,331,174,19601.33,USD,2026-05-13 23:30:00
2026-05-14,GGL-CAM-009,Google Ads,GGL-ACC-001,Google Campaign 09,Lead Generation,365.42,38943,24025,2262,310,166,38432.89,USD,2026-05-14 23:30:00
2026-05-15,GGL-CAM-009,Google Ads,GGL-ACC-001,Google Campaign 09,Lead Generation,432.35,43206,27902,2186,261,151,28342.71,USD,2026-05-15 23:30:00
2026-05-16,GGL-CAM-009,Google Ads,GGL-ACC-001,Google Campaign 09,Lead Generation,389.23,39068,34537,2257,316,164,43002.3,USD,2026-05-16 23:30:00
2026-05-17,GGL-CAM-009,Google Ads,GGL-ACC-001,Google Campaign 09,Lead Generation,369.69,39663,28661,1791,263,121,15147.89,USD,2026-05-17 23:30:00
2026-05-18,GGL-CAM-009,Google Ads,GGL-ACC-001,Google Campaign 09,Lead Generation,488.57,47505,41948,1489,102,63,7082.32,USD,2026-05-18 23:30:00
2026-05-19,GGL-CAM-009,Google Ads,GGL-ACC-001,Google Campaign 09,Lead Generation,370.58,24942,19597,949,102,39,5608.43,USD,2026-05-19 23:30:00
2026-05-20,GGL-CAM-009,Google Ads,GGL-ACC-001,Google Campaign 09,Lead Generation,581.79,49893,41727,2266,216,87,14483.82,USD,2026-05-20 23:30:00
2026-05-21,GGL-CAM-009,Google Ads,GGL-ACC-001,Google Campaign 09,Lead Generation,474.46,27841,22753,921,127,58,11715.19,USD,2026-05-21 23:30:00
2026-05-22,GGL-CAM-009,Google Ads,GGL-ACC-001,Google Campaign 09,Lead Generation,553.31,65294,41406,1863,314,132,19768.98,USD,2026-05-22 23:30:00
2026-05-23,GGL-CAM-009,Google Ads,GGL-ACC-001,Google Campaign 09,Lead Generation,432.83,37729,26874,2249,377,178,47850.34,USD,2026-05-23 23:30:00
2026-05-24,GGL-CAM-009,Google Ads,GGL-ACC-001,Google Campaign 09,Lead Generation,341.21,41922,34783,1815,189,102,16725.35,USD,2026-05-24 23:30:00
2026-05-25,GGL-CAM-009,Google Ads,GGL-ACC-001,Google Campaign 09,Lead Generation,529.85,53054,41096,1396,179,92,11984.28,USD,2026-05-25 23:30:00
2026-05-26,GGL-CAM-009,Google Ads,GGL-ACC-001,Google Campaign 09,Lead Generation,501.41,34920,19212,2035,292,128,17887.87,USD,2026-05-26 23:30:00
2026-05-27,GGL-CAM-009,Google Ads,GGL-ACC-001,Google Campaign 09,Lead Generation,466.06,34039,28824,1344,195,100,16541.59,USD,2026-05-27 23:30:00
2026-05-28,GGL-CAM-009,Google Ads,GGL-ACC-001,Google Campaign 09,Lead Generation,515.37,30097,26037,1293,155,97,21200.57,USD,2026-05-28 23:30:00
2026-05-29,GGL-CAM-009,Google Ads,GGL-ACC-001,Google Campaign 09,Lead Generation,464.37,49380,43253,2469,307,130,31959.57,USD,2026-05-29 23:30:00
2026-05-30,GGL-CAM-009,Google Ads,GGL-ACC-001,Google Campaign 09,Lead Generation,292.57,17889,14739,495,83,52,10391.76,USD,2026-05-30 23:30:00
2026-05-31,GGL-CAM-009,Google Ads,GGL-ACC-001,Google Campaign 09,Lead Generation,361.4,23764,20865,642,129,57,6132.73,USD,2026-05-31 23:30:00
2026-06-01,GGL-CAM-009,Google Ads,GGL-ACC-001,Google Campaign 09,Lead Generation,359.78,26751,17265,1416,167,84,17501.0,USD,2026-06-01 23:30:00
2026-06-02,GGL-CAM-009,Google Ads,GGL-ACC-001,Google Campaign 09,Lead Generation,484.41,68836,59981,3702,577,285,44378.25,USD,2026-06-02 23:30:00
2026-06-03,GGL-CAM-009,Google Ads,GGL-ACC-001,Google Campaign 09,Lead Generation,445.49,39795,33630,2212,298,143,28650.98,USD,2026-06-03 23:30:00
2026-06-04,GGL-CAM-009,Google Ads,GGL-ACC-001,Google Campaign 09,Lead Generation,446.26,62706,48888,3728,466,208,16247.83,USD,2026-06-04 23:30:00
2026-06-05,GGL-CAM-009,Google Ads,GGL-ACC-001,Google Campaign 09,Lead Generation,560.6,34472,24589,1855,322,143,15892.1,USD,2026-06-05 23:30:00
2026-06-06,GGL-CAM-009,Google Ads,GGL-ACC-001,Google Campaign 09,Lead Generation,406.32,24076,19009,745,116,73,9846.09,USD,2026-06-06 23:30:00
2026-06-07,GGL-CAM-009,Google Ads,GGL-ACC-001,Google Campaign 09,Lead Generation,428.09,30906,25088,961,159,71,7991.93,USD,2026-06-07 23:30:00
2026-06-08,GGL-CAM-009,Google Ads,GGL-ACC-001,Google Campaign 09,Lead Generation,528.7,40282,31832,2429,263,113,20730.59,USD,2026-06-08 23:30:00
2026-06-09,GGL-CAM-009,Google Ads,GGL-ACC-001,Google Campaign 09,Lead Generation,495.49,52855,37308,2821,533,234,43655.51,USD,2026-06-09 23:30:00
2026-06-10,GGL-CAM-009,Google Ads,GGL-ACC-001,Google Campaign 09,Lead Generation,357.39,46631,31208,2653,201,110,21187.52,USD,2026-06-10 23:30:00
2026-06-11,GGL-CAM-009,Google Ads,GGL-ACC-001,Google Campaign 09,Lead Generation,484.88,39920,31450,1495,174,88,10841.81,USD,2026-06-11 23:30:00
2026-06-12,GGL-CAM-009,Google Ads,GGL-ACC-001,Google Campaign 09,Lead Generation,420.95,32312,27231,1026,184,92,14336.57,USD,2026-06-12 23:30:00
2026-06-13,GGL-CAM-009,Google Ads,GGL-ACC-001,Google Campaign 09,Lead Generation,353.52,46502,35439,2606,353,156,14177.24,USD,2026-06-13 23:30:00
2026-06-14,GGL-CAM-009,Google Ads,GGL-ACC-001,Google Campaign 09,Lead Generation,407.46,43684,26941,2165,317,177,35092.29,USD,2026-06-14 23:30:00
2026-06-15,GGL-CAM-009,Google Ads,GGL-ACC-001,Google Campaign 09,Lead Generation,447.66,34225,26763,1413,148,50,11964.37,USD,2026-06-15 23:30:00
2026-06-16,GGL-CAM-009,Google Ads,GGL-ACC-001,Google Campaign 09,Lead Generation,395.69,24293,16543,1351,166,70,9820.92,USD,2026-06-16 23:30:00
2026-02-14,GGL-CAM-010,Google Ads,GGL-ACC-001,Google Campaign 10,Lead Generation,487.81,40308,29610,1989,128,80,20277.52,USD,2026-02-14 23:30:00
2026-02-15,GGL-CAM-010,Google Ads,GGL-ACC-001,Google Campaign 10,Lead Generation,416.97,32935,24988,938,130,61,13972.33,USD,2026-02-15 23:30:00
2026-02-16,GGL-CAM-010,Google Ads,GGL-ACC-001,Google Campaign 10,Lead Generation,783.77,67719,48886,2505,197,99,21811.4,USD,2026-02-16 23:30:00
2026-02-17,GGL-CAM-010,Google Ads,GGL-ACC-001,Google Campaign 10,Lead Generation,804.23,77514,48585,2253,149,102,14636.23,USD,2026-02-17 23:30:00
2026-02-18,GGL-CAM-010,Google Ads,GGL-ACC-001,Google Campaign 10,Lead Generation,703.12,44562,38208,1494,145,70,8934.35,USD,2026-02-18 23:30:00
2026-02-19,GGL-CAM-010,Google Ads,GGL-ACC-001,Google Campaign 10,Lead Generation,753.79,82339,61163,2608,305,186,27053.7,USD,2026-02-19 23:30:00
2026-02-20,GGL-CAM-010,Google Ads,GGL-ACC-001,Google Campaign 10,Lead Generation,562.23,68412,40728,2500,208,119,16673.73,USD,2026-02-20 23:30:00
2026-02-21,GGL-CAM-010,Google Ads,GGL-ACC-001,Google Campaign 10,Lead Generation,645.54,39670,31341,2176,205,103,15781.95,USD,2026-02-21 23:30:00
2026-02-22,GGL-CAM-010,Google Ads,GGL-ACC-001,Google Campaign 10,Lead Generation,463.23,31967,28769,1505,197,95,20190.78,USD,2026-02-22 23:30:00
2026-02-23,GGL-CAM-010,Google Ads,GGL-ACC-001,Google Campaign 10,Lead Generation,778.53,66042,38831,2781,452,225,52897.16,USD,2026-02-23 23:30:00
2026-02-24,GGL-CAM-010,Google Ads,GGL-ACC-001,Google Campaign 10,Lead Generation,665.53,56825,49100,2476,421,197,36962.84,USD,2026-02-24 23:30:00
2026-02-25,GGL-CAM-010,Google Ads,GGL-ACC-001,Google Campaign 10,Lead Generation,809.78,79600,50467,2782,474,226,51703.14,USD,2026-02-25 23:30:00
2026-02-26,GGL-CAM-010,Google Ads,GGL-ACC-001,Google Campaign 10,Lead Generation,608.85,40535,32152,1421,154,77,17620.06,USD,2026-02-26 23:30:00
2026-02-27,GGL-CAM-010,Google Ads,GGL-ACC-001,Google Campaign 10,Lead Generation,542.75,33935,28321,1587,107,61,12528.61,USD,2026-02-27 23:30:00
2026-02-28,GGL-CAM-010,Google Ads,GGL-ACC-001,Google Campaign 10,Lead Generation,607.18,58629,35882,2841,481,255,39480.63,USD,2026-02-28 23:30:00
2026-03-01,GGL-CAM-010,Google Ads,GGL-ACC-001,Google Campaign 10,Lead Generation,528.75,36454,20413,1684,141,76,9816.72,USD,2026-03-01 23:30:00
2026-03-02,GGL-CAM-010,Google Ads,GGL-ACC-001,Google Campaign 10,Lead Generation,728.97,78202,43019,3307,326,194,20744.83,USD,2026-03-02 23:30:00
2026-03-03,GGL-CAM-010,Google Ads,GGL-ACC-001,Google Campaign 10,Lead Generation,781.02,46753,37545,1205,142,90,12902.3,USD,2026-03-03 23:30:00
2026-03-04,GGL-CAM-010,Google Ads,GGL-ACC-001,Google Campaign 10,Lead Generation,845.39,74643,49927,2514,396,188,41976.99,USD,2026-03-04 23:30:00
2026-03-05,GGL-CAM-010,Google Ads,GGL-ACC-001,Google Campaign 10,Lead Generation,756.08,64569,36369,2656,426,196,39210.36,USD,2026-03-05 23:30:00
2026-03-06,GGL-CAM-010,Google Ads,GGL-ACC-001,Google Campaign 10,Lead Generation,840.78,69919,41074,4057,433,228,28771.69,USD,2026-03-06 23:30:00
2026-03-07,GGL-CAM-010,Google Ads,GGL-ACC-001,Google Campaign 10,Lead Generation,439.96,43054,25136,2026,171,81,8599.31,USD,2026-03-07 23:30:00
2026-03-08,GGL-CAM-010,Google Ads,GGL-ACC-001,Google Campaign 10,Lead Generation,632.51,66642,51719,4059,756,369,66820.09,USD,2026-03-08 23:30:00
2026-03-09,GGL-CAM-010,Google Ads,GGL-ACC-001,Google Campaign 10,Lead Generation,858.17,72718,45351,2546,256,147,18625.95,USD,2026-03-09 23:30:00
2026-03-10,GGL-CAM-010,Google Ads,GGL-ACC-001,Google Campaign 10,Lead Generation,695.79,63103,37821,3799,329,152,14550.05,USD,2026-03-10 23:30:00
2026-03-11,GGL-CAM-010,Google Ads,GGL-ACC-001,Google Campaign 10,Lead Generation,542.06,33811,29664,2043,193,101,11499.48,USD,2026-03-11 23:30:00
2026-03-12,GGL-CAM-010,Google Ads,GGL-ACC-001,Google Campaign 10,Lead Generation,799.99,103711,66407,3390,266,134,30044.38,USD,2026-03-12 23:30:00
2026-03-13,GGL-CAM-010,Google Ads,GGL-ACC-001,Google Campaign 10,Lead Generation,567.97,72792,62757,3947,433,217,38791.06,USD,2026-03-13 23:30:00
2026-03-14,GGL-CAM-010,Google Ads,GGL-ACC-001,Google Campaign 10,Lead Generation,404.47,30317,18350,1890,212,102,15492.92,USD,2026-03-14 23:30:00
2026-03-15,GGL-CAM-010,Google Ads,GGL-ACC-001,Google Campaign 10,Lead Generation,512.55,30246,26430,1035,88,55,13046.88,USD,2026-03-15 23:30:00
2026-03-16,GGL-CAM-010,Google Ads,GGL-ACC-001,Google Campaign 10,Lead Generation,750.73,45173,26004,1746,207,93,7556.24,USD,2026-03-16 23:30:00
2026-03-17,GGL-CAM-010,Google Ads,GGL-ACC-001,Google Campaign 10,Lead Generation,586.4,62006,54370,1632,188,110,15136.01,USD,2026-03-17 23:30:00
2026-03-18,GGL-CAM-010,Google Ads,GGL-ACC-001,Google Campaign 10,Lead Generation,620.03,83665,55534,3765,643,303,47053.2,USD,2026-03-18 23:30:00
2026-03-19,GGL-CAM-010,Google Ads,GGL-ACC-001,Google Campaign 10,Lead Generation,569.0,59515,48474,2118,201,119,16050.83,USD,2026-03-19 23:30:00
2026-03-20,GGL-CAM-010,Google Ads,GGL-ACC-001,Google Campaign 10,Lead Generation,615.13,39213,21767,1144,152,95,14038.58,USD,2026-03-20 23:30:00
2026-03-21,GGL-CAM-010,Google Ads,GGL-ACC-001,Google Campaign 10,Lead Generation,488.91,29324,16450,914,168,53,7181.0,USD,2026-03-21 23:30:00
2026-03-22,GGL-CAM-010,Google Ads,GGL-ACC-001,Google Campaign 10,Lead Generation,506.68,45728,28951,1458,142,65,14606.47,USD,2026-03-22 23:30:00
2026-03-23,GGL-CAM-010,Google Ads,GGL-ACC-001,Google Campaign 10,Lead Generation,563.83,38964,28036,1740,252,129,32294.21,USD,2026-03-23 23:30:00
2026-03-24,GGL-CAM-010,Google Ads,GGL-ACC-001,Google Campaign 10,Lead Generation,723.66,56030,38291,1534,202,93,19336.81,USD,2026-03-24 23:30:00
2026-03-25,GGL-CAM-010,Google Ads,GGL-ACC-001,Google Campaign 10,Lead Generation,701.91,47084,28519,2841,198,106,22026.18,USD,2026-03-25 23:30:00
2026-03-26,GGL-CAM-010,Google Ads,GGL-ACC-001,Google Campaign 10,Lead Generation,706.79,49661,44083,2970,505,241,43524.44,USD,2026-03-26 23:30:00
2026-03-27,GGL-CAM-010,Google Ads,GGL-ACC-001,Google Campaign 10,Lead Generation,773.68,58221,32618,3639,257,137,23897.86,USD,2026-03-27 23:30:00
2026-03-28,GGL-CAM-010,Google Ads,GGL-ACC-001,Google Campaign 10,Lead Generation,529.19,29864,18598,1011,127,59,6711.04,USD,2026-03-28 23:30:00
2026-03-29,GGL-CAM-010,Google Ads,GGL-ACC-001,Google Campaign 10,Lead Generation,645.98,49719,36139,3206,491,251,65551.72,USD,2026-03-29 23:30:00
2026-03-30,GGL-CAM-010,Google Ads,GGL-ACC-001,Google Campaign 10,Lead Generation,683.87,46428,31740,2545,246,114,25598.09,USD,2026-03-30 23:30:00
2026-03-31,GGL-CAM-010,Google Ads,GGL-ACC-001,Google Campaign 10,Lead Generation,835.88,52542,42955,2541,316,139,15092.28,USD,2026-03-31 23:30:00
2026-04-01,GGL-CAM-010,Google Ads,GGL-ACC-001,Google Campaign 10,Lead Generation,816.9,53275,31565,2451,329,181,32741.23,USD,2026-04-01 23:30:00
2026-04-02,GGL-CAM-010,Google Ads,GGL-ACC-001,Google Campaign 10,Lead Generation,594.36,58865,50414,1597,228,99,11404.01,USD,2026-04-02 23:30:00
2026-04-03,GGL-CAM-010,Google Ads,GGL-ACC-001,Google Campaign 10,Lead Generation,795.07,47793,38945,1531,155,60,6983.73,USD,2026-04-03 23:30:00
2026-04-04,GGL-CAM-010,Google Ads,GGL-ACC-001,Google Campaign 10,Lead Generation,640.19,39502,35272,1891,287,148,30799.56,USD,2026-04-04 23:30:00
2026-04-05,GGL-CAM-010,Google Ads,GGL-ACC-001,Google Campaign 10,Lead Generation,561.49,45166,31132,1834,226,106,20732.36,USD,2026-04-05 23:30:00
2026-04-06,GGL-CAM-010,Google Ads,GGL-ACC-001,Google Campaign 10,Lead Generation,831.86,87295,68774,3362,612,336,78955.66,USD,2026-04-06 23:30:00
2026-04-07,GGL-CAM-010,Google Ads,GGL-ACC-001,Google Campaign 10,Lead Generation,833.54,86846,75352,3480,433,214,40887.57,USD,2026-04-07 23:30:00
2026-04-08,GGL-CAM-010,Google Ads,GGL-ACC-001,Google Campaign 10,Lead Generation,747.06,97955,86945,3254,416,229,39623.32,USD,2026-04-08 23:30:00
2026-04-09,GGL-CAM-010,Google Ads,GGL-ACC-001,Google Campaign 10,Lead Generation,647.18,52763,34600,1538,237,122,23307.86,USD,2026-04-09 23:30:00
2026-04-10,GGL-CAM-010,Google Ads,GGL-ACC-001,Google Campaign 10,Lead Generation,733.37,94762,84880,3326,298,156,26533.24,USD,2026-04-10 23:30:00
2026-04-11,GGL-CAM-010,Google Ads,GGL-ACC-001,Google Campaign 10,Lead Generation,615.39,51994,44176,2650,204,93,15687.35,USD,2026-04-11 23:30:00
2026-04-12,GGL-CAM-010,Google Ads,GGL-ACC-001,Google Campaign 10,Lead Generation,571.51,33608,25870,1444,163,68,8535.65,USD,2026-04-12 23:30:00
2026-04-13,GGL-CAM-010,Google Ads,GGL-ACC-001,Google Campaign 10,Lead Generation,743.86,41476,37258,1928,279,153,17207.86,USD,2026-04-13 23:30:00
2026-04-14,GGL-CAM-010,Google Ads,GGL-ACC-001,Google Campaign 10,Lead Generation,641.4,81899,63548,5115,533,308,56456.05,USD,2026-04-14 23:30:00
2026-04-15,GGL-CAM-010,Google Ads,GGL-ACC-001,Google Campaign 10,Lead Generation,823.52,97555,58564,5235,969,457,109146.56,USD,2026-04-15 23:30:00
2026-04-16,GGL-CAM-010,Google Ads,GGL-ACC-001,Google Campaign 10,Lead Generation,536.73,31696,27773,898,139,78,7765.45,USD,2026-04-16 23:30:00
2026-04-17,GGL-CAM-010,Google Ads,GGL-ACC-001,Google Campaign 10,Lead Generation,629.07,52530,41586,2856,366,166,31541.12,USD,2026-04-17 23:30:00
2026-04-18,GGL-CAM-010,Google Ads,GGL-ACC-001,Google Campaign 10,Lead Generation,454.3,60532,49961,2333,249,143,14675.64,USD,2026-04-18 23:30:00
2026-04-19,GGL-CAM-010,Google Ads,GGL-ACC-001,Google Campaign 10,Lead Generation,642.71,37457,32764,1834,170,85,18863.57,USD,2026-04-19 23:30:00
2026-04-20,GGL-CAM-010,Google Ads,GGL-ACC-001,Google Campaign 10,Lead Generation,709.07,50943,36288,2883,246,116,15433.99,USD,2026-04-20 23:30:00
2026-04-21,GGL-CAM-010,Google Ads,GGL-ACC-001,Google Campaign 10,Lead Generation,535.9,59618,37719,3032,551,256,44491.83,USD,2026-04-21 23:30:00
2026-04-22,GGL-CAM-010,Google Ads,GGL-ACC-001,Google Campaign 10,Lead Generation,743.61,43761,26356,1973,291,136,19432.66,USD,2026-04-22 23:30:00
2026-04-23,GGL-CAM-010,Google Ads,GGL-ACC-001,Google Campaign 10,Lead Generation,536.05,48492,30784,2017,290,131,31805.37,USD,2026-04-23 23:30:00
2026-04-24,GGL-CAM-010,Google Ads,GGL-ACC-001,Google Campaign 10,Lead Generation,793.25,58587,51446,3535,613,328,81451.21,USD,2026-04-24 23:30:00
2026-04-25,GGL-CAM-010,Google Ads,GGL-ACC-001,Google Campaign 10,Lead Generation,561.86,62040,50444,3131,498,231,56612.27,USD,2026-04-25 23:30:00
2026-04-26,GGL-CAM-010,Google Ads,GGL-ACC-001,Google Campaign 10,Lead Generation,396.76,26074,23092,1011,116,66,8105.28,USD,2026-04-26 23:30:00
2026-04-27,GGL-CAM-010,Google Ads,GGL-ACC-001,Google Campaign 10,Lead Generation,645.32,50941,28317,3276,236,138,23577.8,USD,2026-04-27 23:30:00
2026-04-28,GGL-CAM-010,Google Ads,GGL-ACC-001,Google Campaign 10,Lead Generation,543.21,48100,29854,2461,247,123,16688.42,USD,2026-04-28 23:30:00
2026-04-29,GGL-CAM-010,Google Ads,GGL-ACC-001,Google Campaign 10,Lead Generation,548.97,63090,35599,2792,354,183,38762.4,USD,2026-04-29 23:30:00
2026-04-30,GGL-CAM-010,Google Ads,GGL-ACC-001,Google Campaign 10,Lead Generation,631.36,43859,39073,1702,127,64,8073.24,USD,2026-04-30 23:30:00
2026-05-01,GGL-CAM-010,Google Ads,GGL-ACC-001,Google Campaign 10,Lead Generation,673.61,89807,64991,5661,788,377,71806.89,USD,2026-05-01 23:30:00
2026-05-02,GGL-CAM-010,Google Ads,GGL-ACC-001,Google Campaign 10,Lead Generation,596.35,35280,23663,1336,217,96,20129.06,USD,2026-05-02 23:30:00
2026-05-03,GGL-CAM-010,Google Ads,GGL-ACC-001,Google Campaign 10,Lead Generation,529.02,36815,23996,1300,109,67,13597.3,USD,2026-05-03 23:30:00
2026-05-04,GGL-CAM-010,Google Ads,GGL-ACC-001,Google Campaign 10,Lead Generation,754.13,50714,32415,2902,259,150,19624.76,USD,2026-05-04 23:30:00
2026-05-05,GGL-CAM-010,Google Ads,GGL-ACC-001,Google Campaign 10,Lead Generation,811.89,93051,53614,4904,401,193,48324.02,USD,2026-05-05 23:30:00
2026-05-06,GGL-CAM-010,Google Ads,GGL-ACC-001,Google Campaign 10,Lead Generation,758.56,42440,25856,2206,346,154,19429.6,USD,2026-05-06 23:30:00
2026-05-07,GGL-CAM-010,Google Ads,GGL-ACC-001,Google Campaign 10,Lead Generation,622.86,41457,28959,1430,159,74,12291.3,USD,2026-05-07 23:30:00
2026-05-08,GGL-CAM-010,Google Ads,GGL-ACC-001,Google Campaign 10,Lead Generation,674.09,51975,34084,2073,363,158,17365.0,USD,2026-05-08 23:30:00
2026-05-09,GGL-CAM-010,Google Ads,GGL-ACC-001,Google Campaign 10,Lead Generation,417.97,56947,37341,1801,201,100,15338.48,USD,2026-05-09 23:30:00
2026-05-10,GGL-CAM-010,Google Ads,GGL-ACC-001,Google Campaign 10,Lead Generation,489.14,32930,23186,1629,196,98,13738.85,USD,2026-05-10 23:30:00
2026-05-11,GGL-CAM-010,Google Ads,GGL-ACC-001,Google Campaign 10,Lead Generation,691.19,49807,41964,2222,368,209,39053.58,USD,2026-05-11 23:30:00
2026-05-12,GGL-CAM-010,Google Ads,GGL-ACC-001,Google Campaign 10,Lead Generation,760.77,58534,45747,2761,396,203,30780.53,USD,2026-05-12 23:30:00
2026-05-13,GGL-CAM-010,Google Ads,GGL-ACC-001,Google Campaign 10,Lead Generation,532.59,38121,34200,1536,216,104,22164.81,USD,2026-05-13 23:30:00
2026-05-14,GGL-CAM-010,Google Ads,GGL-ACC-001,Google Campaign 10,Lead Generation,657.08,86448,66530,3859,323,181,22581.17,USD,2026-05-14 23:30:00
2026-05-15,GGL-CAM-010,Google Ads,GGL-ACC-001,Google Campaign 10,Lead Generation,838.49,119737,79459,6648,1001,542,84775.3,USD,2026-05-15 23:30:00
2026-05-16,GGL-CAM-010,Google Ads,GGL-ACC-001,Google Campaign 10,Lead Generation,649.5,72082,53342,4385,645,346,38804.84,USD,2026-05-16 23:30:00
2026-05-17,GGL-CAM-010,Google Ads,GGL-ACC-001,Google Campaign 10,Lead Generation,435.2,30363,23640,1752,199,90,21348.08,USD,2026-05-17 23:30:00
2026-05-18,GGL-CAM-010,Google Ads,GGL-ACC-001,Google Campaign 10,Lead Generation,742.19,62876,55782,3211,240,126,15561.09,USD,2026-05-18 23:30:00
2026-05-19,GGL-CAM-010,Google Ads,GGL-ACC-001,Google Campaign 10,Lead Generation,593.62,63377,47557,2982,426,204,42279.57,USD,2026-05-19 23:30:00
2026-05-20,GGL-CAM-010,Google Ads,GGL-ACC-001,Google Campaign 10,Lead Generation,855.08,79955,60036,2580,264,139,13469.74,USD,2026-05-20 23:30:00
2026-05-21,GGL-CAM-010,Google Ads,GGL-ACC-001,Google Campaign 10,Lead Generation,574.21,46270,38839,2513,324,170,22324.3,USD,2026-05-21 23:30:00
2026-05-22,GGL-CAM-010,Google Ads,GGL-ACC-001,Google Campaign 10,Lead Generation,624.6,79697,53834,3103,487,267,56706.04,USD,2026-05-22 23:30:00
2026-05-23,GGL-CAM-010,Google Ads,GGL-ACC-001,Google Campaign 10,Lead Generation,496.08,58045,36302,2207,167,99,7852.05,USD,2026-05-23 23:30:00
2026-05-24,GGL-CAM-010,Google Ads,GGL-ACC-001,Google Campaign 10,Lead Generation,560.93,77130,51830,4256,367,172,40384.26,USD,2026-05-24 23:30:00
2026-05-25,GGL-CAM-010,Google Ads,GGL-ACC-001,Google Campaign 10,Lead Generation,737.81,54809,47994,2051,385,181,35468.4,USD,2026-05-25 23:30:00
2026-05-26,GGL-CAM-010,Google Ads,GGL-ACC-001,Google Campaign 10,Lead Generation,608.48,43809,28948,1242,217,98,13606.0,USD,2026-05-26 23:30:00
2026-05-27,GGL-CAM-010,Google Ads,GGL-ACC-001,Google Campaign 10,Lead Generation,761.82,48826,29396,1563,224,121,19879.68,USD,2026-05-27 23:30:00
2026-05-28,GGL-CAM-010,Google Ads,GGL-ACC-001,Google Campaign 10,Lead Generation,863.16,64681,56314,3530,265,142,32326.84,USD,2026-05-28 23:30:00
2026-05-29,GGL-CAM-010,Google Ads,GGL-ACC-001,Google Campaign 10,Lead Generation,627.29,35820,28922,2223,218,108,14548.12,USD,2026-05-29 23:30:00
2026-05-30,GGL-CAM-010,Google Ads,GGL-ACC-001,Google Campaign 10,Lead Generation,532.08,33341,29038,876,64,34,7849.39,USD,2026-05-30 23:30:00
2026-05-31,GGL-CAM-010,Google Ads,GGL-ACC-001,Google Campaign 10,Lead Generation,527.83,42211,35662,1976,345,179,30768.59,USD,2026-05-31 23:30:00
2026-06-01,GGL-CAM-010,Google Ads,GGL-ACC-001,Google Campaign 10,Lead Generation,736.98,89627,77507,5089,472,214,44214.07,USD,2026-06-01 23:30:00
2026-06-02,GGL-CAM-010,Google Ads,GGL-ACC-001,Google Campaign 10,Lead Generation,585.23,46037,37561,2082,156,81,17055.05,USD,2026-06-02 23:30:00
2026-06-03,GGL-CAM-010,Google Ads,GGL-ACC-001,Google Campaign 10,Lead Generation,776.54,58794,38806,3482,587,296,54057.9,USD,2026-06-03 23:30:00
2026-06-04,GGL-CAM-010,Google Ads,GGL-ACC-001,Google Campaign 10,Lead Generation,695.91,61733,46562,2618,206,105,19664.42,USD,2026-06-04 23:30:00
2026-06-05,GGL-CAM-010,Google Ads,GGL-ACC-001,Google Campaign 10,Lead Generation,574.77,76959,61181,4907,682,339,48175.85,USD,2026-06-05 23:30:00
2026-06-06,GGL-CAM-010,Google Ads,GGL-ACC-001,Google Campaign 10,Lead Generation,507.48,31502,20987,1784,297,126,25286.25,USD,2026-06-06 23:30:00
2026-06-07,GGL-CAM-010,Google Ads,GGL-ACC-001,Google Campaign 10,Lead Generation,530.6,69046,38732,3167,533,238,29544.49,USD,2026-06-07 23:30:00
2026-06-08,GGL-CAM-010,Google Ads,GGL-ACC-001,Google Campaign 10,Lead Generation,723.5,88513,49835,4160,543,300,29767.06,USD,2026-06-08 23:30:00
2026-06-09,GGL-CAM-010,Google Ads,GGL-ACC-001,Google Campaign 10,Lead Generation,783.37,47741,26543,2924,482,245,58591.61,USD,2026-06-09 23:30:00
2026-06-10,GGL-CAM-010,Google Ads,GGL-ACC-001,Google Campaign 10,Lead Generation,763.34,51973,35474,3284,492,232,54326.7,USD,2026-06-10 23:30:00
2026-06-11,GGL-CAM-010,Google Ads,GGL-ACC-001,Google Campaign 10,Lead Generation,756.13,54138,41548,3114,291,166,20389.32,USD,2026-06-11 23:30:00
2026-06-12,GGL-CAM-010,Google Ads,GGL-ACC-001,Google Campaign 10,Lead Generation,699.32,87359,77788,3695,363,189,23689.14,USD,2026-06-12 23:30:00
2026-06-13,GGL-CAM-010,Google Ads,GGL-ACC-001,Google Campaign 10,Lead Generation,529.4,40221,34264,1414,129,72,14791.39,USD,2026-06-13 23:30:00
2026-06-14,GGL-CAM-010,Google Ads,GGL-ACC-001,Google Campaign 10,Lead Generation,571.11,56317,49754,1761,190,134,16549.09,USD,2026-06-14 23:30:00
2026-06-15,GGL-CAM-010,Google Ads,GGL-ACC-001,Google Campaign 10,Lead Generation,693.78,48480,38999,3038,249,138,14194.8,USD,2026-06-15 23:30:00
2026-06-16,GGL-CAM-010,Google Ads,GGL-ACC-001,Google Campaign 10,Lead Generation,545.48,46719,28422,2896,265,139,15589.2,USD,2026-06-16 23:30:00
2026-06-17,GGL-CAM-010,Google Ads,GGL-ACC-001,Google Campaign 10,Lead Generation,703.18,58665,34733,2046,204,108,21655.54,USD,2026-06-17 23:30:00
2026-06-18,GGL-CAM-010,Google Ads,GGL-ACC-001,Google Campaign 10,Lead Generation,857.81,51758,31415,3238,284,108,15241.38,USD,2026-06-18 23:30:00
2026-06-19,GGL-CAM-010,Google Ads,GGL-ACC-001,Google Campaign 10,Lead Generation,790.78,85740,61364,5194,912,458,89052.78,USD,2026-06-19 23:30:00
2026-06-20,GGL-CAM-010,Google Ads,GGL-ACC-001,Google Campaign 10,Lead Generation,435.86,42553,35186,2428,382,184,44418.38,USD,2026-06-20 23:30:00
2026-06-21,GGL-CAM-010,Google Ads,GGL-ACC-001,Google Campaign 10,Lead Generation,394.54,36182,21076,2285,360,178,24232.65,USD,2026-06-21 23:30:00
2026-06-22,GGL-CAM-010,Google Ads,GGL-ACC-001,Google Campaign 10,Lead Generation,768.9,68944,48498,2598,327,151,31700.58,USD,2026-06-22 23:30:00
2026-06-23,GGL-CAM-010,Google Ads,GGL-ACC-001,Google Campaign 10,Lead Generation,801.52,71612,41723,4462,636,337,73067.76,USD,2026-06-23 23:30:00
2026-06-24,GGL-CAM-010,Google Ads,GGL-ACC-001,Google Campaign 10,Lead Generation,687.04,46474,31072,2526,255,122,16155.5,USD,2026-06-24 23:30:00
2026-06-25,GGL-CAM-010,Google Ads,GGL-ACC-001,Google Campaign 10,Lead Generation,572.63,35067,26323,1554,240,126,11668.34,USD,2026-06-25 23:30:00
2026-06-26,GGL-CAM-010,Google Ads,GGL-ACC-001,Google Campaign 10,Lead Generation,723.28,54470,38907,3353,410,191,18484.84,USD,2026-06-26 23:30:00
2026-06-27,GGL-CAM-010,Google Ads,GGL-ACC-001,Google Campaign 10,Lead Generation,568.87,32954,27929,1772,138,82,10890.95,USD,2026-06-27 23:30:00
2026-06-28,GGL-CAM-010,Google Ads,GGL-ACC-001,Google Campaign 10,Lead Generation,541.81,49734,35321,2346,317,151,23480.11,USD,2026-06-28 23:30:00
2026-06-29,GGL-CAM-010,Google Ads,GGL-ACC-001,Google Campaign 10,Lead Generation,795.72,56549,44620,1646,274,151,23210.31,USD,2026-06-29 23:30:00
2026-06-30,GGL-CAM-010,Google Ads,GGL-ACC-001,Google Campaign 10,Lead Generation,784.11,44590,34398,1650,249,126,32026.29,USD,2026-06-30 23:30:00
