date,campaign_id,platform,account_id,campaign_name,objective,spend,impressions,reach,clicks,leads,conversions,conversion_value,currency,source_refresh_timestamp
2026-01-17,META-CAM-001,Meta Ads,META-ACC-001,Meta Campaign 01,Conversions,506.45,61967,42721,900,95,53,9513.01,USD,2026-01-17 23:30:00
2026-01-18,META-CAM-001,Meta Ads,META-ACC-001,Meta Campaign 01,Conversions,338.05,58779,35360,1269,120,57,6326.72,USD,2026-01-18 23:30:00
2026-01-19,META-CAM-001,Meta Ads,META-ACC-001,Meta Campaign 01,Conversions,520.73,65739,52745,1678,194,98,19002.46,USD,2026-01-19 23:30:00
2026-01-20,META-CAM-001,Meta Ads,META-ACC-001,Meta Campaign 01,Conversions,755.42,66860,48608,2917,273,142,20199.49,USD,2026-01-20 23:30:00
2026-01-21,META-CAM-001,Meta Ads,META-ACC-001,Meta Campaign 01,Conversions,562.34,61785,47692,2774,243,144,26313.15,USD,2026-01-21 23:30:00
2026-01-22,META-CAM-001,Meta Ads,META-ACC-001,Meta Campaign 01,Conversions,687.28,66714,36787,2815,352,161,30053.07,USD,2026-01-22 23:30:00
2026-01-23,META-CAM-001,Meta Ads,META-ACC-001,Meta Campaign 01,Conversions,749.13,65263,58549,1699,118,57,9794.23,USD,2026-01-23 23:30:00
2026-01-24,META-CAM-001,Meta Ads,META-ACC-001,Meta Campaign 01,Conversions,370.02,73890,43172,1367,87,38,6539.26,USD,2026-01-24 23:30:00
2026-01-25,META-CAM-001,Meta Ads,META-ACC-001,Meta Campaign 01,Conversions,377.09,31126,26188,955,108,39,5376.97,USD,2026-01-25 23:30:00
2026-01-26,META-CAM-001,Meta Ads,META-ACC-001,Meta Campaign 01,Conversions,697.47,59323,51796,993,105,45,3696.96,USD,2026-01-26 23:30:00
2026-01-27,META-CAM-001,Meta Ads,META-ACC-001,Meta Campaign 01,Conversions,736.25,71016,57979,3129,171,82,13105.62,USD,2026-01-27 23:30:00
2026-01-28,META-CAM-001,Meta Ads,META-ACC-001,Meta Campaign 01,Conversions,728.01,60988,44340,2067,134,80,9293.12,USD,2026-01-28 23:30:00
2026-01-29,META-CAM-001,Meta Ads,META-ACC-001,Meta Campaign 01,Conversions,798.98,76422,62959,941,110,44,8290.56,USD,2026-01-29 23:30:00
2026-01-30,META-CAM-001,Meta Ads,META-ACC-001,Meta Campaign 01,Conversions,722.11,138668,90456,6100,670,338,53471.62,USD,2026-01-30 23:30:00
2026-01-31,META-CAM-001,Meta Ads,META-ACC-001,Meta Campaign 01,Conversions,492.75,49462,40120,1114,88,44,6142.18,USD,2026-01-31 23:30:00
2026-02-01,META-CAM-001,Meta Ads,META-ACC-001,Meta Campaign 01,Conversions,379.58,62334,49963,1203,94,51,5649.66,USD,2026-02-01 23:30:00
2026-02-02,META-CAM-001,Meta Ads,META-ACC-001,Meta Campaign 01,Conversions,768.12,77400,57398,2069,238,119,12138.85,USD,2026-02-02 23:30:00
2026-02-03,META-CAM-001,Meta Ads,META-ACC-001,Meta Campaign 01,Conversions,500.66,90068,74036,1347,152,85,6850.8,USD,2026-02-03 23:30:00
2026-02-04,META-CAM-001,Meta Ads,META-ACC-001,Meta Campaign 01,Conversions,665.19,69629,39021,2006,227,121,17492.34,USD,2026-02-04 23:30:00
2026-02-05,META-CAM-001,Meta Ads,META-ACC-001,Meta Campaign 01,Conversions,731.77,76727,47588,2957,287,124,14984.77,USD,2026-02-05 23:30:00
2026-02-06,META-CAM-001,Meta Ads,META-ACC-001,Meta Campaign 01,Conversions,442.42,31814,22445,389,29,15,1362.43,USD,2026-02-06 23:30:00
2026-02-07,META-CAM-001,Meta Ads,META-ACC-001,Meta Campaign 01,Conversions,312.09,28548,19629,756,74,44,6499.09,USD,2026-02-07 23:30:00
2026-02-08,META-CAM-001,Meta Ads,META-ACC-001,Meta Campaign 01,Conversions,421.9,56108,45137,1095,114,55,9991.42,USD,2026-02-08 23:30:00
2026-02-09,META-CAM-001,Meta Ads,META-ACC-001,Meta Campaign 01,Conversions,558.8,40098,25452,1342,83,35,3930.52,USD,2026-02-09 23:30:00
2026-02-10,META-CAM-001,Meta Ads,META-ACC-001,Meta Campaign 01,Conversions,568.41,49464,40252,1826,110,61,7869.31,USD,2026-02-10 23:30:00
2026-02-11,META-CAM-001,Meta Ads,META-ACC-001,Meta Campaign 01,Conversions,805.08,62954,51224,2580,263,138,18616.38,USD,2026-02-11 23:30:00
2026-02-12,META-CAM-001,Meta Ads,META-ACC-001,Meta Campaign 01,Conversions,546.56,97740,59319,3635,415,199,31167.69,USD,2026-02-12 23:30:00
2026-02-13,META-CAM-001,Meta Ads,META-ACC-001,Meta Campaign 01,Conversions,585.85,82857,46225,1203,137,75,10401.23,USD,2026-02-13 23:30:00
2026-02-14,META-CAM-001,Meta Ads,META-ACC-001,Meta Campaign 01,Conversions,509.11,80443,56599,1035,141,43,4838.16,USD,2026-02-14 23:30:00
2026-02-15,META-CAM-001,Meta Ads,META-ACC-001,Meta Campaign 01,Conversions,319.94,23864,16659,707,69,31,5735.61,USD,2026-02-15 23:30:00
2026-02-16,META-CAM-001,Meta Ads,META-ACC-001,Meta Campaign 01,Conversions,556.53,40204,24162,690,70,31,2511.9,USD,2026-02-16 23:30:00
2026-02-17,META-CAM-001,Meta Ads,META-ACC-001,Meta Campaign 01,Conversions,665.56,94139,64575,3049,144,68,9115.34,USD,2026-02-17 23:30:00
2026-02-18,META-CAM-001,Meta Ads,META-ACC-001,Meta Campaign 01,Conversions,695.88,86093,73501,1095,63,32,5568.84,USD,2026-02-18 23:30:00
2026-02-19,META-CAM-001,Meta Ads,META-ACC-001,Meta Campaign 01,Conversions,786.27,101929,74433,2750,268,140,24609.94,USD,2026-02-19 23:30:00
2026-02-20,META-CAM-001,Meta Ads,META-ACC-001,Meta Campaign 01,Conversions,527.32,56583,41132,1808,140,69,14611.51,USD,2026-02-20 23:30:00
2026-02-21,META-CAM-001,Meta Ads,META-ACC-001,Meta Campaign 01,Conversions,381.79,33942,25749,600,87,24,2189.97,USD,2026-02-21 23:30:00
2026-02-22,META-CAM-001,Meta Ads,META-ACC-001,Meta Campaign 01,Conversions,460.08,52944,37794,2100,124,71,10152.45,USD,2026-02-22 23:30:00
2026-02-23,META-CAM-001,Meta Ads,META-ACC-001,Meta Campaign 01,Conversions,755.72,57441,51565,2453,295,175,15931.36,USD,2026-02-23 23:30:00
2026-02-24,META-CAM-001,Meta Ads,META-ACC-001,Meta Campaign 01,Conversions,758.31,83317,72689,2962,321,167,24873.22,USD,2026-02-24 23:30:00
2026-02-25,META-CAM-001,Meta Ads,META-ACC-001,Meta Campaign 01,Conversions,796.98,109699,83449,2602,157,73,13007.05,USD,2026-02-25 23:30:00
2026-02-26,META-CAM-001,Meta Ads,META-ACC-001,Meta Campaign 01,Conversions,784.62,71632,41081,2984,326,146,22701.45,USD,2026-02-26 23:30:00
2026-02-27,META-CAM-001,Meta Ads,META-ACC-001,Meta Campaign 01,Conversions,711.57,61451,50893,1753,128,60,4738.03,USD,2026-02-27 23:30:00
2026-02-28,META-CAM-001,Meta Ads,META-ACC-001,Meta Campaign 01,Conversions,328.65,46525,27610,802,94,35,6199.57,USD,2026-02-28 23:30:00
2026-03-01,META-CAM-001,Meta Ads,META-ACC-001,Meta Campaign 01,Conversions,399.9,41815,28397,527,37,19,1646.74,USD,2026-03-01 23:30:00
2026-03-02,META-CAM-001,Meta Ads,META-ACC-001,Meta Campaign 01,Conversions,793.42,69375,53552,1678,134,54,8177.27,USD,2026-03-02 23:30:00
2026-03-03,META-CAM-001,Meta Ads,META-ACC-001,Meta Campaign 01,Conversions,676.85,52607,44080,1926,160,80,10735.76,USD,2026-03-03 23:30:00
2026-03-04,META-CAM-001,Meta Ads,META-ACC-001,Meta Campaign 01,Conversions,796.27,106049,69551,3101,208,123,11960.84,USD,2026-03-04 23:30:00
2026-03-05,META-CAM-001,Meta Ads,META-ACC-001,Meta Campaign 01,Conversions,703.01,98341,58462,3023,383,174,17629.8,USD,2026-03-05 23:30:00
2026-03-06,META-CAM-001,Meta Ads,META-ACC-001,Meta Campaign 01,Conversions,444.19,46485,36670,1369,111,64,9779.17,USD,2026-03-06 23:30:00
2026-03-07,META-CAM-001,Meta Ads,META-ACC-001,Meta Campaign 01,Conversions,472.52,81913,69504,2676,174,93,11761.13,USD,2026-03-07 23:30:00
2026-03-08,META-CAM-001,Meta Ads,META-ACC-001,Meta Campaign 01,Conversions,504.84,44586,34536,1673,96,52,6246.2,USD,2026-03-08 23:30:00
2026-03-09,META-CAM-001,Meta Ads,META-ACC-001,Meta Campaign 01,Conversions,727.42,56509,33073,2141,109,52,7145.39,USD,2026-03-09 23:30:00
2026-03-10,META-CAM-001,Meta Ads,META-ACC-001,Meta Campaign 01,Conversions,545.49,87073,75330,3155,379,180,26968.96,USD,2026-03-10 23:30:00
2026-03-11,META-CAM-001,Meta Ads,META-ACC-001,Meta Campaign 01,Conversions,785.98,101237,76903,1838,218,95,16417.48,USD,2026-03-11 23:30:00
2026-03-12,META-CAM-001,Meta Ads,META-ACC-001,Meta Campaign 01,Conversions,691.78,104444,81882,2906,289,142,15889.31,USD,2026-03-12 23:30:00
2026-03-13,META-CAM-001,Meta Ads,META-ACC-001,Meta Campaign 01,Conversions,535.99,42518,29568,1007,50,16,3405.01,USD,2026-03-13 23:30:00
2026-03-14,META-CAM-001,Meta Ads,META-ACC-001,Meta Campaign 01,Conversions,313.34,51707,31527,1184,133,53,8486.99,USD,2026-03-14 23:30:00
2026-03-15,META-CAM-001,Meta Ads,META-ACC-001,Meta Campaign 01,Conversions,482.95,61897,49583,784,91,47,6767.97,USD,2026-03-15 23:30:00
2026-03-16,META-CAM-001,Meta Ads,META-ACC-001,Meta Campaign 01,Conversions,466.4,37292,21970,463,32,17,2766.93,USD,2026-03-16 23:30:00
2026-03-17,META-CAM-001,Meta Ads,META-ACC-001,Meta Campaign 01,Conversions,612.22,57303,47008,1146,78,35,6478.44,USD,2026-03-17 23:30:00
2026-03-18,META-CAM-001,Meta Ads,META-ACC-001,Meta Campaign 01,Conversions,795.97,57917,49677,2498,152,79,7472.37,USD,2026-03-18 23:30:00
2026-03-19,META-CAM-001,Meta Ads,META-ACC-001,Meta Campaign 01,Conversions,483.3,74787,47281,1056,79,33,5600.97,USD,2026-03-19 23:30:00
2026-03-20,META-CAM-001,Meta Ads,META-ACC-001,Meta Campaign 01,Conversions,518.78,46775,32743,1226,66,25,4213.77,USD,2026-03-20 23:30:00
2026-03-21,META-CAM-001,Meta Ads,META-ACC-001,Meta Campaign 01,Conversions,458.39,64517,41188,888,88,42,8689.02,USD,2026-03-21 23:30:00
2026-03-22,META-CAM-001,Meta Ads,META-ACC-001,Meta Campaign 01,Conversions,465.97,50408,41701,1193,85,42,7068.77,USD,2026-03-22 23:30:00
2026-03-23,META-CAM-001,Meta Ads,META-ACC-001,Meta Campaign 01,Conversions,589.42,106040,73881,1558,107,69,9771.06,USD,2026-03-23 23:30:00
2026-03-24,META-CAM-001,Meta Ads,META-ACC-001,Meta Campaign 01,Conversions,508.1,66670,44934,2576,215,108,18869.98,USD,2026-03-24 23:30:00
2026-03-25,META-CAM-001,Meta Ads,META-ACC-001,Meta Campaign 01,Conversions,691.88,61508,42026,2648,267,111,8737.17,USD,2026-03-25 23:30:00
2026-03-26,META-CAM-001,Meta Ads,META-ACC-001,Meta Campaign 01,Conversions,585.13,44568,34024,565,37,22,3771.31,USD,2026-03-26 23:30:00
2026-03-27,META-CAM-001,Meta Ads,META-ACC-001,Meta Campaign 01,Conversions,740.23,55709,43484,864,42,22,2729.15,USD,2026-03-27 23:30:00
2026-03-28,META-CAM-001,Meta Ads,META-ACC-001,Meta Campaign 01,Conversions,380.5,45792,38659,1731,101,56,3825.65,USD,2026-03-28 23:30:00
2026-03-29,META-CAM-001,Meta Ads,META-ACC-001,Meta Campaign 01,Conversions,498.27,41238,30964,1388,120,60,11958.29,USD,2026-03-29 23:30:00
2026-03-30,META-CAM-001,Meta Ads,META-ACC-001,Meta Campaign 01,Conversions,462.54,52245,30135,1081,119,56,9149.74,USD,2026-03-30 23:30:00
2026-03-31,META-CAM-001,Meta Ads,META-ACC-001,Meta Campaign 01,Conversions,571.69,41878,32431,842,27,18,2033.78,USD,2026-03-31 23:30:00
2026-04-01,META-CAM-001,Meta Ads,META-ACC-001,Meta Campaign 01,Conversions,639.35,114580,92637,4149,349,170,15063.91,USD,2026-04-01 23:30:00
2026-04-02,META-CAM-001,Meta Ads,META-ACC-001,Meta Campaign 01,Conversions,449.51,48260,37046,1301,140,70,12653.85,USD,2026-04-02 23:30:00
2026-04-03,META-CAM-001,Meta Ads,META-ACC-001,Meta Campaign 01,Conversions,679.13,57336,43144,2061,212,102,21310.21,USD,2026-04-03 23:30:00
2026-04-04,META-CAM-001,Meta Ads,META-ACC-001,Meta Campaign 01,Conversions,465.81,70462,40284,2388,305,143,25142.9,USD,2026-04-04 23:30:00
2026-04-05,META-CAM-001,Meta Ads,META-ACC-001,Meta Campaign 01,Conversions,452.47,48737,34741,1018,100,63,14587.91,USD,2026-04-05 23:30:00
2026-04-06,META-CAM-001,Meta Ads,META-ACC-001,Meta Campaign 01,Conversions,767.55,67867,40617,2465,257,121,19596.69,USD,2026-04-06 23:30:00
2026-04-07,META-CAM-001,Meta Ads,META-ACC-001,Meta Campaign 01,Conversions,745.65,141308,98171,6052,326,169,30294.12,USD,2026-04-07 23:30:00
2026-04-08,META-CAM-001,Meta Ads,META-ACC-001,Meta Campaign 01,Conversions,811.12,90267,78119,1328,152,82,16424.28,USD,2026-04-08 23:30:00
2026-04-09,META-CAM-001,Meta Ads,META-ACC-001,Meta Campaign 01,Conversions,461.06,36952,24568,1587,201,105,21192.23,USD,2026-04-09 23:30:00
2026-04-10,META-CAM-001,Meta Ads,META-ACC-001,Meta Campaign 01,Conversions,606.03,65801,49408,2269,291,135,28591.22,USD,2026-04-10 23:30:00
2026-04-11,META-CAM-001,Meta Ads,META-ACC-001,Meta Campaign 01,Conversions,292.81,47609,28480,1125,99,66,9773.47,USD,2026-04-11 23:30:00
2026-04-12,META-CAM-001,Meta Ads,META-ACC-001,Meta Campaign 01,Conversions,360.48,67060,49084,1644,174,77,5698.33,USD,2026-04-12 23:30:00
2026-04-13,META-CAM-001,Meta Ads,META-ACC-001,Meta Campaign 01,Conversions,708.55,97986,69920,1484,109,60,13652.25,USD,2026-04-13 23:30:00
2026-04-14,META-CAM-001,Meta Ads,META-ACC-001,Meta Campaign 01,Conversions,626.27,54396,35806,1541,112,58,7040.32,USD,2026-04-14 23:30:00
2026-04-15,META-CAM-001,Meta Ads,META-ACC-001,Meta Campaign 01,Conversions,707.53,61306,49036,1352,60,27,3235.07,USD,2026-04-15 23:30:00
2026-04-16,META-CAM-001,Meta Ads,META-ACC-001,Meta Campaign 01,Conversions,711.38,138992,104129,3116,310,185,34724.78,USD,2026-04-16 23:30:00
2026-04-17,META-CAM-001,Meta Ads,META-ACC-001,Meta Campaign 01,Conversions,504.15,73868,57695,1600,133,67,12872.07,USD,2026-04-17 23:30:00
2026-04-18,META-CAM-001,Meta Ads,META-ACC-001,Meta Campaign 01,Conversions,334.95,42029,36559,1720,75,38,2573.81,USD,2026-04-18 23:30:00
2026-04-19,META-CAM-001,Meta Ads,META-ACC-001,Meta Campaign 01,Conversions,424.15,51028,45750,1741,104,54,5802.66,USD,2026-04-19 23:30:00
2026-04-20,META-CAM-001,Meta Ads,META-ACC-001,Meta Campaign 01,Conversions,707.53,57177,42920,769,58,27,3509.47,USD,2026-04-20 23:30:00
2026-04-21,META-CAM-001,Meta Ads,META-ACC-001,Meta Campaign 01,Conversions,474.39,42365,34183,964,104,50,3849.2,USD,2026-04-21 23:30:00
2026-04-22,META-CAM-001,Meta Ads,META-ACC-001,Meta Campaign 01,Conversions,658.27,55012,33459,2084,116,69,6287.89,USD,2026-04-22 23:30:00
2026-04-23,META-CAM-001,Meta Ads,META-ACC-001,Meta Campaign 01,Conversions,444.92,70292,41610,1573,133,60,7341.79,USD,2026-04-23 23:30:00
2026-04-24,META-CAM-001,Meta Ads,META-ACC-001,Meta Campaign 01,Conversions,610.83,88467,58124,1564,72,43,7613.82,USD,2026-04-24 23:30:00
2026-04-25,META-CAM-001,Meta Ads,META-ACC-001,Meta Campaign 01,Conversions,417.77,48154,29103,1057,43,30,6304.5,USD,2026-04-25 23:30:00
2026-04-26,META-CAM-001,Meta Ads,META-ACC-001,Meta Campaign 01,Conversions,447.73,51289,32950,1680,169,81,15263.02,USD,2026-04-26 23:30:00
2026-04-27,META-CAM-001,Meta Ads,META-ACC-001,Meta Campaign 01,Conversions,454.71,78542,66140,2175,263,113,16447.78,USD,2026-04-27 23:30:00
2026-04-28,META-CAM-001,Meta Ads,META-ACC-001,Meta Campaign 01,Conversions,716.56,65527,51052,914,104,61,5398.8,USD,2026-04-28 23:30:00
2026-04-29,META-CAM-001,Meta Ads,META-ACC-001,Meta Campaign 01,Conversions,573.35,60120,34237,2164,165,102,12244.26,USD,2026-04-29 23:30:00
2026-04-30,META-CAM-001,Meta Ads,META-ACC-001,Meta Campaign 01,Conversions,696.65,49794,30381,1739,97,53,5630.63,USD,2026-04-30 23:30:00
2026-05-01,META-CAM-001,Meta Ads,META-ACC-001,Meta Campaign 01,Conversions,573.51,96580,73839,3322,362,180,25556.46,USD,2026-05-01 23:30:00
2026-05-02,META-CAM-001,Meta Ads,META-ACC-001,Meta Campaign 01,Conversions,492.28,53429,46712,2069,212,121,18417.97,USD,2026-05-02 23:30:00
2026-05-03,META-CAM-001,Meta Ads,META-ACC-001,Meta Campaign 01,Conversions,322.1,57846,38351,1892,91,41,5079.85,USD,2026-05-03 23:30:00
2026-05-04,META-CAM-001,Meta Ads,META-ACC-001,Meta Campaign 01,Conversions,751.89,115312,103338,4967,341,176,18742.4,USD,2026-05-04 23:30:00
2026-05-05,META-CAM-001,Meta Ads,META-ACC-001,Meta Campaign 01,Conversions,459.06,36787,22359,1156,102,58,9978.34,USD,2026-05-05 23:30:00
2026-05-06,META-CAM-001,Meta Ads,META-ACC-001,Meta Campaign 01,Conversions,663.24,48732,36549,944,87,36,3375.21,USD,2026-05-06 23:30:00
2026-05-07,META-CAM-001,Meta Ads,META-ACC-001,Meta Campaign 01,Conversions,768.12,55360,48854,1741,72,46,4043.15,USD,2026-05-07 23:30:00
2026-05-08,META-CAM-001,Meta Ads,META-ACC-001,Meta Campaign 01,Conversions,748.58,54031,37170,2193,274,136,12511.12,USD,2026-05-08 23:30:00
2026-05-09,META-CAM-001,Meta Ads,META-ACC-001,Meta Campaign 01,Conversions,513.3,49420,35012,1203,83,50,4573.53,USD,2026-05-09 23:30:00
2026-05-10,META-CAM-001,Meta Ads,META-ACC-001,Meta Campaign 01,Conversions,343.12,28588,20225,744,43,23,4315.11,USD,2026-05-10 23:30:00
2026-05-11,META-CAM-001,Meta Ads,META-ACC-001,Meta Campaign 01,Conversions,763.61,119045,70814,3624,379,167,13147.33,USD,2026-05-11 23:30:00
2026-05-12,META-CAM-001,Meta Ads,META-ACC-001,Meta Campaign 01,Conversions,740.86,60470,51107,1956,110,52,6396.05,USD,2026-05-12 23:30:00
2026-05-13,META-CAM-001,Meta Ads,META-ACC-001,Meta Campaign 01,Conversions,649.34,72744,62462,1913,246,108,18667.29,USD,2026-05-13 23:30:00
2026-05-14,META-CAM-001,Meta Ads,META-ACC-001,Meta Campaign 01,Conversions,551.74,46971,36470,1396,130,63,6055.92,USD,2026-05-14 23:30:00
2026-05-15,META-CAM-001,Meta Ads,META-ACC-001,Meta Campaign 01,Conversions,485.87,50341,38745,2081,263,119,9968.85,USD,2026-05-15 23:30:00
2026-05-16,META-CAM-001,Meta Ads,META-ACC-001,Meta Campaign 01,Conversions,384.22,32209,21945,969,69,44,3973.47,USD,2026-05-16 23:30:00
2026-05-17,META-CAM-001,Meta Ads,META-ACC-001,Meta Campaign 01,Conversions,301.45,26314,14880,659,39,18,2234.04,USD,2026-05-17 23:30:00
2026-05-18,META-CAM-001,Meta Ads,META-ACC-001,Meta Campaign 01,Conversions,628.72,89951,70824,2432,174,79,12747.22,USD,2026-05-18 23:30:00
2026-05-19,META-CAM-001,Meta Ads,META-ACC-001,Meta Campaign 01,Conversions,767.67,83711,49298,2213,270,143,12647.29,USD,2026-05-19 23:30:00
2026-05-20,META-CAM-001,Meta Ads,META-ACC-001,Meta Campaign 01,Conversions,678.44,65791,53628,2269,261,124,23888.63,USD,2026-05-20 23:30:00
2026-05-21,META-CAM-001,Meta Ads,META-ACC-001,Meta Campaign 01,Conversions,488.48,44937,29749,1291,80,39,4278.44,USD,2026-05-21 23:30:00
2026-05-22,META-CAM-001,Meta Ads,META-ACC-001,Meta Campaign 01,Conversions,506.99,44852,28380,706,85,45,7128.28,USD,2026-05-22 23:30:00
2026-05-23,META-CAM-001,Meta Ads,META-ACC-001,Meta Campaign 01,Conversions,298.45,35988,23888,1374,163,67,13943.11,USD,2026-05-23 23:30:00
2026-05-24,META-CAM-001,Meta Ads,META-ACC-001,Meta Campaign 01,Conversions,413.43,38657,29459,1527,76,54,11707.31,USD,2026-05-24 23:30:00
2026-05-25,META-CAM-001,Meta Ads,META-ACC-001,Meta Campaign 01,Conversions,665.05,70370,41427,2964,214,113,12185.18,USD,2026-05-25 23:30:00
2026-05-26,META-CAM-001,Meta Ads,META-ACC-001,Meta Campaign 01,Conversions,551.04,79755,57295,3524,367,196,40313.05,USD,2026-05-26 23:30:00
2026-05-27,META-CAM-001,Meta Ads,META-ACC-001,Meta Campaign 01,Conversions,620.07,49826,29878,1967,243,111,20299.83,USD,2026-05-27 23:30:00
2026-05-28,META-CAM-001,Meta Ads,META-ACC-001,Meta Campaign 01,Conversions,728.29,64883,47685,1497,85,54,10685.62,USD,2026-05-28 23:30:00
2026-05-29,META-CAM-001,Meta Ads,META-ACC-001,Meta Campaign 01,Conversions,802.61,131474,103773,3921,364,203,48273.0,USD,2026-05-29 23:30:00
2026-05-30,META-CAM-001,Meta Ads,META-ACC-001,Meta Campaign 01,Conversions,306.46,25160,16981,448,51,16,2480.19,USD,2026-05-30 23:30:00
2026-05-31,META-CAM-001,Meta Ads,META-ACC-001,Meta Campaign 01,Conversions,397.26,39907,26973,1409,149,69,10525.99,USD,2026-05-31 23:30:00
2026-06-01,META-CAM-001,Meta Ads,META-ACC-001,Meta Campaign 01,Conversions,581.66,46079,36627,1051,130,51,4271.36,USD,2026-06-01 23:30:00
2026-06-02,META-CAM-001,Meta Ads,META-ACC-001,Meta Campaign 01,Conversions,637.84,46535,29158,1804,92,49,7309.63,USD,2026-06-02 23:30:00
2026-06-03,META-CAM-001,Meta Ads,META-ACC-001,Meta Campaign 01,Conversions,784.99,82352,56475,3291,401,193,33927.45,USD,2026-06-03 23:30:00
2026-06-04,META-CAM-001,Meta Ads,META-ACC-001,Meta Campaign 01,Conversions,446.74,46873,26610,1071,115,64,14429.64,USD,2026-06-04 23:30:00
2026-06-05,META-CAM-001,Meta Ads,META-ACC-001,Meta Campaign 01,Conversions,518.65,51961,34615,1129,55,25,4359.18,USD,2026-06-05 23:30:00
2026-06-06,META-CAM-001,Meta Ads,META-ACC-001,Meta Campaign 01,Conversions,454.83,35101,21846,1333,141,73,9196.32,USD,2026-06-06 23:30:00
2026-06-07,META-CAM-001,Meta Ads,META-ACC-001,Meta Campaign 01,Conversions,331.05,27551,24168,1062,138,49,5961.72,USD,2026-06-07 23:30:00
2026-06-08,META-CAM-001,Meta Ads,META-ACC-001,Meta Campaign 01,Conversions,713.12,51296,35884,1349,150,86,16903.75,USD,2026-06-08 23:30:00
2026-06-09,META-CAM-001,Meta Ads,META-ACC-001,Meta Campaign 01,Conversions,533.23,60589,35995,1233,155,64,12361.52,USD,2026-06-09 23:30:00
2026-06-10,META-CAM-001,Meta Ads,META-ACC-001,Meta Campaign 01,Conversions,603.52,86005,63602,1333,180,98,11899.86,USD,2026-06-10 23:30:00
2026-06-11,META-CAM-001,Meta Ads,META-ACC-001,Meta Campaign 01,Conversions,530.73,40343,31870,537,47,29,6728.52,USD,2026-06-11 23:30:00
2026-06-12,META-CAM-001,Meta Ads,META-ACC-001,Meta Campaign 01,Conversions,581.4,42193,24071,586,25,19,2591.14,USD,2026-06-12 23:30:00
2026-06-13,META-CAM-001,Meta Ads,META-ACC-001,Meta Campaign 01,Conversions,477.31,75201,43732,2753,149,64,6983.61,USD,2026-06-13 23:30:00
2026-06-14,META-CAM-001,Meta Ads,META-ACC-001,Meta Campaign 01,Conversions,356.63,27443,23130,1152,60,19,3765.71,USD,2026-06-14 23:30:00
2026-06-15,META-CAM-001,Meta Ads,META-ACC-001,Meta Campaign 01,Conversions,472.06,41230,32305,971,109,47,8911.49,USD,2026-06-15 23:30:00
2026-06-16,META-CAM-001,Meta Ads,META-ACC-001,Meta Campaign 01,Conversions,570.66,52811,44214,1640,96,41,5504.9,USD,2026-06-16 23:30:00
2026-06-17,META-CAM-001,Meta Ads,META-ACC-001,Meta Campaign 01,Conversions,648.41,53941,48446,1561,94,53,7150.07,USD,2026-06-17 23:30:00
2026-06-18,META-CAM-001,Meta Ads,META-ACC-001,Meta Campaign 01,Conversions,531.05,58266,40436,829,97,39,3089.29,USD,2026-06-18 23:30:00
2026-06-19,META-CAM-001,Meta Ads,META-ACC-001,Meta Campaign 01,Conversions,722.33,54324,31687,1547,151,86,9120.36,USD,2026-06-19 23:30:00
2026-06-20,META-CAM-001,Meta Ads,META-ACC-001,Meta Campaign 01,Conversions,298.01,34271,29596,1476,115,64,11830.51,USD,2026-06-20 23:30:00
2026-06-21,META-CAM-001,Meta Ads,META-ACC-001,Meta Campaign 01,Conversions,482.49,42997,26527,883,98,51,6933.08,USD,2026-06-21 23:30:00
2026-06-22,META-CAM-001,Meta Ads,META-ACC-001,Meta Campaign 01,Conversions,638.17,73291,49492,1291,52,27,2855.83,USD,2026-06-22 23:30:00
2026-06-23,META-CAM-001,Meta Ads,META-ACC-001,Meta Campaign 01,Conversions,437.41,33827,26325,1124,114,68,7758.46,USD,2026-06-23 23:30:00
2026-01-09,META-CAM-002,Meta Ads,META-ACC-001,Meta Campaign 02,Conversions,554.94,43548,29845,724,56,29,2249.7,USD,2026-01-09 23:30:00
2026-01-10,META-CAM-002,Meta Ads,META-ACC-001,Meta Campaign 02,Conversions,288.84,23625,18957,584,36,20,1703.16,USD,2026-01-10 23:30:00
2026-01-11,META-CAM-002,Meta Ads,META-ACC-001,Meta Campaign 02,Conversions,272.55,32437,17863,472,21,9,882.72,USD,2026-01-11 23:30:00
2026-01-12,META-CAM-002,Meta Ads,META-ACC-001,Meta Campaign 02,Conversions,532.9,39816,31767,1206,148,72,7208.42,USD,2026-01-12 23:30:00
2026-01-13,META-CAM-002,Meta Ads,META-ACC-001,Meta Campaign 02,Conversions,464.87,58306,32157,1046,96,38,4783.18,USD,2026-01-13 23:30:00
2026-01-14,META-CAM-002,Meta Ads,META-ACC-001,Meta Campaign 02,Conversions,656.23,47788,41307,2061,146,69,15929.1,USD,2026-01-14 23:30:00
2026-01-15,META-CAM-002,Meta Ads,META-ACC-001,Meta Campaign 02,Conversions,483.32,53514,38191,727,41,19,1434.82,USD,2026-01-15 23:30:00
2026-01-16,META-CAM-002,Meta Ads,META-ACC-001,Meta Campaign 02,Conversions,451.41,50934,44483,1694,208,118,11032.64,USD,2026-01-16 23:30:00
2026-01-17,META-CAM-002,Meta Ads,META-ACC-001,Meta Campaign 02,Conversions,444.45,41462,31628,642,67,31,5880.92,USD,2026-01-17 23:30:00
2026-01-18,META-CAM-002,Meta Ads,META-ACC-001,Meta Campaign 02,Conversions,408.8,68437,61151,2302,285,136,10808.58,USD,2026-01-18 23:30:00
2026-01-19,META-CAM-002,Meta Ads,META-ACC-001,Meta Campaign 02,Conversions,551.56,51920,43870,1480,116,52,7695.14,USD,2026-01-19 23:30:00
2026-01-20,META-CAM-002,Meta Ads,META-ACC-001,Meta Campaign 02,Conversions,711.54,111606,70770,1459,88,47,9141.57,USD,2026-01-20 23:30:00
2026-01-21,META-CAM-002,Meta Ads,META-ACC-001,Meta Campaign 02,Conversions,636.36,59237,47436,1450,118,64,8231.49,USD,2026-01-21 23:30:00
2026-01-22,META-CAM-002,Meta Ads,META-ACC-001,Meta Campaign 02,Conversions,519.24,46591,27422,1418,89,45,4623.0,USD,2026-01-22 23:30:00
2026-01-23,META-CAM-002,Meta Ads,META-ACC-001,Meta Campaign 02,Conversions,486.48,65551,54042,2860,201,79,9607.98,USD,2026-01-23 23:30:00
2026-01-24,META-CAM-002,Meta Ads,META-ACC-001,Meta Campaign 02,Conversions,441.3,84957,62255,2094,107,59,10260.51,USD,2026-01-24 23:30:00
2026-01-25,META-CAM-002,Meta Ads,META-ACC-001,Meta Campaign 02,Conversions,333.4,60840,47878,2165,199,113,19069.86,USD,2026-01-25 23:30:00
2026-01-26,META-CAM-002,Meta Ads,META-ACC-001,Meta Campaign 02,Conversions,659.8,57802,49298,2573,235,109,11195.43,USD,2026-01-26 23:30:00
2026-01-27,META-CAM-002,Meta Ads,META-ACC-001,Meta Campaign 02,Conversions,767.42,142346,90721,3723,378,199,42219.42,USD,2026-01-27 23:30:00
2026-01-28,META-CAM-002,Meta Ads,META-ACC-001,Meta Campaign 02,Conversions,639.25,66826,48520,1087,155,55,5941.06,USD,2026-01-28 23:30:00
2026-01-29,META-CAM-002,Meta Ads,META-ACC-001,Meta Campaign 02,Conversions,482.47,51044,44666,907,110,44,5968.97,USD,2026-01-29 23:30:00
2026-01-30,META-CAM-002,Meta Ads,META-ACC-001,Meta Campaign 02,Conversions,770.7,69115,41566,869,83,40,6253.9,USD,2026-01-30 23:30:00
2026-01-31,META-CAM-002,Meta Ads,META-ACC-001,Meta Campaign 02,Conversions,299.41,36453,29844,1469,54,26,2479.69,USD,2026-01-31 23:30:00
2026-02-01,META-CAM-002,Meta Ads,META-ACC-001,Meta Campaign 02,Conversions,362.32,38338,26674,1714,65,37,3698.9,USD,2026-02-01 23:30:00
2026-02-02,META-CAM-002,Meta Ads,META-ACC-001,Meta Campaign 02,Conversions,690.6,50447,37996,1602,190,81,13748.91,USD,2026-02-02 23:30:00
2026-02-03,META-CAM-002,Meta Ads,META-ACC-001,Meta Campaign 02,Conversions,771.59,96890,83670,3846,436,198,30396.86,USD,2026-02-03 23:30:00
2026-02-04,META-CAM-002,Meta Ads,META-ACC-001,Meta Campaign 02,Conversions,536.38,51778,46530,2030,157,87,10033.32,USD,2026-02-04 23:30:00
2026-02-05,META-CAM-002,Meta Ads,META-ACC-001,Meta Campaign 02,Conversions,496.02,53396,31014,2339,195,108,7447.64,USD,2026-02-05 23:30:00
2026-02-06,META-CAM-002,Meta Ads,META-ACC-001,Meta Campaign 02,Conversions,762.27,59852,46420,1885,239,114,20934.57,USD,2026-02-06 23:30:00
2026-02-07,META-CAM-002,Meta Ads,META-ACC-001,Meta Campaign 02,Conversions,316.69,25932,21719,984,57,29,4527.28,USD,2026-02-07 23:30:00
2026-02-08,META-CAM-002,Meta Ads,META-ACC-001,Meta Campaign 02,Conversions,290.84,23089,13214,838,105,56,7337.84,USD,2026-02-08 23:30:00
2026-02-09,META-CAM-002,Meta Ads,META-ACC-001,Meta Campaign 02,Conversions,534.01,44636,38120,991,35,25,4408.55,USD,2026-02-09 23:30:00
2026-02-10,META-CAM-002,Meta Ads,META-ACC-001,Meta Campaign 02,Conversions,576.28,44518,33764,1187,95,61,8984.02,USD,2026-02-10 23:30:00
2026-02-11,META-CAM-002,Meta Ads,META-ACC-001,Meta Campaign 02,Conversions,674.21,55845,40634,2087,156,75,8582.62,USD,2026-02-11 23:30:00
2026-02-12,META-CAM-002,Meta Ads,META-ACC-001,Meta Campaign 02,Conversions,547.23,67733,53405,2083,87,47,6015.82,USD,2026-02-12 23:30:00
2026-02-13,META-CAM-002,Meta Ads,META-ACC-001,Meta Campaign 02,Conversions,592.09,44445,39041,1323,165,77,7079.02,USD,2026-02-13 23:30:00
2026-02-14,META-CAM-002,Meta Ads,META-ACC-001,Meta Campaign 02,Conversions,450.0,77960,48898,1778,148,70,8414.26,USD,2026-02-14 23:30:00
2026-02-15,META-CAM-002,Meta Ads,META-ACC-001,Meta Campaign 02,Conversions,314.94,44254,25561,1160,145,65,8578.1,USD,2026-02-15 23:30:00
2026-02-16,META-CAM-002,Meta Ads,META-ACC-001,Meta Campaign 02,Conversions,691.63,132503,91391,2688,143,70,9142.92,USD,2026-02-16 23:30:00
2026-02-17,META-CAM-002,Meta Ads,META-ACC-001,Meta Campaign 02,Conversions,465.41,54066,35269,1372,67,31,5529.26,USD,2026-02-17 23:30:00
2026-02-18,META-CAM-002,Meta Ads,META-ACC-001,Meta Campaign 02,Conversions,771.39,60265,53848,1398,59,31,5617.25,USD,2026-02-18 23:30:00
2026-02-19,META-CAM-002,Meta Ads,META-ACC-001,Meta Campaign 02,Conversions,733.65,59490,45868,1331,94,63,6419.34,USD,2026-02-19 23:30:00
2026-02-20,META-CAM-002,Meta Ads,META-ACC-001,Meta Campaign 02,Conversions,733.14,86571,67779,2060,94,42,7025.6,USD,2026-02-20 23:30:00
2026-02-21,META-CAM-002,Meta Ads,META-ACC-001,Meta Campaign 02,Conversions,441.45,33811,27950,1170,84,50,6124.75,USD,2026-02-21 23:30:00
2026-02-22,META-CAM-002,Meta Ads,META-ACC-001,Meta Campaign 02,Conversions,389.16,56165,42129,1311,160,77,6688.26,USD,2026-02-22 23:30:00
2026-02-23,META-CAM-002,Meta Ads,META-ACC-001,Meta Campaign 02,Conversions,633.7,106644,91492,1959,247,125,10386.4,USD,2026-02-23 23:30:00
2026-02-24,META-CAM-002,Meta Ads,META-ACC-001,Meta Campaign 02,Conversions,440.73,48958,30109,2092,188,96,14349.95,USD,2026-02-24 23:30:00
2026-02-25,META-CAM-002,Meta Ads,META-ACC-001,Meta Campaign 02,Conversions,445.52,56013,46003,2320,194,87,14710.65,USD,2026-02-25 23:30:00
2026-02-26,META-CAM-002,Meta Ads,META-ACC-001,Meta Campaign 02,Conversions,496.56,73701,63842,2252,95,57,7444.31,USD,2026-02-26 23:30:00
2026-02-27,META-CAM-002,Meta Ads,META-ACC-001,Meta Campaign 02,Conversions,474.58,46765,37607,1724,179,75,6742.83,USD,2026-02-27 23:30:00
2026-02-28,META-CAM-002,Meta Ads,META-ACC-001,Meta Campaign 02,Conversions,432.73,38496,26169,721,33,22,2758.51,USD,2026-02-28 23:30:00
2026-03-01,META-CAM-002,Meta Ads,META-ACC-001,Meta Campaign 02,Conversions,455.14,38860,23904,687,55,38,4586.14,USD,2026-03-01 23:30:00
2026-03-02,META-CAM-002,Meta Ads,META-ACC-001,Meta Campaign 02,Conversions,648.69,85266,64468,1540,129,75,12107.87,USD,2026-03-02 23:30:00
2026-03-03,META-CAM-002,Meta Ads,META-ACC-001,Meta Campaign 02,Conversions,503.13,74702,44019,1223,96,57,6589.35,USD,2026-03-03 23:30:00
2026-03-04,META-CAM-002,Meta Ads,META-ACC-001,Meta Campaign 02,Conversions,588.02,47034,33617,1470,78,43,5330.73,USD,2026-03-04 23:30:00
2026-03-05,META-CAM-002,Meta Ads,META-ACC-001,Meta Campaign 02,Conversions,630.36,45823,38869,664,21,15,1666.59,USD,2026-03-05 23:30:00
2026-03-06,META-CAM-002,Meta Ads,META-ACC-001,Meta Campaign 02,Conversions,488.38,38121,32238,1305,148,63,10998.9,USD,2026-03-06 23:30:00
2026-03-07,META-CAM-002,Meta Ads,META-ACC-001,Meta Campaign 02,Conversions,387.0,52690,30193,1704,220,104,7541.97,USD,2026-03-07 23:30:00
2026-03-08,META-CAM-002,Meta Ads,META-ACC-001,Meta Campaign 02,Conversions,420.25,78045,52122,1990,215,110,10728.78,USD,2026-03-08 23:30:00
2026-03-09,META-CAM-002,Meta Ads,META-ACC-001,Meta Campaign 02,Conversions,581.57,55008,30319,2435,201,78,9639.17,USD,2026-03-09 23:30:00
2026-03-10,META-CAM-002,Meta Ads,META-ACC-001,Meta Campaign 02,Conversions,742.74,86203,55529,1335,57,23,4183.73,USD,2026-03-10 23:30:00
2026-03-11,META-CAM-002,Meta Ads,META-ACC-001,Meta Campaign 02,Conversions,653.48,57811,41906,935,36,21,3607.21,USD,2026-03-11 23:30:00
2026-03-12,META-CAM-002,Meta Ads,META-ACC-001,Meta Campaign 02,Conversions,563.48,57753,49929,2011,205,101,13140.71,USD,2026-03-12 23:30:00
2026-03-13,META-CAM-002,Meta Ads,META-ACC-001,Meta Campaign 02,Conversions,472.42,41504,30403,1827,207,68,12729.37,USD,2026-03-13 23:30:00
2026-03-14,META-CAM-002,Meta Ads,META-ACC-001,Meta Campaign 02,Conversions,478.31,44127,36037,988,108,47,8542.43,USD,2026-03-14 23:30:00
2026-03-15,META-CAM-002,Meta Ads,META-ACC-001,Meta Campaign 02,Conversions,499.53,60270,46283,2473,307,160,11129.21,USD,2026-03-15 23:30:00
2026-03-16,META-CAM-002,Meta Ads,META-ACC-001,Meta Campaign 02,Conversions,613.1,105040,62026,3413,200,113,8462.73,USD,2026-03-16 23:30:00
2026-03-17,META-CAM-002,Meta Ads,META-ACC-001,Meta Campaign 02,Conversions,704.25,73372,42197,2084,108,53,9313.04,USD,2026-03-17 23:30:00
2026-03-18,META-CAM-002,Meta Ads,META-ACC-001,Meta Campaign 02,Conversions,639.56,68213,56031,2162,133,67,11269.05,USD,2026-03-18 23:30:00
2026-03-19,META-CAM-002,Meta Ads,META-ACC-001,Meta Campaign 02,Conversions,557.43,41683,27664,993,114,71,9213.31,USD,2026-03-19 23:30:00
2026-03-20,META-CAM-002,Meta Ads,META-ACC-001,Meta Campaign 02,Conversions,609.92,45556,40852,1566,190,79,9522.62,USD,2026-03-20 23:30:00
2026-03-21,META-CAM-002,Meta Ads,META-ACC-001,Meta Campaign 02,Conversions,280.65,27739,17596,1041,117,52,8460.8,USD,2026-03-21 23:30:00
2026-03-22,META-CAM-002,Meta Ads,META-ACC-001,Meta Campaign 02,Conversions,272.28,48782,31280,1438,89,51,9070.48,USD,2026-03-22 23:30:00
2026-03-23,META-CAM-002,Meta Ads,META-ACC-001,Meta Campaign 02,Conversions,438.47,66905,49202,1109,84,54,7744.3,USD,2026-03-23 23:30:00
2026-03-24,META-CAM-002,Meta Ads,META-ACC-001,Meta Campaign 02,Conversions,471.32,34049,20281,1248,120,46,7672.45,USD,2026-03-24 23:30:00
2026-03-25,META-CAM-002,Meta Ads,META-ACC-001,Meta Campaign 02,Conversions,667.97,120137,81331,1789,157,82,10016.56,USD,2026-03-25 23:30:00
2026-03-26,META-CAM-002,Meta Ads,META-ACC-001,Meta Campaign 02,Conversions,726.76,125936,72048,5012,351,197,21196.6,USD,2026-03-26 23:30:00
2026-03-27,META-CAM-002,Meta Ads,META-ACC-001,Meta Campaign 02,Conversions,754.83,73000,46466,3171,192,94,20194.43,USD,2026-03-27 23:30:00
2026-03-28,META-CAM-002,Meta Ads,META-ACC-001,Meta Campaign 02,Conversions,291.73,25494,18323,989,60,42,3529.24,USD,2026-03-28 23:30:00
2026-03-29,META-CAM-002,Meta Ads,META-ACC-001,Meta Campaign 02,Conversions,410.82,44792,38791,1308,179,80,13066.46,USD,2026-03-29 23:30:00
2026-03-30,META-CAM-002,Meta Ads,META-ACC-001,Meta Campaign 02,Conversions,638.48,98631,80596,1464,164,83,9979.2,USD,2026-03-30 23:30:00
2026-03-31,META-CAM-002,Meta Ads,META-ACC-001,Meta Campaign 02,Conversions,573.66,44756,36987,566,35,24,1938.31,USD,2026-03-31 23:30:00
2026-04-01,META-CAM-002,Meta Ads,META-ACC-001,Meta Campaign 02,Conversions,447.94,62826,44302,2721,268,124,20574.4,USD,2026-04-01 23:30:00
2026-04-02,META-CAM-002,Meta Ads,META-ACC-001,Meta Campaign 02,Conversions,652.53,99617,62820,3595,246,101,12724.14,USD,2026-04-02 23:30:00
2026-04-03,META-CAM-002,Meta Ads,META-ACC-001,Meta Campaign 02,Conversions,537.96,61620,40932,806,44,28,3039.84,USD,2026-04-03 23:30:00
2026-04-04,META-CAM-002,Meta Ads,META-ACC-001,Meta Campaign 02,Conversions,275.54,24920,17069,735,62,23,2230.66,USD,2026-04-04 23:30:00
2026-04-05,META-CAM-002,Meta Ads,META-ACC-001,Meta Campaign 02,Conversions,477.78,84407,48256,3276,291,122,11772.35,USD,2026-04-05 23:30:00
2026-04-06,META-CAM-002,Meta Ads,META-ACC-001,Meta Campaign 02,Conversions,740.59,58210,45644,1301,79,39,6234.86,USD,2026-04-06 23:30:00
2026-04-07,META-CAM-002,Meta Ads,META-ACC-001,Meta Campaign 02,Conversions,744.04,83208,57995,2572,292,135,24743.12,USD,2026-04-07 23:30:00
2026-04-08,META-CAM-002,Meta Ads,META-ACC-001,Meta Campaign 02,Conversions,591.93,92823,68105,2551,247,118,18786.81,USD,2026-04-08 23:30:00
2026-04-09,META-CAM-002,Meta Ads,META-ACC-001,Meta Campaign 02,Conversions,668.09,97105,67735,1380,119,65,9305.98,USD,2026-04-09 23:30:00
2026-04-10,META-CAM-002,Meta Ads,META-ACC-001,Meta Campaign 02,Conversions,435.08,41935,35225,1814,94,48,10530.38,USD,2026-04-10 23:30:00
2026-04-11,META-CAM-002,Meta Ads,META-ACC-001,Meta Campaign 02,Conversions,386.14,35528,20511,963,102,64,11787.86,USD,2026-04-11 23:30:00
2026-04-12,META-CAM-002,Meta Ads,META-ACC-001,Meta Campaign 02,Conversions,399.22,48589,38090,1698,198,110,21075.8,USD,2026-04-12 23:30:00
2026-04-13,META-CAM-002,Meta Ads,META-ACC-001,Meta Campaign 02,Conversions,438.52,56272,46798,767,81,32,3436.08,USD,2026-04-13 23:30:00
2026-04-14,META-CAM-002,Meta Ads,META-ACC-001,Meta Campaign 02,Conversions,630.37,96025,54692,2714,272,159,22396.06,USD,2026-04-14 23:30:00
2026-04-15,META-CAM-002,Meta Ads,META-ACC-001,Meta Campaign 02,Conversions,579.62,81639,64181,2685,167,88,9640.89,USD,2026-04-15 23:30:00
2026-04-16,META-CAM-002,Meta Ads,META-ACC-001,Meta Campaign 02,Conversions,703.83,58427,34814,1408,89,44,5674.38,USD,2026-04-16 23:30:00
2026-04-17,META-CAM-002,Meta Ads,META-ACC-001,Meta Campaign 02,Conversions,748.19,58288,33106,743,48,21,1735.48,USD,2026-04-17 23:30:00
2026-04-18,META-CAM-002,Meta Ads,META-ACC-001,Meta Campaign 02,Conversions,457.21,43655,26248,1448,138,73,8877.25,USD,2026-04-18 23:30:00
2026-04-19,META-CAM-002,Meta Ads,META-ACC-001,Meta Campaign 02,Conversions,409.03,31931,26873,682,73,31,4846.47,USD,2026-04-19 23:30:00
2026-04-20,META-CAM-002,Meta Ads,META-ACC-001,Meta Campaign 02,Conversions,764.14,92092,64315,3398,274,126,23695.79,USD,2026-04-20 23:30:00
2026-04-21,META-CAM-002,Meta Ads,META-ACC-001,Meta Campaign 02,Conversions,679.19,96302,56948,1378,125,57,10159.93,USD,2026-04-21 23:30:00
2026-04-22,META-CAM-002,Meta Ads,META-ACC-001,Meta Campaign 02,Conversions,698.74,54183,34228,2146,122,88,9748.33,USD,2026-04-22 23:30:00
2026-04-23,META-CAM-002,Meta Ads,META-ACC-001,Meta Campaign 02,Conversions,709.9,57846,43428,1432,142,78,10921.66,USD,2026-04-23 23:30:00
2026-04-24,META-CAM-002,Meta Ads,META-ACC-001,Meta Campaign 02,Conversions,746.66,78018,51868,3097,384,156,22086.55,USD,2026-04-24 23:30:00
2026-04-25,META-CAM-002,Meta Ads,META-ACC-001,Meta Campaign 02,Conversions,452.79,52391,33035,2050,184,89,16011.11,USD,2026-04-25 23:30:00
2026-04-26,META-CAM-002,Meta Ads,META-ACC-001,Meta Campaign 02,Conversions,470.35,35783,29874,1185,71,45,4898.96,USD,2026-04-26 23:30:00
2026-04-27,META-CAM-002,Meta Ads,META-ACC-001,Meta Campaign 02,Conversions,668.74,69187,53910,2911,183,102,8795.78,USD,2026-04-27 23:30:00
2026-04-28,META-CAM-002,Meta Ads,META-ACC-001,Meta Campaign 02,Conversions,492.83,91925,81095,2952,316,156,17715.19,USD,2026-04-28 23:30:00
2026-04-29,META-CAM-002,Meta Ads,META-ACC-001,Meta Campaign 02,Conversions,461.86,56095,42544,679,81,37,6695.16,USD,2026-04-29 23:30:00
2026-04-30,META-CAM-002,Meta Ads,META-ACC-001,Meta Campaign 02,Conversions,543.63,51865,46125,996,102,56,10073.48,USD,2026-04-30 23:30:00
2026-05-01,META-CAM-002,Meta Ads,META-ACC-001,Meta Campaign 02,Conversions,727.44,52593,34134,1120,78,46,3658.45,USD,2026-05-01 23:30:00
2026-05-02,META-CAM-002,Meta Ads,META-ACC-001,Meta Campaign 02,Conversions,468.98,57529,37759,1204,122,56,12836.77,USD,2026-05-02 23:30:00
2026-05-03,META-CAM-002,Meta Ads,META-ACC-001,Meta Campaign 02,Conversions,487.31,61579,50895,2750,154,72,12386.7,USD,2026-05-03 23:30:00
2026-05-04,META-CAM-002,Meta Ads,META-ACC-001,Meta Campaign 02,Conversions,721.36,80613,54526,2116,205,90,12791.61,USD,2026-05-04 23:30:00
2026-05-05,META-CAM-002,Meta Ads,META-ACC-001,Meta Campaign 02,Conversions,744.08,70168,39491,1376,164,63,10510.35,USD,2026-05-05 23:30:00
2026-05-06,META-CAM-002,Meta Ads,META-ACC-001,Meta Campaign 02,Conversions,638.19,71503,49999,1135,105,49,8969.05,USD,2026-05-06 23:30:00
2026-05-07,META-CAM-002,Meta Ads,META-ACC-001,Meta Campaign 02,Conversions,495.78,37366,30934,1159,125,65,7614.71,USD,2026-05-07 23:30:00
2026-05-08,META-CAM-002,Meta Ads,META-ACC-001,Meta Campaign 02,Conversions,704.28,52039,29386,2154,123,77,9810.51,USD,2026-05-08 23:30:00
2026-05-09,META-CAM-002,Meta Ads,META-ACC-001,Meta Campaign 02,Conversions,379.01,67383,40971,825,90,59,8254.9,USD,2026-05-09 23:30:00
2026-05-10,META-CAM-002,Meta Ads,META-ACC-001,Meta Campaign 02,Conversions,425.82,77728,67830,1424,91,39,4282.72,USD,2026-05-10 23:30:00
2026-05-11,META-CAM-002,Meta Ads,META-ACC-001,Meta Campaign 02,Conversions,638.89,50163,36782,2205,229,112,18118.95,USD,2026-05-11 23:30:00
2026-05-12,META-CAM-002,Meta Ads,META-ACC-001,Meta Campaign 02,Conversions,458.28,74449,43966,1776,93,36,7198.52,USD,2026-05-12 23:30:00
2026-05-13,META-CAM-002,Meta Ads,META-ACC-001,Meta Campaign 02,Conversions,624.96,91880,78123,1260,96,52,8336.18,USD,2026-05-13 23:30:00
2026-05-14,META-CAM-002,Meta Ads,META-ACC-001,Meta Campaign 02,Conversions,684.03,73132,64817,2897,186,108,13530.83,USD,2026-05-14 23:30:00
2026-05-15,META-CAM-002,Meta Ads,META-ACC-001,Meta Campaign 02,Conversions,570.4,65983,51201,846,87,40,4704.28,USD,2026-05-15 23:30:00
2026-05-16,META-CAM-002,Meta Ads,META-ACC-001,Meta Campaign 02,Conversions,422.74,63408,45899,1192,70,39,4228.66,USD,2026-05-16 23:30:00
2026-05-17,META-CAM-002,Meta Ads,META-ACC-001,Meta Campaign 02,Conversions,460.23,60462,42219,2262,100,59,9531.58,USD,2026-05-17 23:30:00
2026-05-18,META-CAM-002,Meta Ads,META-ACC-001,Meta Campaign 02,Conversions,683.28,62257,54254,892,70,34,2765.21,USD,2026-05-18 23:30:00
2026-05-19,META-CAM-002,Meta Ads,META-ACC-001,Meta Campaign 02,Conversions,562.0,55905,41339,1560,70,39,5007.72,USD,2026-05-19 23:30:00
2026-05-20,META-CAM-002,Meta Ads,META-ACC-001,Meta Campaign 02,Conversions,537.13,44223,33550,1421,127,62,8750.69,USD,2026-05-20 23:30:00
2026-05-21,META-CAM-002,Meta Ads,META-ACC-001,Meta Campaign 02,Conversions,593.4,44015,31174,1413,157,84,12648.9,USD,2026-05-21 23:30:00
2026-05-22,META-CAM-002,Meta Ads,META-ACC-001,Meta Campaign 02,Conversions,599.79,46260,28335,1082,83,40,6671.08,USD,2026-05-22 23:30:00
2026-05-23,META-CAM-002,Meta Ads,META-ACC-001,Meta Campaign 02,Conversions,467.7,54135,30087,1533,180,92,20088.03,USD,2026-05-23 23:30:00
2026-05-24,META-CAM-002,Meta Ads,META-ACC-001,Meta Campaign 02,Conversions,386.46,61192,54608,2409,250,135,15322.64,USD,2026-05-24 23:30:00
2026-05-25,META-CAM-002,Meta Ads,META-ACC-001,Meta Campaign 02,Conversions,631.37,70652,62329,1947,145,88,19349.74,USD,2026-05-25 23:30:00
2026-05-26,META-CAM-002,Meta Ads,META-ACC-001,Meta Campaign 02,Conversions,630.16,46702,27209,1816,216,80,16720.19,USD,2026-05-26 23:30:00
2026-05-27,META-CAM-002,Meta Ads,META-ACC-001,Meta Campaign 02,Conversions,484.9,60554,46451,1427,71,38,3486.88,USD,2026-05-27 23:30:00
2026-05-28,META-CAM-002,Meta Ads,META-ACC-001,Meta Campaign 02,Conversions,705.25,65271,48191,1589,98,38,6948.48,USD,2026-05-28 23:30:00
2026-05-29,META-CAM-002,Meta Ads,META-ACC-001,Meta Campaign 02,Conversions,729.79,105071,79632,2335,311,147,26932.05,USD,2026-05-29 23:30:00
2026-05-30,META-CAM-002,Meta Ads,META-ACC-001,Meta Campaign 02,Conversions,299.36,39471,29220,1578,86,40,4824.11,USD,2026-05-30 23:30:00
2026-05-31,META-CAM-002,Meta Ads,META-ACC-001,Meta Campaign 02,Conversions,462.84,61918,40141,1811,179,79,8697.15,USD,2026-05-31 23:30:00
2026-06-01,META-CAM-002,Meta Ads,META-ACC-001,Meta Campaign 02,Conversions,533.37,48621,31087,2157,206,101,19838.73,USD,2026-06-01 23:30:00
2026-06-02,META-CAM-002,Meta Ads,META-ACC-001,Meta Campaign 02,Conversions,455.01,51006,45149,1481,73,34,5639.48,USD,2026-06-02 23:30:00
2026-06-03,META-CAM-002,Meta Ads,META-ACC-001,Meta Campaign 02,Conversions,498.74,72436,53370,960,120,74,12330.18,USD,2026-06-03 23:30:00
2026-06-04,META-CAM-002,Meta Ads,META-ACC-001,Meta Campaign 02,Conversions,725.33,79944,52692,1056,83,35,4000.22,USD,2026-06-04 23:30:00
2026-06-05,META-CAM-002,Meta Ads,META-ACC-001,Meta Campaign 02,Conversions,615.68,92217,80135,2333,208,90,17986.74,USD,2026-06-05 23:30:00
2026-06-06,META-CAM-002,Meta Ads,META-ACC-001,Meta Campaign 02,Conversions,379.27,30139,23309,945,63,40,3604.17,USD,2026-06-06 23:30:00
2026-06-07,META-CAM-002,Meta Ads,META-ACC-001,Meta Campaign 02,Conversions,297.2,47695,28456,800,36,18,2972.48,USD,2026-06-07 23:30:00
2026-06-08,META-CAM-002,Meta Ads,META-ACC-001,Meta Campaign 02,Conversions,434.91,45690,40063,1725,100,58,12078.09,USD,2026-06-08 23:30:00
2026-06-09,META-CAM-002,Meta Ads,META-ACC-001,Meta Campaign 02,Conversions,733.53,88270,65807,3057,285,145,20505.04,USD,2026-06-09 23:30:00
2026-06-10,META-CAM-002,Meta Ads,META-ACC-001,Meta Campaign 02,Conversions,586.83,116787,99607,2810,135,69,9954.62,USD,2026-06-10 23:30:00
2026-06-11,META-CAM-002,Meta Ads,META-ACC-001,Meta Campaign 02,Conversions,516.52,53791,36061,1744,116,69,13464.81,USD,2026-06-11 23:30:00
2026-06-12,META-CAM-002,Meta Ads,META-ACC-001,Meta Campaign 02,Conversions,521.85,44059,28236,1378,58,41,7252.61,USD,2026-06-12 23:30:00
2026-06-13,META-CAM-002,Meta Ads,META-ACC-001,Meta Campaign 02,Conversions,358.67,34163,24132,455,45,29,5376.4,USD,2026-06-13 23:30:00
2026-06-14,META-CAM-002,Meta Ads,META-ACC-001,Meta Campaign 02,Conversions,474.52,53553,30755,2338,134,77,6476.45,USD,2026-06-14 23:30:00
2026-06-15,META-CAM-002,Meta Ads,META-ACC-001,Meta Campaign 02,Conversions,524.43,50608,36715,630,44,31,6704.04,USD,2026-06-15 23:30:00
2026-06-16,META-CAM-002,Meta Ads,META-ACC-001,Meta Campaign 02,Conversions,731.32,56520,35942,753,89,44,4827.19,USD,2026-06-16 23:30:00
2026-06-17,META-CAM-002,Meta Ads,META-ACC-001,Meta Campaign 02,Conversions,595.62,82756,72614,3216,163,89,9969.8,USD,2026-06-17 23:30:00
2026-06-18,META-CAM-002,Meta Ads,META-ACC-001,Meta Campaign 02,Conversions,669.1,55472,35107,1860,135,76,6897.11,USD,2026-06-18 23:30:00
2026-06-19,META-CAM-002,Meta Ads,META-ACC-001,Meta Campaign 02,Conversions,429.68,54383,43563,2307,287,111,14630.7,USD,2026-06-19 23:30:00
2026-06-20,META-CAM-002,Meta Ads,META-ACC-001,Meta Campaign 02,Conversions,287.87,55666,34795,861,57,33,2737.88,USD,2026-06-20 23:30:00
2026-06-21,META-CAM-002,Meta Ads,META-ACC-001,Meta Campaign 02,Conversions,416.21,54762,32991,2419,317,157,31490.59,USD,2026-06-21 23:30:00
2026-06-22,META-CAM-002,Meta Ads,META-ACC-001,Meta Campaign 02,Conversions,671.32,49678,31692,1428,172,88,10903.43,USD,2026-06-22 23:30:00
2026-06-23,META-CAM-002,Meta Ads,META-ACC-001,Meta Campaign 02,Conversions,736.93,55882,32270,1212,81,40,3789.7,USD,2026-06-23 23:30:00
2026-02-04,META-CAM-003,Meta Ads,META-ACC-001,Meta Campaign 03,Lead Generation,734.06,59070,48459,1775,179,78,10610.22,USD,2026-02-04 23:30:00
2026-02-05,META-CAM-003,Meta Ads,META-ACC-001,Meta Campaign 03,Lead Generation,676.47,72502,50000,2757,126,82,8275.7,USD,2026-02-05 23:30:00
2026-02-06,META-CAM-003,Meta Ads,META-ACC-001,Meta Campaign 03,Lead Generation,706.08,56804,41664,816,62,26,3098.33,USD,2026-02-06 23:30:00
2026-02-07,META-CAM-003,Meta Ads,META-ACC-001,Meta Campaign 03,Lead Generation,449.2,64126,35601,2560,279,136,15614.68,USD,2026-02-07 23:30:00
2026-02-08,META-CAM-003,Meta Ads,META-ACC-001,Meta Campaign 03,Lead Generation,493.87,66590,58921,1218,108,46,4876.19,USD,2026-02-08 23:30:00
2026-02-09,META-CAM-003,Meta Ads,META-ACC-001,Meta Campaign 03,Lead Generation,642.97,123402,81684,3671,250,112,18310.44,USD,2026-02-09 23:30:00
2026-02-10,META-CAM-003,Meta Ads,META-ACC-001,Meta Campaign 03,Lead Generation,694.97,77711,46354,2138,145,71,9037.95,USD,2026-02-10 23:30:00
2026-02-11,META-CAM-003,Meta Ads,META-ACC-001,Meta Campaign 03,Lead Generation,467.02,64174,53068,859,37,16,1871.55,USD,2026-02-11 23:30:00
2026-02-12,META-CAM-003,Meta Ads,META-ACC-001,Meta Campaign 03,Lead Generation,850.7,109782,68066,4667,336,179,13032.24,USD,2026-02-12 23:30:00
2026-02-13,META-CAM-003,Meta Ads,META-ACC-001,Meta Campaign 03,Lead Generation,481.98,52239,39406,2198,88,44,7707.32,USD,2026-02-13 23:30:00
2026-02-14,META-CAM-003,Meta Ads,META-ACC-001,Meta Campaign 03,Lead Generation,339.98,60770,33560,1000,89,51,6361.5,USD,2026-02-14 23:30:00
2026-02-15,META-CAM-003,Meta Ads,META-ACC-001,Meta Campaign 03,Lead Generation,458.68,72166,61072,1873,210,102,12277.47,USD,2026-02-15 23:30:00
2026-02-16,META-CAM-003,Meta Ads,META-ACC-001,Meta Campaign 03,Lead Generation,832.72,103481,62866,3951,213,121,21704.36,USD,2026-02-16 23:30:00
2026-02-17,META-CAM-003,Meta Ads,META-ACC-001,Meta Campaign 03,Lead Generation,685.65,132243,85281,5005,231,121,12404.78,USD,2026-02-17 23:30:00
2026-02-18,META-CAM-003,Meta Ads,META-ACC-001,Meta Campaign 03,Lead Generation,547.43,48328,39147,2060,209,106,15308.4,USD,2026-02-18 23:30:00
2026-02-19,META-CAM-003,Meta Ads,META-ACC-001,Meta Campaign 03,Lead Generation,544.24,87397,70262,2843,197,111,17059.5,USD,2026-02-19 23:30:00
2026-02-20,META-CAM-003,Meta Ads,META-ACC-001,Meta Campaign 03,Lead Generation,519.98,95523,69527,3364,263,143,14516.35,USD,2026-02-20 23:30:00
2026-02-21,META-CAM-003,Meta Ads,META-ACC-001,Meta Campaign 03,Lead Generation,390.81,76549,62398,1678,214,103,12991.31,USD,2026-02-21 23:30:00
2026-02-22,META-CAM-003,Meta Ads,META-ACC-001,Meta Campaign 03,Lead Generation,519.45,45154,36241,671,21,15,2434.99,USD,2026-02-22 23:30:00
2026-02-23,META-CAM-003,Meta Ads,META-ACC-001,Meta Campaign 03,Lead Generation,737.29,112515,97545,1454,102,63,10936.68,USD,2026-02-23 23:30:00
2026-02-24,META-CAM-003,Meta Ads,META-ACC-001,Meta Campaign 03,Lead Generation,726.39,56550,32972,1242,124,66,12250.9,USD,2026-02-24 23:30:00
2026-02-25,META-CAM-003,Meta Ads,META-ACC-001,Meta Campaign 03,Lead Generation,730.9,62666,45409,2404,270,123,11557.26,USD,2026-02-25 23:30:00
2026-02-26,META-CAM-003,Meta Ads,META-ACC-001,Meta Campaign 03,Lead Generation,523.65,38671,22519,1664,88,53,4698.79,USD,2026-02-26 23:30:00
2026-02-27,META-CAM-003,Meta Ads,META-ACC-001,Meta Campaign 03,Lead Generation,508.27,61691,35827,1298,127,53,11631.02,USD,2026-02-27 23:30:00
2026-02-28,META-CAM-003,Meta Ads,META-ACC-001,Meta Campaign 03,Lead Generation,346.5,30360,23019,1339,109,62,8793.58,USD,2026-02-28 23:30:00
2026-03-01,META-CAM-003,Meta Ads,META-ACC-001,Meta Campaign 03,Lead Generation,453.71,66064,58457,1246,90,48,7549.12,USD,2026-03-01 23:30:00
2026-03-02,META-CAM-003,Meta Ads,META-ACC-001,Meta Campaign 03,Lead Generation,567.85,72864,60847,1667,101,44,8059.24,USD,2026-03-02 23:30:00
2026-03-03,META-CAM-003,Meta Ads,META-ACC-001,Meta Campaign 03,Lead Generation,506.67,40948,31305,1570,62,45,8459.76,USD,2026-03-03 23:30:00
2026-03-04,META-CAM-003,Meta Ads,META-ACC-001,Meta Campaign 03,Lead Generation,595.12,50477,37140,992,52,20,3736.28,USD,2026-03-04 23:30:00
2026-03-05,META-CAM-003,Meta Ads,META-ACC-001,Meta Campaign 03,Lead Generation,618.51,45081,35619,1884,148,73,15051.09,USD,2026-03-05 23:30:00
2026-03-06,META-CAM-003,Meta Ads,META-ACC-001,Meta Campaign 03,Lead Generation,708.36,136200,122488,1877,162,84,8929.87,USD,2026-03-06 23:30:00
2026-03-07,META-CAM-003,Meta Ads,META-ACC-001,Meta Campaign 03,Lead Generation,538.52,42923,24549,1304,68,32,5144.51,USD,2026-03-07 23:30:00
2026-03-08,META-CAM-003,Meta Ads,META-ACC-001,Meta Campaign 03,Lead Generation,372.84,28959,22405,880,62,30,3604.46,USD,2026-03-08 23:30:00
2026-03-09,META-CAM-003,Meta Ads,META-ACC-001,Meta Campaign 03,Lead Generation,525.85,76179,64416,2787,282,146,28117.9,USD,2026-03-09 23:30:00
2026-03-10,META-CAM-003,Meta Ads,META-ACC-001,Meta Campaign 03,Lead Generation,476.29,94513,52457,2756,175,92,16642.85,USD,2026-03-10 23:30:00
2026-03-11,META-CAM-003,Meta Ads,META-ACC-001,Meta Campaign 03,Lead Generation,496.47,39303,34461,1409,143,62,11429.06,USD,2026-03-11 23:30:00
2026-03-12,META-CAM-003,Meta Ads,META-ACC-001,Meta Campaign 03,Lead Generation,749.26,92255,75879,3849,270,118,18289.74,USD,2026-03-12 23:30:00
2026-03-13,META-CAM-003,Meta Ads,META-ACC-001,Meta Campaign 03,Lead Generation,821.66,106791,79088,2025,188,104,12329.94,USD,2026-03-13 23:30:00
2026-03-14,META-CAM-003,Meta Ads,META-ACC-001,Meta Campaign 03,Lead Generation,316.23,25825,15021,574,29,19,2909.8,USD,2026-03-14 23:30:00
2026-03-15,META-CAM-003,Meta Ads,META-ACC-001,Meta Campaign 03,Lead Generation,325.22,25351,19822,619,72,44,7877.15,USD,2026-03-15 23:30:00
2026-03-16,META-CAM-003,Meta Ads,META-ACC-001,Meta Campaign 03,Lead Generation,685.75,58511,51940,2092,206,111,20554.79,USD,2026-03-16 23:30:00
2026-03-17,META-CAM-003,Meta Ads,META-ACC-001,Meta Campaign 03,Lead Generation,467.59,46914,40492,1347,97,41,4627.11,USD,2026-03-17 23:30:00
2026-03-18,META-CAM-003,Meta Ads,META-ACC-001,Meta Campaign 03,Lead Generation,502.67,37426,32437,1212,50,30,4710.59,USD,2026-03-18 23:30:00
2026-03-19,META-CAM-003,Meta Ads,META-ACC-001,Meta Campaign 03,Lead Generation,786.93,100708,61413,1641,200,87,6726.45,USD,2026-03-19 23:30:00
2026-03-20,META-CAM-003,Meta Ads,META-ACC-001,Meta Campaign 03,Lead Generation,514.69,61637,52250,1960,183,73,7359.78,USD,2026-03-20 23:30:00
2026-03-21,META-CAM-003,Meta Ads,META-ACC-001,Meta Campaign 03,Lead Generation,343.63,63270,45084,2429,199,108,8592.61,USD,2026-03-21 23:30:00
2026-03-22,META-CAM-003,Meta Ads,META-ACC-001,Meta Campaign 03,Lead Generation,329.37,26654,17061,958,69,50,9717.02,USD,2026-03-22 23:30:00
2026-03-23,META-CAM-003,Meta Ads,META-ACC-001,Meta Campaign 03,Lead Generation,794.77,88676,53074,1885,94,46,4681.24,USD,2026-03-23 23:30:00
2026-03-24,META-CAM-003,Meta Ads,META-ACC-001,Meta Campaign 03,Lead Generation,799.22,75705,57790,2426,129,63,9831.85,USD,2026-03-24 23:30:00
2026-03-25,META-CAM-003,Meta Ads,META-ACC-001,Meta Campaign 03,Lead Generation,825.49,89400,68898,2341,234,111,7849.89,USD,2026-03-25 23:30:00
2026-03-26,META-CAM-003,Meta Ads,META-ACC-001,Meta Campaign 03,Lead Generation,481.58,44440,37931,1389,94,41,7200.93,USD,2026-03-26 23:30:00
2026-03-27,META-CAM-003,Meta Ads,META-ACC-001,Meta Campaign 03,Lead Generation,652.11,56468,38077,818,27,23,4068.72,USD,2026-03-27 23:30:00
2026-03-28,META-CAM-003,Meta Ads,META-ACC-001,Meta Campaign 03,Lead Generation,348.21,64267,54870,804,64,40,3663.85,USD,2026-03-28 23:30:00
2026-03-29,META-CAM-003,Meta Ads,META-ACC-001,Meta Campaign 03,Lead Generation,486.42,50095,42990,2109,247,106,16399.75,USD,2026-03-29 23:30:00
2026-03-30,META-CAM-003,Meta Ads,META-ACC-001,Meta Campaign 03,Lead Generation,655.05,91502,71803,4027,338,205,18508.36,USD,2026-03-30 23:30:00
2026-03-31,META-CAM-003,Meta Ads,META-ACC-001,Meta Campaign 03,Lead Generation,652.03,60248,34378,1157,133,69,6124.64,USD,2026-03-31 23:30:00
2026-04-01,META-CAM-003,Meta Ads,META-ACC-001,Meta Campaign 03,Lead Generation,601.1,47844,41232,2061,189,103,9822.37,USD,2026-04-01 23:30:00
2026-04-02,META-CAM-003,Meta Ads,META-ACC-001,Meta Campaign 03,Lead Generation,737.03,128569,81228,3521,380,208,15559.0,USD,2026-04-02 23:30:00
2026-04-03,META-CAM-003,Meta Ads,META-ACC-001,Meta Campaign 03,Lead Generation,750.91,54955,47460,1841,110,56,11266.99,USD,2026-04-03 23:30:00
2026-04-04,META-CAM-003,Meta Ads,META-ACC-001,Meta Campaign 03,Lead Generation,531.96,65524,53893,2647,119,56,12891.93,USD,2026-04-04 23:30:00
2026-04-05,META-CAM-003,Meta Ads,META-ACC-001,Meta Campaign 03,Lead Generation,351.48,41150,27407,1642,77,32,5820.72,USD,2026-04-05 23:30:00
2026-04-06,META-CAM-003,Meta Ads,META-ACC-001,Meta Campaign 03,Lead Generation,713.15,108430,77567,4050,282,174,28099.38,USD,2026-04-06 23:30:00
2026-04-07,META-CAM-003,Meta Ads,META-ACC-001,Meta Campaign 03,Lead Generation,718.22,52323,38887,1572,122,57,6427.15,USD,2026-04-07 23:30:00
2026-04-08,META-CAM-003,Meta Ads,META-ACC-001,Meta Campaign 03,Lead Generation,499.99,65488,44451,2912,197,89,10654.25,USD,2026-04-08 23:30:00
2026-04-09,META-CAM-003,Meta Ads,META-ACC-001,Meta Campaign 03,Lead Generation,602.98,117094,104489,4649,529,295,23933.27,USD,2026-04-09 23:30:00
2026-04-10,META-CAM-003,Meta Ads,META-ACC-001,Meta Campaign 03,Lead Generation,599.78,42910,26340,1611,121,60,8411.02,USD,2026-04-10 23:30:00
2026-04-11,META-CAM-003,Meta Ads,META-ACC-001,Meta Campaign 03,Lead Generation,540.49,103964,72421,2464,313,160,35605.07,USD,2026-04-11 23:30:00
2026-04-12,META-CAM-003,Meta Ads,META-ACC-001,Meta Campaign 03,Lead Generation,529.84,48067,36503,769,61,25,4555.41,USD,2026-04-12 23:30:00
2026-04-13,META-CAM-003,Meta Ads,META-ACC-001,Meta Campaign 03,Lead Generation,500.14,56398,31642,1542,179,81,7120.46,USD,2026-04-13 23:30:00
2026-04-14,META-CAM-003,Meta Ads,META-ACC-001,Meta Campaign 03,Lead Generation,852.51,81415,53212,2505,129,77,10258.98,USD,2026-04-14 23:30:00
2026-04-15,META-CAM-003,Meta Ads,META-ACC-001,Meta Campaign 03,Lead Generation,556.14,70436,62775,2061,194,97,18376.53,USD,2026-04-15 23:30:00
2026-04-16,META-CAM-003,Meta Ads,META-ACC-001,Meta Campaign 03,Lead Generation,623.45,55477,38675,1409,101,61,9340.14,USD,2026-04-16 23:30:00
2026-04-17,META-CAM-003,Meta Ads,META-ACC-001,Meta Campaign 03,Lead Generation,470.82,42762,25197,596,48,28,2145.63,USD,2026-04-17 23:30:00
2026-04-18,META-CAM-003,Meta Ads,META-ACC-001,Meta Campaign 03,Lead Generation,431.91,39755,28383,1276,105,45,9507.46,USD,2026-04-18 23:30:00
2026-04-19,META-CAM-003,Meta Ads,META-ACC-001,Meta Campaign 03,Lead Generation,500.83,85184,65553,2339,117,75,13985.5,USD,2026-04-19 23:30:00
2026-04-20,META-CAM-003,Meta Ads,META-ACC-001,Meta Campaign 03,Lead Generation,799.13,126653,74170,3343,313,181,26231.41,USD,2026-04-20 23:30:00
2026-04-21,META-CAM-003,Meta Ads,META-ACC-001,Meta Campaign 03,Lead Generation,634.82,109712,90932,3298,202,104,18868.57,USD,2026-04-21 23:30:00
2026-04-22,META-CAM-003,Meta Ads,META-ACC-001,Meta Campaign 03,Lead Generation,734.6,71484,43093,1455,141,81,6181.44,USD,2026-04-22 23:30:00
2026-04-23,META-CAM-003,Meta Ads,META-ACC-001,Meta Campaign 03,Lead Generation,574.23,46848,29208,1274,50,29,5345.83,USD,2026-04-23 23:30:00
2026-04-24,META-CAM-003,Meta Ads,META-ACC-001,Meta Campaign 03,Lead Generation,501.92,53358,46748,797,84,49,7857.15,USD,2026-04-24 23:30:00
2026-04-25,META-CAM-003,Meta Ads,META-ACC-001,Meta Campaign 03,Lead Generation,517.82,52024,41024,1689,186,87,14531.37,USD,2026-04-25 23:30:00
2026-04-26,META-CAM-003,Meta Ads,META-ACC-001,Meta Campaign 03,Lead Generation,359.75,31855,28144,1418,46,35,4203.49,USD,2026-04-26 23:30:00
2026-04-27,META-CAM-003,Meta Ads,META-ACC-001,Meta Campaign 03,Lead Generation,697.06,112119,89232,2052,131,74,11065.58,USD,2026-04-27 23:30:00
2026-04-28,META-CAM-003,Meta Ads,META-ACC-001,Meta Campaign 03,Lead Generation,552.0,50333,36087,1238,94,47,4753.99,USD,2026-04-28 23:30:00
2026-04-29,META-CAM-003,Meta Ads,META-ACC-001,Meta Campaign 03,Lead Generation,816.4,67220,37852,2204,209,93,15231.08,USD,2026-04-29 23:30:00
2026-04-30,META-CAM-003,Meta Ads,META-ACC-001,Meta Campaign 03,Lead Generation,837.31,100033,65389,3066,347,162,23207.05,USD,2026-04-30 23:30:00
2026-05-01,META-CAM-003,Meta Ads,META-ACC-001,Meta Campaign 03,Lead Generation,840.57,143165,86834,4175,326,154,28149.75,USD,2026-05-01 23:30:00
2026-05-02,META-CAM-003,Meta Ads,META-ACC-001,Meta Campaign 03,Lead Generation,481.32,56909,49044,1781,189,92,13144.73,USD,2026-05-02 23:30:00
2026-05-03,META-CAM-003,Meta Ads,META-ACC-001,Meta Campaign 03,Lead Generation,532.97,93761,70831,3605,207,113,14985.7,USD,2026-05-03 23:30:00
2026-05-04,META-CAM-003,Meta Ads,META-ACC-001,Meta Campaign 03,Lead Generation,742.11,81198,50301,1988,119,54,9937.06,USD,2026-05-04 23:30:00
2026-05-05,META-CAM-003,Meta Ads,META-ACC-001,Meta Campaign 03,Lead Generation,635.06,126223,83807,5141,380,194,25041.08,USD,2026-05-05 23:30:00
2026-05-06,META-CAM-003,Meta Ads,META-ACC-001,Meta Campaign 03,Lead Generation,652.89,90762,68709,2958,224,119,24181.81,USD,2026-05-06 23:30:00
2026-05-07,META-CAM-003,Meta Ads,META-ACC-001,Meta Campaign 03,Lead Generation,778.47,74158,54341,2649,174,78,5065.37,USD,2026-05-07 23:30:00
2026-05-08,META-CAM-003,Meta Ads,META-ACC-001,Meta Campaign 03,Lead Generation,633.5,58235,42234,1028,74,43,9804.07,USD,2026-05-08 23:30:00
2026-05-09,META-CAM-003,Meta Ads,META-ACC-001,Meta Campaign 03,Lead Generation,394.71,45999,40101,1826,91,41,5484.94,USD,2026-05-09 23:30:00
2026-05-10,META-CAM-003,Meta Ads,META-ACC-001,Meta Campaign 03,Lead Generation,547.18,57118,50618,1247,71,31,6147.85,USD,2026-05-10 23:30:00
2026-05-11,META-CAM-003,Meta Ads,META-ACC-001,Meta Campaign 03,Lead Generation,684.69,105575,77351,4741,373,178,30380.58,USD,2026-05-11 23:30:00
2026-05-12,META-CAM-003,Meta Ads,META-ACC-001,Meta Campaign 03,Lead Generation,520.33,76326,62795,3272,211,100,11025.16,USD,2026-05-12 23:30:00
2026-05-13,META-CAM-003,Meta Ads,META-ACC-001,Meta Campaign 03,Lead Generation,526.18,48857,33210,1135,50,34,7234.99,USD,2026-05-13 23:30:00
2026-05-14,META-CAM-003,Meta Ads,META-ACC-001,Meta Campaign 03,Lead Generation,556.83,64253,37946,1689,212,93,16265.53,USD,2026-05-14 23:30:00
2026-05-15,META-CAM-003,Meta Ads,META-ACC-001,Meta Campaign 03,Lead Generation,491.54,57922,37504,1889,115,52,3980.72,USD,2026-05-15 23:30:00
2026-05-16,META-CAM-003,Meta Ads,META-ACC-001,Meta Campaign 03,Lead Generation,333.83,32720,18621,957,101,53,6482.78,USD,2026-05-16 23:30:00
2026-05-17,META-CAM-003,Meta Ads,META-ACC-001,Meta Campaign 03,Lead Generation,391.93,36693,31668,865,101,48,8290.49,USD,2026-05-17 23:30:00
2026-05-18,META-CAM-003,Meta Ads,META-ACC-001,Meta Campaign 03,Lead Generation,771.64,121847,100504,4018,460,225,47266.88,USD,2026-05-18 23:30:00
2026-05-19,META-CAM-003,Meta Ads,META-ACC-001,Meta Campaign 03,Lead Generation,470.6,81626,46265,2549,297,169,28420.39,USD,2026-05-19 23:30:00
2026-05-20,META-CAM-003,Meta Ads,META-ACC-001,Meta Campaign 03,Lead Generation,793.65,65785,51166,1624,70,42,7536.17,USD,2026-05-20 23:30:00
2026-05-21,META-CAM-003,Meta Ads,META-ACC-001,Meta Campaign 03,Lead Generation,674.0,54714,37914,1440,68,48,10201.6,USD,2026-05-21 23:30:00
2026-05-22,META-CAM-003,Meta Ads,META-ACC-001,Meta Campaign 03,Lead Generation,783.56,78055,56539,2007,253,133,20173.61,USD,2026-05-22 23:30:00
2026-05-23,META-CAM-003,Meta Ads,META-ACC-001,Meta Campaign 03,Lead Generation,480.48,78172,63009,1235,64,28,4887.35,USD,2026-05-23 23:30:00
2026-05-24,META-CAM-003,Meta Ads,META-ACC-001,Meta Campaign 03,Lead Generation,548.01,64987,58149,1524,154,92,6923.76,USD,2026-05-24 23:30:00
2026-05-25,META-CAM-003,Meta Ads,META-ACC-001,Meta Campaign 03,Lead Generation,540.0,75869,56732,2718,206,107,17655.35,USD,2026-05-25 23:30:00
2026-05-26,META-CAM-003,Meta Ads,META-ACC-001,Meta Campaign 03,Lead Generation,784.92,74498,64818,2128,104,37,6509.21,USD,2026-05-26 23:30:00
2026-05-27,META-CAM-003,Meta Ads,META-ACC-001,Meta Campaign 03,Lead Generation,717.67,55607,45463,1358,99,46,5777.53,USD,2026-05-27 23:30:00
2026-05-28,META-CAM-003,Meta Ads,META-ACC-001,Meta Campaign 03,Lead Generation,750.52,125921,95053,5323,602,295,55267.43,USD,2026-05-28 23:30:00
2026-05-29,META-CAM-003,Meta Ads,META-ACC-001,Meta Campaign 03,Lead Generation,642.79,53501,46651,2267,264,126,17859.97,USD,2026-05-29 23:30:00
2026-05-30,META-CAM-003,Meta Ads,META-ACC-001,Meta Campaign 03,Lead Generation,314.28,33420,20429,1358,179,72,13024.21,USD,2026-05-30 23:30:00
2026-05-31,META-CAM-003,Meta Ads,META-ACC-001,Meta Campaign 03,Lead Generation,360.71,26299,18956,500,16,22,3580.28,USD,2026-05-31 23:30:00
2026-06-01,META-CAM-003,Meta Ads,META-ACC-001,Meta Campaign 03,Lead Generation,462.97,71553,45493,2026,171,67,12263.37,USD,2026-06-01 23:30:00
2026-06-02,META-CAM-003,Meta Ads,META-ACC-001,Meta Campaign 03,Lead Generation,770.83,71033,53176,2149,88,52,7796.56,USD,2026-06-02 23:30:00
2026-06-03,META-CAM-003,Meta Ads,META-ACC-001,Meta Campaign 03,Lead Generation,495.4,51403,37560,656,91,43,6952.43,USD,2026-06-03 23:30:00
2026-06-04,META-CAM-003,Meta Ads,META-ACC-001,Meta Campaign 03,Lead Generation,744.86,143940,124716,3069,148,80,16803.25,USD,2026-06-04 23:30:00
2026-06-05,META-CAM-003,Meta Ads,META-ACC-001,Meta Campaign 03,Lead Generation,754.59,106015,80162,1885,187,90,20124.91,USD,2026-06-05 23:30:00
2026-06-06,META-CAM-003,Meta Ads,META-ACC-001,Meta Campaign 03,Lead Generation,447.02,59805,48983,2568,240,139,24511.51,USD,2026-06-06 23:30:00
2026-06-07,META-CAM-003,Meta Ads,META-ACC-001,Meta Campaign 03,Lead Generation,493.44,36043,25256,835,92,49,6693.53,USD,2026-06-07 23:30:00
2026-06-08,META-CAM-003,Meta Ads,META-ACC-001,Meta Campaign 03,Lead Generation,772.56,69601,59468,1265,106,69,8093.22,USD,2026-06-08 23:30:00
2026-06-09,META-CAM-003,Meta Ads,META-ACC-001,Meta Campaign 03,Lead Generation,843.45,71916,61764,1870,208,120,21236.96,USD,2026-06-09 23:30:00
2026-06-10,META-CAM-003,Meta Ads,META-ACC-001,Meta Campaign 03,Lead Generation,531.3,64418,46245,2092,199,98,19353.85,USD,2026-06-10 23:30:00
2026-06-11,META-CAM-003,Meta Ads,META-ACC-001,Meta Campaign 03,Lead Generation,763.4,59116,34023,1387,154,76,8275.77,USD,2026-06-11 23:30:00
2026-06-12,META-CAM-003,Meta Ads,META-ACC-001,Meta Campaign 03,Lead Generation,529.48,48416,32275,1724,179,87,16444.11,USD,2026-06-12 23:30:00
2026-06-13,META-CAM-003,Meta Ads,META-ACC-001,Meta Campaign 03,Lead Generation,354.51,31360,21533,1324,69,26,5221.16,USD,2026-06-13 23:30:00
2026-06-14,META-CAM-003,Meta Ads,META-ACC-001,Meta Campaign 03,Lead Generation,506.89,62146,51980,1630,153,94,13007.48,USD,2026-06-14 23:30:00
2026-06-15,META-CAM-003,Meta Ads,META-ACC-001,Meta Campaign 03,Lead Generation,756.4,76184,68145,3140,317,130,17640.92,USD,2026-06-15 23:30:00
2026-06-16,META-CAM-003,Meta Ads,META-ACC-001,Meta Campaign 03,Lead Generation,591.4,59854,34812,2026,137,71,8827.41,USD,2026-06-16 23:30:00
2026-06-17,META-CAM-003,Meta Ads,META-ACC-001,Meta Campaign 03,Lead Generation,620.51,51744,43283,1582,176,79,10264.15,USD,2026-06-17 23:30:00
2026-06-18,META-CAM-003,Meta Ads,META-ACC-001,Meta Campaign 03,Lead Generation,568.78,49320,37281,1584,169,81,19511.32,USD,2026-06-18 23:30:00
2026-06-19,META-CAM-003,Meta Ads,META-ACC-001,Meta Campaign 03,Lead Generation,459.53,67173,43200,1922,217,100,18731.97,USD,2026-06-19 23:30:00
2026-06-20,META-CAM-003,Meta Ads,META-ACC-001,Meta Campaign 03,Lead Generation,316.29,38530,32753,1658,100,51,3688.86,USD,2026-06-20 23:30:00
2026-06-21,META-CAM-003,Meta Ads,META-ACC-001,Meta Campaign 03,Lead Generation,400.74,32451,24117,1444,188,97,11469.79,USD,2026-06-21 23:30:00
2026-06-22,META-CAM-003,Meta Ads,META-ACC-001,Meta Campaign 03,Lead Generation,842.57,122103,89240,1572,179,74,5342.3,USD,2026-06-22 23:30:00
2026-06-23,META-CAM-003,Meta Ads,META-ACC-001,Meta Campaign 03,Lead Generation,582.12,45864,39373,1658,91,30,3205.29,USD,2026-06-23 23:30:00
2026-06-24,META-CAM-003,Meta Ads,META-ACC-001,Meta Campaign 03,Lead Generation,570.59,87198,68552,2044,272,132,22102.06,USD,2026-06-24 23:30:00
2026-06-25,META-CAM-003,Meta Ads,META-ACC-001,Meta Campaign 03,Lead Generation,559.65,46610,33351,1903,113,50,8315.1,USD,2026-06-25 23:30:00
2026-06-26,META-CAM-003,Meta Ads,META-ACC-001,Meta Campaign 03,Lead Generation,753.76,63532,36626,2853,348,177,38438.3,USD,2026-06-26 23:30:00
2026-06-27,META-CAM-003,Meta Ads,META-ACC-001,Meta Campaign 03,Lead Generation,396.47,34664,25723,1257,165,83,13514.49,USD,2026-06-27 23:30:00
2026-06-28,META-CAM-003,Meta Ads,META-ACC-001,Meta Campaign 03,Lead Generation,361.29,27463,20328,1156,54,22,1827.97,USD,2026-06-28 23:30:00
2026-06-29,META-CAM-003,Meta Ads,META-ACC-001,Meta Campaign 03,Lead Generation,493.01,61257,38429,2163,263,117,13707.46,USD,2026-06-29 23:30:00
2026-06-30,META-CAM-003,Meta Ads,META-ACC-001,Meta Campaign 03,Lead Generation,459.72,39465,28244,509,41,29,2809.16,USD,2026-06-30 23:30:00
2026-01-27,META-CAM-004,Meta Ads,META-ACC-001,Meta Campaign 04,Lead Generation,153.69,17518,12303,723,44,32,4078.32,USD,2026-01-27 23:30:00
2026-01-28,META-CAM-004,Meta Ads,META-ACC-001,Meta Campaign 04,Lead Generation,207.85,22938,15253,578,72,45,5750.48,USD,2026-01-28 23:30:00
2026-01-29,META-CAM-004,Meta Ads,META-ACC-001,Meta Campaign 04,Lead Generation,146.78,24781,17548,513,32,12,1497.53,USD,2026-01-29 23:30:00
2026-01-30,META-CAM-004,Meta Ads,META-ACC-001,Meta Campaign 04,Lead Generation,202.59,39867,33041,1521,110,50,3360.62,USD,2026-01-30 23:30:00
2026-01-31,META-CAM-004,Meta Ads,META-ACC-001,Meta Campaign 04,Lead Generation,108.97,12052,9786,209,12,5,700.22,USD,2026-01-31 23:30:00
2026-02-01,META-CAM-004,Meta Ads,META-ACC-001,Meta Campaign 04,Lead Generation,94.39,14851,8653,639,67,35,6913.12,USD,2026-02-01 23:30:00
2026-02-02,META-CAM-004,Meta Ads,META-ACC-001,Meta Campaign 04,Lead Generation,129.98,11185,6269,150,9,8,1387.5,USD,2026-02-02 23:30:00
2026-02-03,META-CAM-004,Meta Ads,META-ACC-001,Meta Campaign 04,Lead Generation,186.83,24536,14423,787,56,24,4030.95,USD,2026-02-03 23:30:00
2026-02-04,META-CAM-004,Meta Ads,META-ACC-001,Meta Campaign 04,Lead Generation,132.98,13402,10632,498,50,22,3587.71,USD,2026-02-04 23:30:00
2026-02-05,META-CAM-004,Meta Ads,META-ACC-001,Meta Campaign 04,Lead Generation,172.77,14993,12315,671,60,40,7062.1,USD,2026-02-05 23:30:00
2026-02-06,META-CAM-004,Meta Ads,META-ACC-001,Meta Campaign 04,Lead Generation,144.57,23619,18440,792,45,29,4523.07,USD,2026-02-06 23:30:00
2026-02-07,META-CAM-004,Meta Ads,META-ACC-001,Meta Campaign 04,Lead Generation,101.53,7616,5282,334,18,4,795.91,USD,2026-02-07 23:30:00
2026-02-08,META-CAM-004,Meta Ads,META-ACC-001,Meta Campaign 04,Lead Generation,106.48,9540,6316,304,59,22,4165.44,USD,2026-02-08 23:30:00
2026-02-09,META-CAM-004,Meta Ads,META-ACC-001,Meta Campaign 04,Lead Generation,170.98,19189,14703,337,34,16,2948.81,USD,2026-02-09 23:30:00
2026-02-10,META-CAM-004,Meta Ads,META-ACC-001,Meta Campaign 04,Lead Generation,161.8,12510,8489,204,20,9,812.26,USD,2026-02-10 23:30:00
2026-02-11,META-CAM-004,Meta Ads,META-ACC-001,Meta Campaign 04,Lead Generation,206.95,16234,11629,534,34,14,1537.52,USD,2026-02-11 23:30:00
2026-02-12,META-CAM-004,Meta Ads,META-ACC-001,Meta Campaign 04,Lead Generation,152.83,22040,12943,471,25,19,1846.89,USD,2026-02-12 23:30:00
2026-02-13,META-CAM-004,Meta Ads,META-ACC-001,Meta Campaign 04,Lead Generation,175.22,14210,12679,462,28,17,2293.62,USD,2026-02-13 23:30:00
2026-02-14,META-CAM-004,Meta Ads,META-ACC-001,Meta Campaign 04,Lead Generation,126.66,10327,5891,218,26,6,982.32,USD,2026-02-14 23:30:00
2026-02-15,META-CAM-004,Meta Ads,META-ACC-001,Meta Campaign 04,Lead Generation,78.16,9076,7326,354,16,8,1318.76,USD,2026-02-15 23:30:00
2026-02-16,META-CAM-004,Meta Ads,META-ACC-001,Meta Campaign 04,Lead Generation,216.34,36969,25943,805,100,45,6353.74,USD,2026-02-16 23:30:00
2026-02-17,META-CAM-004,Meta Ads,META-ACC-001,Meta Campaign 04,Lead Generation,148.33,21769,13674,728,74,33,2577.8,USD,2026-02-17 23:30:00
2026-02-18,META-CAM-004,Meta Ads,META-ACC-001,Meta Campaign 04,Lead Generation,196.94,26443,16416,445,28,21,1927.25,USD,2026-02-18 23:30:00
2026-02-19,META-CAM-004,Meta Ads,META-ACC-001,Meta Campaign 04,Lead Generation,169.05,14904,11251,592,64,26,2764.31,USD,2026-02-19 23:30:00
2026-02-20,META-CAM-004,Meta Ads,META-ACC-001,Meta Campaign 04,Lead Generation,178.15,15908,13654,264,19,7,1196.37,USD,2026-02-20 23:30:00
2026-02-21,META-CAM-004,Meta Ads,META-ACC-001,Meta Campaign 04,Lead Generation,129.0,20544,16974,703,58,26,3388.83,USD,2026-02-21 23:30:00
2026-02-22,META-CAM-004,Meta Ads,META-ACC-001,Meta Campaign 04,Lead Generation,101.88,7523,5334,183,16,8,696.9,USD,2026-02-22 23:30:00
2026-02-23,META-CAM-004,Meta Ads,META-ACC-001,Meta Campaign 04,Lead Generation,135.61,14837,10025,505,23,15,2803.81,USD,2026-02-23 23:30:00
2026-02-24,META-CAM-004,Meta Ads,META-ACC-001,Meta Campaign 04,Lead Generation,217.65,35675,19770,683,87,29,5022.37,USD,2026-02-24 23:30:00
2026-02-25,META-CAM-004,Meta Ads,META-ACC-001,Meta Campaign 04,Lead Generation,211.78,25976,23114,390,21,18,2581.3,USD,2026-02-25 23:30:00
2026-02-26,META-CAM-004,Meta Ads,META-ACC-001,Meta Campaign 04,Lead Generation,212.27,21343,16278,384,45,19,2720.98,USD,2026-02-26 23:30:00
2026-02-27,META-CAM-004,Meta Ads,META-ACC-001,Meta Campaign 04,Lead Generation,192.1,15968,14031,428,32,24,2818.92,USD,2026-02-27 23:30:00
2026-02-28,META-CAM-004,Meta Ads,META-ACC-001,Meta Campaign 04,Lead Generation,140.48,17907,11551,688,67,38,7428.65,USD,2026-02-28 23:30:00
2026-03-01,META-CAM-004,Meta Ads,META-ACC-001,Meta Campaign 04,Lead Generation,123.44,10580,6418,398,38,20,2218.61,USD,2026-03-01 23:30:00
2026-03-02,META-CAM-004,Meta Ads,META-ACC-001,Meta Campaign 04,Lead Generation,122.02,18480,11921,269,29,6,1016.53,USD,2026-03-02 23:30:00
2026-03-03,META-CAM-004,Meta Ads,META-ACC-001,Meta Campaign 04,Lead Generation,194.73,27473,22137,691,56,22,2804.18,USD,2026-03-03 23:30:00
2026-03-04,META-CAM-004,Meta Ads,META-ACC-001,Meta Campaign 04,Lead Generation,134.86,19283,14928,806,69,29,4605.35,USD,2026-03-04 23:30:00
2026-03-05,META-CAM-004,Meta Ads,META-ACC-001,Meta Campaign 04,Lead Generation,154.98,16515,10161,200,14,6,795.23,USD,2026-03-05 23:30:00
2026-03-06,META-CAM-004,Meta Ads,META-ACC-001,Meta Campaign 04,Lead Generation,166.96,17598,13753,426,52,27,3536.15,USD,2026-03-06 23:30:00
2026-03-07,META-CAM-004,Meta Ads,META-ACC-001,Meta Campaign 04,Lead Generation,99.47,7566,4220,135,15,4,730.15,USD,2026-03-07 23:30:00
2026-03-08,META-CAM-004,Meta Ads,META-ACC-001,Meta Campaign 04,Lead Generation,108.77,17480,12994,589,75,31,2412.05,USD,2026-03-08 23:30:00
2026-03-09,META-CAM-004,Meta Ads,META-ACC-001,Meta Campaign 04,Lead Generation,201.82,15695,11882,453,17,6,959.19,USD,2026-03-09 23:30:00
2026-03-10,META-CAM-004,Meta Ads,META-ACC-001,Meta Campaign 04,Lead Generation,144.6,14657,12927,296,16,15,3048.17,USD,2026-03-10 23:30:00
2026-03-11,META-CAM-004,Meta Ads,META-ACC-001,Meta Campaign 04,Lead Generation,206.58,23563,15258,954,58,40,5553.18,USD,2026-03-11 23:30:00
2026-03-12,META-CAM-004,Meta Ads,META-ACC-001,Meta Campaign 04,Lead Generation,188.57,32282,18883,685,48,18,3942.24,USD,2026-03-12 23:30:00
2026-03-13,META-CAM-004,Meta Ads,META-ACC-001,Meta Campaign 04,Lead Generation,187.22,29895,23657,516,60,33,4885.04,USD,2026-03-13 23:30:00
2026-03-14,META-CAM-004,Meta Ads,META-ACC-001,Meta Campaign 04,Lead Generation,120.06,19470,14410,356,53,19,3382.74,USD,2026-03-14 23:30:00
2026-03-15,META-CAM-004,Meta Ads,META-ACC-001,Meta Campaign 04,Lead Generation,130.02,13535,11669,186,15,8,1378.25,USD,2026-03-15 23:30:00
2026-03-16,META-CAM-004,Meta Ads,META-ACC-001,Meta Campaign 04,Lead Generation,194.58,38136,21266,459,52,27,5848.02,USD,2026-03-16 23:30:00
2026-03-17,META-CAM-004,Meta Ads,META-ACC-001,Meta Campaign 04,Lead Generation,175.37,12577,10652,227,24,6,481.94,USD,2026-03-17 23:30:00
2026-03-18,META-CAM-004,Meta Ads,META-ACC-001,Meta Campaign 04,Lead Generation,127.87,12885,10862,546,74,33,7010.09,USD,2026-03-18 23:30:00
2026-03-19,META-CAM-004,Meta Ads,META-ACC-001,Meta Campaign 04,Lead Generation,170.35,14127,11823,297,23,7,903.5,USD,2026-03-19 23:30:00
2026-03-20,META-CAM-004,Meta Ads,META-ACC-001,Meta Campaign 04,Lead Generation,152.69,15812,11880,310,31,17,3468.6,USD,2026-03-20 23:30:00
2026-03-21,META-CAM-004,Meta Ads,META-ACC-001,Meta Campaign 04,Lead Generation,115.42,10195,8791,409,53,24,3630.23,USD,2026-03-21 23:30:00
2026-03-22,META-CAM-004,Meta Ads,META-ACC-001,Meta Campaign 04,Lead Generation,138.04,25267,15076,742,34,18,1858.18,USD,2026-03-22 23:30:00
2026-03-23,META-CAM-004,Meta Ads,META-ACC-001,Meta Campaign 04,Lead Generation,204.85,25825,22771,364,21,23,4105.72,USD,2026-03-23 23:30:00
2026-03-24,META-CAM-004,Meta Ads,META-ACC-001,Meta Campaign 04,Lead Generation,191.58,38056,23603,1683,186,99,10463.73,USD,2026-03-24 23:30:00
2026-03-25,META-CAM-004,Meta Ads,META-ACC-001,Meta Campaign 04,Lead Generation,145.79,26092,22268,938,53,34,6339.65,USD,2026-03-25 23:30:00
2026-03-26,META-CAM-004,Meta Ads,META-ACC-001,Meta Campaign 04,Lead Generation,123.04,15789,11318,230,19,15,2955.26,USD,2026-03-26 23:30:00
2026-03-27,META-CAM-004,Meta Ads,META-ACC-001,Meta Campaign 04,Lead Generation,126.78,10516,7620,448,55,27,4634.26,USD,2026-03-27 23:30:00
2026-03-28,META-CAM-004,Meta Ads,META-ACC-001,Meta Campaign 04,Lead Generation,93.94,13608,7940,241,27,10,1334.37,USD,2026-03-28 23:30:00
2026-03-29,META-CAM-004,Meta Ads,META-ACC-001,Meta Campaign 04,Lead Generation,120.73,13003,10062,408,29,10,985.07,USD,2026-03-29 23:30:00
2026-03-30,META-CAM-004,Meta Ads,META-ACC-001,Meta Campaign 04,Lead Generation,211.68,16502,10284,564,44,20,3672.68,USD,2026-03-30 23:30:00
2026-03-31,META-CAM-004,Meta Ads,META-ACC-001,Meta Campaign 04,Lead Generation,158.22,14499,12879,418,23,11,1460.52,USD,2026-03-31 23:30:00
2026-04-01,META-CAM-004,Meta Ads,META-ACC-001,Meta Campaign 04,Lead Generation,178.87,21012,14775,723,40,20,2308.31,USD,2026-04-01 23:30:00
2026-04-02,META-CAM-004,Meta Ads,META-ACC-001,Meta Campaign 04,Lead Generation,212.0,20069,11493,298,28,11,2097.72,USD,2026-04-02 23:30:00
2026-04-03,META-CAM-004,Meta Ads,META-ACC-001,Meta Campaign 04,Lead Generation,141.17,14784,8702,470,21,11,953.49,USD,2026-04-03 23:30:00
2026-04-04,META-CAM-004,Meta Ads,META-ACC-001,Meta Campaign 04,Lead Generation,108.71,11869,9351,500,22,18,2312.6,USD,2026-04-04 23:30:00
2026-04-05,META-CAM-004,Meta Ads,META-ACC-001,Meta Campaign 04,Lead Generation,113.93,10060,6386,441,35,13,2087.19,USD,2026-04-05 23:30:00
2026-04-06,META-CAM-004,Meta Ads,META-ACC-001,Meta Campaign 04,Lead Generation,165.6,24625,15106,410,29,20,1634.17,USD,2026-04-06 23:30:00
2026-04-07,META-CAM-004,Meta Ads,META-ACC-001,Meta Campaign 04,Lead Generation,143.66,15737,12804,494,38,20,3198.88,USD,2026-04-07 23:30:00
2026-04-08,META-CAM-004,Meta Ads,META-ACC-001,Meta Campaign 04,Lead Generation,143.68,10449,5902,339,41,20,3165.75,USD,2026-04-08 23:30:00
2026-04-09,META-CAM-004,Meta Ads,META-ACC-001,Meta Campaign 04,Lead Generation,142.79,10346,7037,463,36,18,2232.83,USD,2026-04-09 23:30:00
2026-04-10,META-CAM-004,Meta Ads,META-ACC-001,Meta Campaign 04,Lead Generation,170.4,25080,16436,751,111,54,10007.95,USD,2026-04-10 23:30:00
2026-04-11,META-CAM-004,Meta Ads,META-ACC-001,Meta Campaign 04,Lead Generation,87.64,6506,3989,138,12,11,2351.93,USD,2026-04-11 23:30:00
2026-04-12,META-CAM-004,Meta Ads,META-ACC-001,Meta Campaign 04,Lead Generation,104.47,14278,9748,589,41,12,1697.59,USD,2026-04-12 23:30:00
2026-04-13,META-CAM-004,Meta Ads,META-ACC-001,Meta Campaign 04,Lead Generation,201.62,16737,10516,620,56,33,6319.31,USD,2026-04-13 23:30:00
2026-04-14,META-CAM-004,Meta Ads,META-ACC-001,Meta Campaign 04,Lead Generation,215.54,34185,24860,618,24,15,3267.1,USD,2026-04-14 23:30:00
2026-04-15,META-CAM-004,Meta Ads,META-ACC-001,Meta Campaign 04,Lead Generation,151.65,27059,17147,450,28,7,490.43,USD,2026-04-15 23:30:00
2026-04-16,META-CAM-004,Meta Ads,META-ACC-001,Meta Campaign 04,Lead Generation,154.82,13846,9299,558,44,16,3267.19,USD,2026-04-16 23:30:00
2026-04-17,META-CAM-004,Meta Ads,META-ACC-001,Meta Campaign 04,Lead Generation,205.77,22604,13735,687,80,39,4073.57,USD,2026-04-17 23:30:00
2026-04-18,META-CAM-004,Meta Ads,META-ACC-001,Meta Campaign 04,Lead Generation,132.81,14980,11357,381,43,18,1643.15,USD,2026-04-18 23:30:00
2026-04-19,META-CAM-004,Meta Ads,META-ACC-001,Meta Campaign 04,Lead Generation,98.64,12339,8267,443,46,16,1640.11,USD,2026-04-19 23:30:00
2026-04-20,META-CAM-004,Meta Ads,META-ACC-001,Meta Campaign 04,Lead Generation,196.61,25526,20018,883,86,59,7853.68,USD,2026-04-20 23:30:00
2026-04-21,META-CAM-004,Meta Ads,META-ACC-001,Meta Campaign 04,Lead Generation,167.23,14124,11831,625,46,13,1089.76,USD,2026-04-21 23:30:00
2026-04-22,META-CAM-004,Meta Ads,META-ACC-001,Meta Campaign 04,Lead Generation,205.01,23339,15529,973,44,20,4125.66,USD,2026-04-22 23:30:00
2026-04-23,META-CAM-004,Meta Ads,META-ACC-001,Meta Campaign 04,Lead Generation,136.2,13180,7871,218,21,8,1577.52,USD,2026-04-23 23:30:00
2026-04-24,META-CAM-004,Meta Ads,META-ACC-001,Meta Campaign 04,Lead Generation,207.4,23560,15768,353,25,14,1742.99,USD,2026-04-24 23:30:00
2026-04-25,META-CAM-004,Meta Ads,META-ACC-001,Meta Campaign 04,Lead Generation,123.53,10711,6359,370,31,16,2385.73,USD,2026-04-25 23:30:00
2026-04-26,META-CAM-004,Meta Ads,META-ACC-001,Meta Campaign 04,Lead Generation,122.57,11785,8650,287,31,14,1625.44,USD,2026-04-26 23:30:00
2026-04-27,META-CAM-004,Meta Ads,META-ACC-001,Meta Campaign 04,Lead Generation,210.12,21726,16156,672,77,28,5845.0,USD,2026-04-27 23:30:00
2026-04-28,META-CAM-004,Meta Ads,META-ACC-001,Meta Campaign 04,Lead Generation,160.54,22787,13328,808,91,52,3500.72,USD,2026-04-28 23:30:00
2026-04-29,META-CAM-004,Meta Ads,META-ACC-001,Meta Campaign 04,Lead Generation,200.16,16200,10883,240,19,5,436.29,USD,2026-04-29 23:30:00
2026-04-30,META-CAM-004,Meta Ads,META-ACC-001,Meta Campaign 04,Lead Generation,200.39,37439,27170,494,43,34,5019.84,USD,2026-04-30 23:30:00
2026-05-01,META-CAM-004,Meta Ads,META-ACC-001,Meta Campaign 04,Lead Generation,183.6,17498,11001,317,29,12,1601.29,USD,2026-05-01 23:30:00
2026-05-02,META-CAM-004,Meta Ads,META-ACC-001,Meta Campaign 04,Lead Generation,113.56,21144,18942,725,42,18,3537.8,USD,2026-05-02 23:30:00
2026-05-03,META-CAM-004,Meta Ads,META-ACC-001,Meta Campaign 04,Lead Generation,127.17,12174,9309,485,21,13,1434.34,USD,2026-05-03 23:30:00
2026-05-04,META-CAM-004,Meta Ads,META-ACC-001,Meta Campaign 04,Lead Generation,139.96,17276,11786,383,29,20,2490.66,USD,2026-05-04 23:30:00
2026-05-05,META-CAM-004,Meta Ads,META-ACC-001,Meta Campaign 04,Lead Generation,125.6,17735,12585,584,66,29,3430.21,USD,2026-05-05 23:30:00
2026-05-06,META-CAM-004,Meta Ads,META-ACC-001,Meta Campaign 04,Lead Generation,142.23,11502,7960,144,17,5,1000.88,USD,2026-05-06 23:30:00
2026-05-07,META-CAM-004,Meta Ads,META-ACC-001,Meta Campaign 04,Lead Generation,218.77,22302,17378,969,47,36,3085.06,USD,2026-05-07 23:30:00
2026-05-08,META-CAM-004,Meta Ads,META-ACC-001,Meta Campaign 04,Lead Generation,163.73,28737,20219,399,26,17,3482.25,USD,2026-05-08 23:30:00
2026-05-09,META-CAM-004,Meta Ads,META-ACC-001,Meta Campaign 04,Lead Generation,81.81,11000,8556,190,15,5,759.03,USD,2026-05-09 23:30:00
2026-05-10,META-CAM-004,Meta Ads,META-ACC-001,Meta Campaign 04,Lead Generation,100.59,8679,5559,129,9,6,482.73,USD,2026-05-10 23:30:00
2026-05-11,META-CAM-004,Meta Ads,META-ACC-001,Meta Campaign 04,Lead Generation,123.5,10520,8427,183,24,6,500.89,USD,2026-05-11 23:30:00
2026-05-12,META-CAM-004,Meta Ads,META-ACC-001,Meta Campaign 04,Lead Generation,198.9,29249,22370,795,67,30,3685.07,USD,2026-05-12 23:30:00
2026-05-13,META-CAM-004,Meta Ads,META-ACC-001,Meta Campaign 04,Lead Generation,196.67,18568,15079,251,11,15,1911.44,USD,2026-05-13 23:30:00
2026-05-14,META-CAM-004,Meta Ads,META-ACC-001,Meta Campaign 04,Lead Generation,142.8,19721,15254,539,83,29,3049.16,USD,2026-05-14 23:30:00
2026-05-15,META-CAM-004,Meta Ads,META-ACC-001,Meta Campaign 04,Lead Generation,164.07,15444,9972,489,30,23,3230.61,USD,2026-05-15 23:30:00
2026-05-16,META-CAM-004,Meta Ads,META-ACC-001,Meta Campaign 04,Lead Generation,117.56,11596,9270,365,44,27,4089.39,USD,2026-05-16 23:30:00
2026-05-17,META-CAM-004,Meta Ads,META-ACC-001,Meta Campaign 04,Lead Generation,94.14,17488,14385,284,25,7,1216.25,USD,2026-05-17 23:30:00
2026-05-18,META-CAM-004,Meta Ads,META-ACC-001,Meta Campaign 04,Lead Generation,201.01,38800,34009,1161,59,28,5691.11,USD,2026-05-18 23:30:00
2026-05-19,META-CAM-004,Meta Ads,META-ACC-001,Meta Campaign 04,Lead Generation,155.58,15012,8511,604,68,38,6223.58,USD,2026-05-19 23:30:00
2026-05-20,META-CAM-004,Meta Ads,META-ACC-001,Meta Campaign 04,Lead Generation,192.58,17087,12575,679,83,32,5030.26,USD,2026-05-20 23:30:00
2026-05-21,META-CAM-004,Meta Ads,META-ACC-001,Meta Campaign 04,Lead Generation,220.74,40192,23141,1745,215,104,9622.15,USD,2026-05-21 23:30:00
2026-05-22,META-CAM-004,Meta Ads,META-ACC-001,Meta Campaign 04,Lead Generation,145.52,14693,12868,444,50,34,6457.16,USD,2026-05-22 23:30:00
2026-05-23,META-CAM-004,Meta Ads,META-ACC-001,Meta Campaign 04,Lead Generation,110.57,9233,5166,397,29,9,1605.38,USD,2026-05-23 23:30:00
2026-05-24,META-CAM-004,Meta Ads,META-ACC-001,Meta Campaign 04,Lead Generation,104.06,15305,9665,385,21,12,1134.75,USD,2026-05-24 23:30:00
2026-05-25,META-CAM-004,Meta Ads,META-ACC-001,Meta Campaign 04,Lead Generation,156.74,18484,13809,543,39,27,4206.97,USD,2026-05-25 23:30:00
2026-05-26,META-CAM-004,Meta Ads,META-ACC-001,Meta Campaign 04,Lead Generation,166.89,20938,12602,548,56,20,3921.52,USD,2026-05-26 23:30:00
2026-05-27,META-CAM-004,Meta Ads,META-ACC-001,Meta Campaign 04,Lead Generation,145.76,16379,10922,601,45,22,1990.71,USD,2026-05-27 23:30:00
2026-05-28,META-CAM-004,Meta Ads,META-ACC-001,Meta Campaign 04,Lead Generation,136.53,13626,10122,319,22,14,2716.74,USD,2026-05-28 23:30:00
2026-05-29,META-CAM-004,Meta Ads,META-ACC-001,Meta Campaign 04,Lead Generation,184.54,19851,14614,675,64,46,8329.38,USD,2026-05-29 23:30:00
2026-05-30,META-CAM-004,Meta Ads,META-ACC-001,Meta Campaign 04,Lead Generation,107.11,9138,5396,233,21,9,1301.74,USD,2026-05-30 23:30:00
2026-05-31,META-CAM-004,Meta Ads,META-ACC-001,Meta Campaign 04,Lead Generation,88.1,15101,9971,510,40,21,2522.28,USD,2026-05-31 23:30:00
2026-06-01,META-CAM-004,Meta Ads,META-ACC-001,Meta Campaign 04,Lead Generation,188.51,27874,18131,1048,94,46,7787.13,USD,2026-06-01 23:30:00
2026-06-02,META-CAM-004,Meta Ads,META-ACC-001,Meta Campaign 04,Lead Generation,217.34,18213,15111,483,45,19,2211.22,USD,2026-06-02 23:30:00
2026-06-03,META-CAM-004,Meta Ads,META-ACC-001,Meta Campaign 04,Lead Generation,145.61,22691,14159,411,40,28,5246.52,USD,2026-06-03 23:30:00
2026-06-04,META-CAM-004,Meta Ads,META-ACC-001,Meta Campaign 04,Lead Generation,122.38,11371,9108,151,8,3,575.38,USD,2026-06-04 23:30:00
2026-06-05,META-CAM-004,Meta Ads,META-ACC-001,Meta Campaign 04,Lead Generation,143.61,14071,8415,275,9,12,1709.42,USD,2026-06-05 23:30:00
2026-06-06,META-CAM-004,Meta Ads,META-ACC-001,Meta Campaign 04,Lead Generation,82.7,9237,7443,155,25,17,3391.77,USD,2026-06-06 23:30:00
2026-06-07,META-CAM-004,Meta Ads,META-ACC-001,Meta Campaign 04,Lead Generation,135.78,11238,6804,359,23,13,1235.13,USD,2026-06-07 23:30:00
2026-06-08,META-CAM-004,Meta Ads,META-ACC-001,Meta Campaign 04,Lead Generation,180.51,18444,15330,392,14,4,489.98,USD,2026-06-08 23:30:00
2026-06-09,META-CAM-004,Meta Ads,META-ACC-001,Meta Campaign 04,Lead Generation,201.87,22541,17358,379,20,7,831.81,USD,2026-06-09 23:30:00
2026-06-10,META-CAM-004,Meta Ads,META-ACC-001,Meta Campaign 04,Lead Generation,179.84,22264,19291,656,38,16,2427.31,USD,2026-06-10 23:30:00
2026-06-11,META-CAM-004,Meta Ads,META-ACC-001,Meta Campaign 04,Lead Generation,160.88,17939,15760,643,74,46,7170.96,USD,2026-06-11 23:30:00
2026-06-12,META-CAM-004,Meta Ads,META-ACC-001,Meta Campaign 04,Lead Generation,181.26,25966,20062,1051,72,26,6106.55,USD,2026-06-12 23:30:00
2026-06-13,META-CAM-004,Meta Ads,META-ACC-001,Meta Campaign 04,Lead Generation,135.65,12076,10302,231,21,23,4102.64,USD,2026-06-13 23:30:00
2026-06-14,META-CAM-004,Meta Ads,META-ACC-001,Meta Campaign 04,Lead Generation,93.84,9151,7722,220,21,11,1410.68,USD,2026-06-14 23:30:00
2026-06-15,META-CAM-004,Meta Ads,META-ACC-001,Meta Campaign 04,Lead Generation,214.7,15933,14147,615,48,32,5255.84,USD,2026-06-15 23:30:00
2026-06-16,META-CAM-004,Meta Ads,META-ACC-001,Meta Campaign 04,Lead Generation,122.36,13359,7805,537,51,18,3203.83,USD,2026-06-16 23:30:00
2026-06-17,META-CAM-004,Meta Ads,META-ACC-001,Meta Campaign 04,Lead Generation,188.24,16931,11048,367,34,29,3823.67,USD,2026-06-17 23:30:00
2026-06-18,META-CAM-004,Meta Ads,META-ACC-001,Meta Campaign 04,Lead Generation,205.57,21754,15322,291,14,11,1380.04,USD,2026-06-18 23:30:00
2026-06-19,META-CAM-004,Meta Ads,META-ACC-001,Meta Campaign 04,Lead Generation,129.48,12250,8033,510,50,9,1806.09,USD,2026-06-19 23:30:00
2026-06-20,META-CAM-004,Meta Ads,META-ACC-001,Meta Campaign 04,Lead Generation,119.15,22046,17881,669,72,48,6115.1,USD,2026-06-20 23:30:00
2026-06-21,META-CAM-004,Meta Ads,META-ACC-001,Meta Campaign 04,Lead Generation,112.51,11904,6804,193,16,14,1902.3,USD,2026-06-21 23:30:00
2026-06-22,META-CAM-004,Meta Ads,META-ACC-001,Meta Campaign 04,Lead Generation,125.73,10192,7077,238,37,14,1094.21,USD,2026-06-22 23:30:00
2026-02-01,META-CAM-005,Meta Ads,META-ACC-001,Meta Campaign 05,Website Traffic,494.2,37044,22460,914,34,17,1652.5,USD,2026-02-01 23:30:00
2026-02-02,META-CAM-005,Meta Ads,META-ACC-001,Meta Campaign 05,Website Traffic,860.18,115033,70235,3638,260,114,19377.9,USD,2026-02-02 23:30:00
2026-02-03,META-CAM-005,Meta Ads,META-ACC-001,Meta Campaign 05,Website Traffic,725.52,68785,54622,2104,123,47,9805.36,USD,2026-02-03 23:30:00
2026-02-04,META-CAM-005,Meta Ads,META-ACC-001,Meta Campaign 05,Website Traffic,766.24,92222,75690,3735,164,82,11393.44,USD,2026-02-04 23:30:00
2026-02-05,META-CAM-005,Meta Ads,META-ACC-001,Meta Campaign 05,Website Traffic,651.61,55978,47465,1302,166,75,15343.55,USD,2026-02-05 23:30:00
2026-02-06,META-CAM-005,Meta Ads,META-ACC-001,Meta Campaign 05,Website Traffic,845.35,113505,96236,3584,218,104,10195.56,USD,2026-02-06 23:30:00
2026-02-07,META-CAM-005,Meta Ads,META-ACC-001,Meta Campaign 05,Website Traffic,561.34,47707,30664,1614,138,66,11571.3,USD,2026-02-07 23:30:00
2026-02-08,META-CAM-005,Meta Ads,META-ACC-001,Meta Campaign 05,Website Traffic,507.47,59985,47343,754,55,25,3950.27,USD,2026-02-08 23:30:00
2026-02-09,META-CAM-005,Meta Ads,META-ACC-001,Meta Campaign 05,Website Traffic,552.76,43664,31978,1906,118,53,7682.79,USD,2026-02-09 23:30:00
2026-02-10,META-CAM-005,Meta Ads,META-ACC-001,Meta Campaign 05,Website Traffic,591.43,43028,33332,1446,85,53,5930.14,USD,2026-02-10 23:30:00
2026-02-11,META-CAM-005,Meta Ads,META-ACC-001,Meta Campaign 05,Website Traffic,613.16,44838,38972,1406,98,52,5603.1,USD,2026-02-11 23:30:00
2026-02-12,META-CAM-005,Meta Ads,META-ACC-001,Meta Campaign 05,Website Traffic,858.98,121023,79224,2826,170,105,15366.37,USD,2026-02-12 23:30:00
2026-02-13,META-CAM-005,Meta Ads,META-ACC-001,Meta Campaign 05,Website Traffic,851.77,168177,104247,4879,272,139,11122.97,USD,2026-02-13 23:30:00
2026-02-14,META-CAM-005,Meta Ads,META-ACC-001,Meta Campaign 05,Website Traffic,455.42,61391,48991,1628,123,56,9902.48,USD,2026-02-14 23:30:00
2026-02-15,META-CAM-005,Meta Ads,META-ACC-001,Meta Campaign 05,Website Traffic,602.8,68922,44157,2850,371,183,30356.81,USD,2026-02-15 23:30:00
2026-02-16,META-CAM-005,Meta Ads,META-ACC-001,Meta Campaign 05,Website Traffic,702.98,85804,61470,3561,174,77,10964.59,USD,2026-02-16 23:30:00
2026-02-17,META-CAM-005,Meta Ads,META-ACC-001,Meta Campaign 05,Website Traffic,670.71,77318,56261,1830,102,48,8045.49,USD,2026-02-17 23:30:00
2026-02-18,META-CAM-005,Meta Ads,META-ACC-001,Meta Campaign 05,Website Traffic,852.98,163463,139654,4881,604,268,44052.68,USD,2026-02-18 23:30:00
2026-02-19,META-CAM-005,Meta Ads,META-ACC-001,Meta Campaign 05,Website Traffic,545.33,51307,30127,618,49,22,4577.69,USD,2026-02-19 23:30:00
2026-02-20,META-CAM-005,Meta Ads,META-ACC-001,Meta Campaign 05,Website Traffic,796.62,84871,53139,2795,136,75,12257.56,USD,2026-02-20 23:30:00
2026-02-21,META-CAM-005,Meta Ads,META-ACC-001,Meta Campaign 05,Website Traffic,435.54,31394,19433,1116,146,47,4127.39,USD,2026-02-21 23:30:00
2026-02-22,META-CAM-005,Meta Ads,META-ACC-001,Meta Campaign 05,Website Traffic,414.59,67234,40071,1554,154,87,7598.99,USD,2026-02-22 23:30:00
2026-02-23,META-CAM-005,Meta Ads,META-ACC-001,Meta Campaign 05,Website Traffic,548.58,63705,52186,1960,177,97,9397.15,USD,2026-02-23 23:30:00
2026-02-24,META-CAM-005,Meta Ads,META-ACC-001,Meta Campaign 05,Website Traffic,817.3,58523,44840,1192,91,40,4116.84,USD,2026-02-24 23:30:00
2026-02-25,META-CAM-005,Meta Ads,META-ACC-001,Meta Campaign 05,Website Traffic,741.24,57399,46758,2091,186,80,16908.37,USD,2026-02-25 23:30:00
2026-02-26,META-CAM-005,Meta Ads,META-ACC-001,Meta Campaign 05,Website Traffic,863.97,116775,86014,2878,184,105,17438.11,USD,2026-02-26 23:30:00
2026-02-27,META-CAM-005,Meta Ads,META-ACC-001,Meta Campaign 05,Website Traffic,956.18,69600,45654,1655,187,94,6446.97,USD,2026-02-27 23:30:00
2026-02-28,META-CAM-005,Meta Ads,META-ACC-001,Meta Campaign 05,Website Traffic,526.39,55888,35201,1372,155,74,16101.57,USD,2026-02-28 23:30:00
2026-03-01,META-CAM-005,Meta Ads,META-ACC-001,Meta Campaign 05,Website Traffic,361.1,49233,35542,1201,74,48,5069.78,USD,2026-03-01 23:30:00
2026-03-02,META-CAM-005,Meta Ads,META-ACC-001,Meta Campaign 05,Website Traffic,685.74,67424,49752,1447,140,81,12800.39,USD,2026-03-02 23:30:00
2026-03-03,META-CAM-005,Meta Ads,META-ACC-001,Meta Campaign 05,Website Traffic,682.43,98409,55899,4154,236,101,7761.04,USD,2026-03-03 23:30:00
2026-03-04,META-CAM-005,Meta Ads,META-ACC-001,Meta Campaign 05,Website Traffic,946.14,135338,116465,2717,192,96,7495.55,USD,2026-03-04 23:30:00
2026-03-05,META-CAM-005,Meta Ads,META-ACC-001,Meta Campaign 05,Website Traffic,625.09,64070,55657,2624,297,154,12211.3,USD,2026-03-05 23:30:00
2026-03-06,META-CAM-005,Meta Ads,META-ACC-001,Meta Campaign 05,Website Traffic,820.88,138402,109709,2938,278,153,25289.03,USD,2026-03-06 23:30:00
2026-03-07,META-CAM-005,Meta Ads,META-ACC-001,Meta Campaign 05,Website Traffic,351.61,28035,21673,1224,109,44,6016.26,USD,2026-03-07 23:30:00
2026-03-08,META-CAM-005,Meta Ads,META-ACC-001,Meta Campaign 05,Website Traffic,629.22,64069,51869,2028,169,78,8313.38,USD,2026-03-08 23:30:00
2026-03-09,META-CAM-005,Meta Ads,META-ACC-001,Meta Campaign 05,Website Traffic,946.85,127534,79192,3897,258,141,19930.8,USD,2026-03-09 23:30:00
2026-03-10,META-CAM-005,Meta Ads,META-ACC-001,Meta Campaign 05,Website Traffic,693.4,56495,42194,1365,179,95,11675.73,USD,2026-03-10 23:30:00
2026-03-11,META-CAM-005,Meta Ads,META-ACC-001,Meta Campaign 05,Website Traffic,627.89,48260,27079,1145,59,34,4690.89,USD,2026-03-11 23:30:00
2026-03-12,META-CAM-005,Meta Ads,META-ACC-001,Meta Campaign 05,Website Traffic,950.98,88892,49029,3857,158,90,14674.4,USD,2026-03-12 23:30:00
2026-03-13,META-CAM-005,Meta Ads,META-ACC-001,Meta Campaign 05,Website Traffic,912.32,117530,81475,3364,246,146,18588.68,USD,2026-03-13 23:30:00
2026-03-14,META-CAM-005,Meta Ads,META-ACC-001,Meta Campaign 05,Website Traffic,512.87,67921,45933,1035,83,46,10575.1,USD,2026-03-14 23:30:00
2026-03-15,META-CAM-005,Meta Ads,META-ACC-001,Meta Campaign 05,Website Traffic,601.63,46647,41147,744,60,28,4759.71,USD,2026-03-15 23:30:00
2026-03-16,META-CAM-005,Meta Ads,META-ACC-001,Meta Campaign 05,Website Traffic,956.89,97176,77900,4148,459,226,21390.71,USD,2026-03-16 23:30:00
2026-03-17,META-CAM-005,Meta Ads,META-ACC-001,Meta Campaign 05,Website Traffic,544.39,43842,37655,1580,90,44,9304.28,USD,2026-03-17 23:30:00
2026-03-18,META-CAM-005,Meta Ads,META-ACC-001,Meta Campaign 05,Website Traffic,918.16,66020,51927,2552,219,104,17956.6,USD,2026-03-18 23:30:00
2026-03-19,META-CAM-005,Meta Ads,META-ACC-001,Meta Campaign 05,Website Traffic,978.76,84800,56934,2015,169,84,14213.55,USD,2026-03-19 23:30:00
2026-03-20,META-CAM-005,Meta Ads,META-ACC-001,Meta Campaign 05,Website Traffic,797.53,65047,51140,2492,198,96,12428.53,USD,2026-03-20 23:30:00
2026-03-21,META-CAM-005,Meta Ads,META-ACC-001,Meta Campaign 05,Website Traffic,534.38,49731,43810,1221,52,16,1910.41,USD,2026-03-21 23:30:00
2026-03-22,META-CAM-005,Meta Ads,META-ACC-001,Meta Campaign 05,Website Traffic,488.15,62844,37253,2433,226,123,23586.41,USD,2026-03-22 23:30:00
2026-03-23,META-CAM-005,Meta Ads,META-ACC-001,Meta Campaign 05,Website Traffic,817.93,92667,58827,3997,334,153,21363.39,USD,2026-03-23 23:30:00
2026-03-24,META-CAM-005,Meta Ads,META-ACC-001,Meta Campaign 05,Website Traffic,888.11,105842,83140,3158,176,122,14022.19,USD,2026-03-24 23:30:00
2026-03-25,META-CAM-005,Meta Ads,META-ACC-001,Meta Campaign 05,Website Traffic,666.67,54537,33249,743,71,30,4403.24,USD,2026-03-25 23:30:00
2026-03-26,META-CAM-005,Meta Ads,META-ACC-001,Meta Campaign 05,Website Traffic,697.27,111327,71255,3625,283,128,18075.97,USD,2026-03-26 23:30:00
2026-03-27,META-CAM-005,Meta Ads,META-ACC-001,Meta Campaign 05,Website Traffic,660.41,68944,43639,2084,146,78,9139.02,USD,2026-03-27 23:30:00
2026-03-28,META-CAM-005,Meta Ads,META-ACC-001,Meta Campaign 05,Website Traffic,588.84,49017,39679,1568,90,39,3787.88,USD,2026-03-28 23:30:00
2026-03-29,META-CAM-005,Meta Ads,META-ACC-001,Meta Campaign 05,Website Traffic,561.38,87284,55940,2820,355,180,21437.54,USD,2026-03-29 23:30:00
2026-03-30,META-CAM-005,Meta Ads,META-ACC-001,Meta Campaign 05,Website Traffic,733.77,123705,70672,3580,156,82,7259.84,USD,2026-03-30 23:30:00
2026-03-31,META-CAM-005,Meta Ads,META-ACC-001,Meta Campaign 05,Website Traffic,961.82,109193,92095,1461,154,78,7611.16,USD,2026-03-31 23:30:00
2026-04-01,META-CAM-005,Meta Ads,META-ACC-001,Meta Campaign 05,Website Traffic,637.51,86910,50856,1872,199,89,7731.97,USD,2026-04-01 23:30:00
2026-04-02,META-CAM-005,Meta Ads,META-ACC-001,Meta Campaign 05,Website Traffic,837.26,83813,75014,1912,117,55,6448.4,USD,2026-04-02 23:30:00
2026-04-03,META-CAM-005,Meta Ads,META-ACC-001,Meta Campaign 05,Website Traffic,547.02,44837,34886,1823,183,106,9939.38,USD,2026-04-03 23:30:00
2026-04-04,META-CAM-005,Meta Ads,META-ACC-001,Meta Campaign 05,Website Traffic,444.15,47482,33081,1662,199,95,9676.84,USD,2026-04-04 23:30:00
2026-04-05,META-CAM-005,Meta Ads,META-ACC-001,Meta Campaign 05,Website Traffic,363.58,26810,18749,1113,103,52,9371.74,USD,2026-04-05 23:30:00
2026-04-06,META-CAM-005,Meta Ads,META-ACC-001,Meta Campaign 05,Website Traffic,709.87,65225,56463,854,65,35,6583.24,USD,2026-04-06 23:30:00
2026-04-07,META-CAM-005,Meta Ads,META-ACC-001,Meta Campaign 05,Website Traffic,959.44,73138,50524,3156,370,173,12631.23,USD,2026-04-07 23:30:00
2026-04-08,META-CAM-005,Meta Ads,META-ACC-001,Meta Campaign 05,Website Traffic,660.56,126302,84358,3501,275,129,22504.8,USD,2026-04-08 23:30:00
2026-04-09,META-CAM-005,Meta Ads,META-ACC-001,Meta Campaign 05,Website Traffic,906.49,108316,74939,2625,370,175,18941.38,USD,2026-04-09 23:30:00
2026-04-10,META-CAM-005,Meta Ads,META-ACC-001,Meta Campaign 05,Website Traffic,942.3,94260,65790,1918,85,34,6210.33,USD,2026-04-10 23:30:00
2026-04-11,META-CAM-005,Meta Ads,META-ACC-001,Meta Campaign 05,Website Traffic,572.5,48354,33789,1916,95,53,7457.82,USD,2026-04-11 23:30:00
2026-04-12,META-CAM-005,Meta Ads,META-ACC-001,Meta Campaign 05,Website Traffic,346.78,28333,24852,423,44,21,2180.17,USD,2026-04-12 23:30:00
2026-04-13,META-CAM-005,Meta Ads,META-ACC-001,Meta Campaign 05,Website Traffic,739.41,76639,63619,2083,169,80,12457.72,USD,2026-04-13 23:30:00
2026-04-14,META-CAM-005,Meta Ads,META-ACC-001,Meta Campaign 05,Website Traffic,658.08,59673,49755,1996,153,80,14142.87,USD,2026-04-14 23:30:00
2026-04-15,META-CAM-005,Meta Ads,META-ACC-001,Meta Campaign 05,Website Traffic,624.75,70129,43645,1631,161,79,12262.78,USD,2026-04-15 23:30:00
2026-04-16,META-CAM-005,Meta Ads,META-ACC-001,Meta Campaign 05,Website Traffic,940.78,109753,64269,4431,194,87,8444.74,USD,2026-04-16 23:30:00
2026-04-17,META-CAM-005,Meta Ads,META-ACC-001,Meta Campaign 05,Website Traffic,761.32,74331,47651,2567,281,130,18897.47,USD,2026-04-17 23:30:00
2026-04-18,META-CAM-005,Meta Ads,META-ACC-001,Meta Campaign 05,Website Traffic,379.27,28566,18903,1058,101,46,4579.66,USD,2026-04-18 23:30:00
2026-04-19,META-CAM-005,Meta Ads,META-ACC-001,Meta Campaign 05,Website Traffic,455.54,57172,31868,1634,100,59,7392.25,USD,2026-04-19 23:30:00
2026-04-20,META-CAM-005,Meta Ads,META-ACC-001,Meta Campaign 05,Website Traffic,988.73,165467,143286,3432,146,65,10464.89,USD,2026-04-20 23:30:00
2026-04-21,META-CAM-005,Meta Ads,META-ACC-001,Meta Campaign 05,Website Traffic,949.2,157530,94894,3530,170,93,11634.94,USD,2026-04-21 23:30:00
2026-04-22,META-CAM-005,Meta Ads,META-ACC-001,Meta Campaign 05,Website Traffic,811.03,64684,52625,1373,76,32,3039.76,USD,2026-04-22 23:30:00
2026-04-23,META-CAM-005,Meta Ads,META-ACC-001,Meta Campaign 05,Website Traffic,668.68,91346,76896,2031,162,84,6526.83,USD,2026-04-23 23:30:00
2026-04-24,META-CAM-005,Meta Ads,META-ACC-001,Meta Campaign 05,Website Traffic,599.79,60482,42237,1673,121,70,6676.85,USD,2026-04-24 23:30:00
2026-04-25,META-CAM-005,Meta Ads,META-ACC-001,Meta Campaign 05,Website Traffic,355.15,35935,26063,1595,180,78,15981.78,USD,2026-04-25 23:30:00
2026-04-26,META-CAM-005,Meta Ads,META-ACC-001,Meta Campaign 05,Website Traffic,489.36,37274,31919,1603,76,43,8562.02,USD,2026-04-26 23:30:00
2026-04-27,META-CAM-005,Meta Ads,META-ACC-001,Meta Campaign 05,Website Traffic,680.66,48791,35982,1419,75,38,3537.94,USD,2026-04-27 23:30:00
2026-04-28,META-CAM-005,Meta Ads,META-ACC-001,Meta Campaign 05,Website Traffic,905.25,171430,111533,5939,514,236,38260.25,USD,2026-04-28 23:30:00
2026-04-29,META-CAM-005,Meta Ads,META-ACC-001,Meta Campaign 05,Website Traffic,556.13,69942,45222,1817,175,86,9319.0,USD,2026-04-29 23:30:00
2026-04-30,META-CAM-005,Meta Ads,META-ACC-001,Meta Campaign 05,Website Traffic,877.74,130232,78442,4547,402,210,33552.54,USD,2026-04-30 23:30:00
2026-05-01,META-CAM-005,Meta Ads,META-ACC-001,Meta Campaign 05,Website Traffic,605.86,69187,45598,1596,132,48,3873.86,USD,2026-05-01 23:30:00
2026-05-02,META-CAM-005,Meta Ads,META-ACC-001,Meta Campaign 05,Website Traffic,641.14,53046,43975,724,46,22,1942.28,USD,2026-05-02 23:30:00
2026-05-03,META-CAM-005,Meta Ads,META-ACC-001,Meta Campaign 05,Website Traffic,422.82,44687,26461,1467,96,47,7665.96,USD,2026-05-03 23:30:00
2026-05-04,META-CAM-005,Meta Ads,META-ACC-001,Meta Campaign 05,Website Traffic,788.35,60284,34417,881,84,23,3889.11,USD,2026-05-04 23:30:00
2026-05-05,META-CAM-005,Meta Ads,META-ACC-001,Meta Campaign 05,Website Traffic,905.79,69951,40667,2395,173,91,8371.48,USD,2026-05-05 23:30:00
2026-05-06,META-CAM-005,Meta Ads,META-ACC-001,Meta Campaign 05,Website Traffic,942.73,71410,49537,1769,143,56,6067.22,USD,2026-05-06 23:30:00
2026-05-07,META-CAM-005,Meta Ads,META-ACC-001,Meta Campaign 05,Website Traffic,542.87,49705,41646,1207,133,79,8072.76,USD,2026-05-07 23:30:00
2026-05-08,META-CAM-005,Meta Ads,META-ACC-001,Meta Campaign 05,Website Traffic,835.41,121896,101499,4945,395,203,22406.34,USD,2026-05-08 23:30:00
2026-05-09,META-CAM-005,Meta Ads,META-ACC-001,Meta Campaign 05,Website Traffic,497.54,40621,27123,1154,82,42,7836.63,USD,2026-05-09 23:30:00
2026-05-10,META-CAM-005,Meta Ads,META-ACC-001,Meta Campaign 05,Website Traffic,390.22,52392,29033,2100,157,86,15425.1,USD,2026-05-10 23:30:00
2026-05-11,META-CAM-005,Meta Ads,META-ACC-001,Meta Campaign 05,Website Traffic,671.45,62535,50996,1868,108,51,7784.13,USD,2026-05-11 23:30:00
2026-05-12,META-CAM-005,Meta Ads,META-ACC-001,Meta Campaign 05,Website Traffic,777.12,86064,48033,3040,210,126,24426.25,USD,2026-05-12 23:30:00
2026-05-13,META-CAM-005,Meta Ads,META-ACC-001,Meta Campaign 05,Website Traffic,780.47,56757,49383,1239,82,44,5879.29,USD,2026-05-13 23:30:00
2026-05-14,META-CAM-005,Meta Ads,META-ACC-001,Meta Campaign 05,Website Traffic,589.64,46570,41197,1258,46,21,4216.98,USD,2026-05-14 23:30:00
2026-05-15,META-CAM-005,Meta Ads,META-ACC-001,Meta Campaign 05,Website Traffic,865.63,122211,93280,3425,437,204,39123.84,USD,2026-05-15 23:30:00
2026-05-16,META-CAM-005,Meta Ads,META-ACC-001,Meta Campaign 05,Website Traffic,543.48,47101,30609,1593,71,33,5068.91,USD,2026-05-16 23:30:00
2026-05-17,META-CAM-005,Meta Ads,META-ACC-001,Meta Campaign 05,Website Traffic,461.11,47134,39909,1721,70,43,8039.79,USD,2026-05-17 23:30:00
2026-05-18,META-CAM-005,Meta Ads,META-ACC-001,Meta Campaign 05,Website Traffic,888.45,174178,134002,5775,325,150,25203.49,USD,2026-05-18 23:30:00
2026-05-19,META-CAM-005,Meta Ads,META-ACC-001,Meta Campaign 05,Website Traffic,988.84,71032,54831,2941,300,139,17769.73,USD,2026-05-19 23:30:00
2026-05-20,META-CAM-005,Meta Ads,META-ACC-001,Meta Campaign 05,Website Traffic,985.77,168144,120849,4088,305,149,23344.15,USD,2026-05-20 23:30:00
2026-05-21,META-CAM-005,Meta Ads,META-ACC-001,Meta Campaign 05,Website Traffic,718.14,99568,80790,3234,311,141,13074.58,USD,2026-05-21 23:30:00
2026-05-22,META-CAM-005,Meta Ads,META-ACC-001,Meta Campaign 05,Website Traffic,652.22,63633,54677,1131,92,37,4662.11,USD,2026-05-22 23:30:00
2026-05-23,META-CAM-005,Meta Ads,META-ACC-001,Meta Campaign 05,Website Traffic,365.89,41838,27149,979,58,26,5701.56,USD,2026-05-23 23:30:00
2026-05-24,META-CAM-005,Meta Ads,META-ACC-001,Meta Campaign 05,Website Traffic,624.32,81166,72025,2569,342,178,23014.24,USD,2026-05-24 23:30:00
2026-05-25,META-CAM-005,Meta Ads,META-ACC-001,Meta Campaign 05,Website Traffic,984.38,72197,63765,2646,187,84,8379.92,USD,2026-05-25 23:30:00
2026-05-26,META-CAM-005,Meta Ads,META-ACC-001,Meta Campaign 05,Website Traffic,625.66,55409,43283,2045,217,110,7375.88,USD,2026-05-26 23:30:00
2026-05-27,META-CAM-005,Meta Ads,META-ACC-001,Meta Campaign 05,Website Traffic,599.08,119791,87361,1686,127,66,13919.61,USD,2026-05-27 23:30:00
2026-05-28,META-CAM-005,Meta Ads,META-ACC-001,Meta Campaign 05,Website Traffic,574.23,89500,77124,2928,271,123,8724.94,USD,2026-05-28 23:30:00
2026-05-29,META-CAM-005,Meta Ads,META-ACC-001,Meta Campaign 05,Website Traffic,744.45,70839,46554,2898,247,139,11096.28,USD,2026-05-29 23:30:00
2026-05-30,META-CAM-005,Meta Ads,META-ACC-001,Meta Campaign 05,Website Traffic,534.14,85913,60234,1742,173,89,9461.01,USD,2026-05-30 23:30:00
2026-05-31,META-CAM-005,Meta Ads,META-ACC-001,Meta Campaign 05,Website Traffic,367.3,36174,31944,651,51,18,1973.12,USD,2026-05-31 23:30:00
2026-06-01,META-CAM-005,Meta Ads,META-ACC-001,Meta Campaign 05,Website Traffic,979.27,138375,77578,4478,590,243,40991.6,USD,2026-06-01 23:30:00
2026-06-02,META-CAM-005,Meta Ads,META-ACC-001,Meta Campaign 05,Website Traffic,545.6,48482,40407,2077,157,90,7169.04,USD,2026-06-02 23:30:00
2026-06-03,META-CAM-005,Meta Ads,META-ACC-001,Meta Campaign 05,Website Traffic,969.75,159375,100474,3498,378,192,26725.1,USD,2026-06-03 23:30:00
2026-06-04,META-CAM-005,Meta Ads,META-ACC-001,Meta Campaign 05,Website Traffic,781.43,98420,82605,3950,328,151,19205.71,USD,2026-06-04 23:30:00
2026-06-05,META-CAM-005,Meta Ads,META-ACC-001,Meta Campaign 05,Website Traffic,559.13,41913,28311,1072,116,47,3949.1,USD,2026-06-05 23:30:00
2026-06-06,META-CAM-005,Meta Ads,META-ACC-001,Meta Campaign 05,Website Traffic,416.48,41580,34747,1064,66,18,1397.54,USD,2026-06-06 23:30:00
2026-06-07,META-CAM-005,Meta Ads,META-ACC-001,Meta Campaign 05,Website Traffic,524.38,74873,64050,1192,110,55,9511.74,USD,2026-06-07 23:30:00
2026-06-08,META-CAM-005,Meta Ads,META-ACC-001,Meta Campaign 05,Website Traffic,680.11,90296,73753,1367,87,41,3147.28,USD,2026-06-08 23:30:00
2026-06-09,META-CAM-005,Meta Ads,META-ACC-001,Meta Campaign 05,Website Traffic,696.16,125451,81774,5634,499,254,41876.19,USD,2026-06-09 23:30:00
2026-06-10,META-CAM-005,Meta Ads,META-ACC-001,Meta Campaign 05,Website Traffic,619.4,69381,53531,1634,75,43,4430.24,USD,2026-06-10 23:30:00
2026-06-11,META-CAM-005,Meta Ads,META-ACC-001,Meta Campaign 05,Website Traffic,657.38,63208,52331,2301,115,53,9528.97,USD,2026-06-11 23:30:00
2026-06-12,META-CAM-005,Meta Ads,META-ACC-001,Meta Campaign 05,Website Traffic,815.38,62443,50753,2257,124,63,11994.26,USD,2026-06-12 23:30:00
2026-06-13,META-CAM-005,Meta Ads,META-ACC-001,Meta Campaign 05,Website Traffic,590.46,65424,36293,2153,177,77,11335.21,USD,2026-06-13 23:30:00
2026-06-14,META-CAM-005,Meta Ads,META-ACC-001,Meta Campaign 05,Website Traffic,494.42,40612,26557,926,68,37,4617.21,USD,2026-06-14 23:30:00
2026-06-15,META-CAM-005,Meta Ads,META-ACC-001,Meta Campaign 05,Website Traffic,559.75,95365,82014,3959,360,214,29350.75,USD,2026-06-15 23:30:00
2026-06-16,META-CAM-005,Meta Ads,META-ACC-001,Meta Campaign 05,Website Traffic,550.24,96948,53526,3886,247,136,22374.35,USD,2026-06-16 23:30:00
2026-06-17,META-CAM-005,Meta Ads,META-ACC-001,Meta Campaign 05,Website Traffic,832.13,96453,66567,1290,158,58,12148.03,USD,2026-06-17 23:30:00
2026-06-18,META-CAM-005,Meta Ads,META-ACC-001,Meta Campaign 05,Website Traffic,783.62,65768,37760,2671,205,88,15629.09,USD,2026-06-18 23:30:00
2026-06-19,META-CAM-005,Meta Ads,META-ACC-001,Meta Campaign 05,Website Traffic,715.4,122265,105547,2847,152,79,10080.79,USD,2026-06-19 23:30:00
2026-06-20,META-CAM-005,Meta Ads,META-ACC-001,Meta Campaign 05,Website Traffic,576.19,72113,54161,2242,133,64,11975.3,USD,2026-06-20 23:30:00
2026-06-21,META-CAM-005,Meta Ads,META-ACC-001,Meta Campaign 05,Website Traffic,601.67,104878,82045,3578,276,131,16024.91,USD,2026-06-21 23:30:00
2026-06-22,META-CAM-005,Meta Ads,META-ACC-001,Meta Campaign 05,Website Traffic,920.19,151729,100401,4834,629,301,32892.7,USD,2026-06-22 23:30:00
2026-06-23,META-CAM-005,Meta Ads,META-ACC-001,Meta Campaign 05,Website Traffic,808.49,107081,60916,4326,350,157,17308.56,USD,2026-06-23 23:30:00
2026-06-24,META-CAM-005,Meta Ads,META-ACC-001,Meta Campaign 05,Website Traffic,806.73,83279,51517,3243,380,206,19176.73,USD,2026-06-24 23:30:00
2026-06-25,META-CAM-005,Meta Ads,META-ACC-001,Meta Campaign 05,Website Traffic,790.55,60023,33714,2564,144,55,7461.82,USD,2026-06-25 23:30:00
2026-06-26,META-CAM-005,Meta Ads,META-ACC-001,Meta Campaign 05,Website Traffic,878.97,106226,61376,2458,194,94,14491.37,USD,2026-06-26 23:30:00
2026-06-27,META-CAM-005,Meta Ads,META-ACC-001,Meta Campaign 05,Website Traffic,472.48,59562,38606,1595,76,39,3384.45,USD,2026-06-27 23:30:00
2026-01-22,META-CAM-006,Meta Ads,META-ACC-001,Meta Campaign 06,Lead Generation,676.3,76300,58998,1361,172,97,8283.53,USD,2026-01-22 23:30:00
2026-01-23,META-CAM-006,Meta Ads,META-ACC-001,Meta Campaign 06,Lead Generation,503.09,50888,28587,1404,95,57,9160.11,USD,2026-01-23 23:30:00
2026-01-24,META-CAM-006,Meta Ads,META-ACC-001,Meta Campaign 06,Lead Generation,325.29,38017,29107,588,25,18,3016.42,USD,2026-01-24 23:30:00
2026-01-25,META-CAM-006,Meta Ads,META-ACC-001,Meta Campaign 06,Lead Generation,262.14,21251,18210,572,42,21,3719.44,USD,2026-01-25 23:30:00
2026-01-26,META-CAM-006,Meta Ads,META-ACC-001,Meta Campaign 06,Lead Generation,586.83,56045,50064,2179,185,110,19260.75,USD,2026-01-26 23:30:00
2026-01-27,META-CAM-006,Meta Ads,META-ACC-001,Meta Campaign 06,Lead Generation,502.96,46817,28206,860,44,15,2889.79,USD,2026-01-27 23:30:00
2026-01-28,META-CAM-006,Meta Ads,META-ACC-001,Meta Campaign 06,Lead Generation,476.45,45635,31576,1266,44,22,4265.81,USD,2026-01-28 23:30:00
2026-01-29,META-CAM-006,Meta Ads,META-ACC-001,Meta Campaign 06,Lead Generation,602.19,46891,41727,1555,91,50,10474.3,USD,2026-01-29 23:30:00
2026-01-30,META-CAM-006,Meta Ads,META-ACC-001,Meta Campaign 06,Lead Generation,453.19,40413,30663,621,35,30,4015.24,USD,2026-01-30 23:30:00
2026-01-31,META-CAM-006,Meta Ads,META-ACC-001,Meta Campaign 06,Lead Generation,405.03,31622,26649,1095,84,54,4748.84,USD,2026-01-31 23:30:00
2026-02-01,META-CAM-006,Meta Ads,META-ACC-001,Meta Campaign 06,Lead Generation,369.92,64323,57243,1897,103,51,6258.2,USD,2026-02-01 23:30:00
2026-02-02,META-CAM-006,Meta Ads,META-ACC-001,Meta Campaign 06,Lead Generation,556.05,42121,23803,899,55,20,3123.01,USD,2026-02-02 23:30:00
2026-02-03,META-CAM-006,Meta Ads,META-ACC-001,Meta Campaign 06,Lead Generation,396.73,43012,34700,1585,177,85,12768.26,USD,2026-02-03 23:30:00
2026-02-04,META-CAM-006,Meta Ads,META-ACC-001,Meta Campaign 06,Lead Generation,658.13,49821,27808,1235,96,59,7830.0,USD,2026-02-04 23:30:00
2026-02-05,META-CAM-006,Meta Ads,META-ACC-001,Meta Campaign 06,Lead Generation,597.33,107806,89799,3705,274,124,23437.68,USD,2026-02-05 23:30:00
2026-02-06,META-CAM-006,Meta Ads,META-ACC-001,Meta Campaign 06,Lead Generation,376.39,31244,20131,802,71,31,4672.08,USD,2026-02-06 23:30:00
2026-02-07,META-CAM-006,Meta Ads,META-ACC-001,Meta Campaign 06,Lead Generation,405.82,68798,55389,2789,206,108,19344.05,USD,2026-02-07 23:30:00
2026-02-08,META-CAM-006,Meta Ads,META-ACC-001,Meta Campaign 06,Lead Generation,425.91,83897,70495,1617,132,65,8968.48,USD,2026-02-08 23:30:00
2026-02-09,META-CAM-006,Meta Ads,META-ACC-001,Meta Campaign 06,Lead Generation,562.55,94642,68638,2966,163,84,8194.84,USD,2026-02-09 23:30:00
2026-02-10,META-CAM-006,Meta Ads,META-ACC-001,Meta Campaign 06,Lead Generation,628.43,55006,47118,756,79,35,4798.97,USD,2026-02-10 23:30:00
2026-02-11,META-CAM-006,Meta Ads,META-ACC-001,Meta Campaign 06,Lead Generation,411.63,36284,23333,465,24,10,977.78,USD,2026-02-11 23:30:00
2026-02-12,META-CAM-006,Meta Ads,META-ACC-001,Meta Campaign 06,Lead Generation,577.78,46229,36829,1812,135,58,9000.11,USD,2026-02-12 23:30:00
2026-02-13,META-CAM-006,Meta Ads,META-ACC-001,Meta Campaign 06,Lead Generation,414.8,35535,27569,1466,93,46,10711.94,USD,2026-02-13 23:30:00
2026-02-14,META-CAM-006,Meta Ads,META-ACC-001,Meta Campaign 06,Lead Generation,433.59,45771,34439,743,23,14,1336.88,USD,2026-02-14 23:30:00
2026-02-15,META-CAM-006,Meta Ads,META-ACC-001,Meta Campaign 06,Lead Generation,259.14,48570,28864,1934,81,32,2782.45,USD,2026-02-15 23:30:00
2026-02-16,META-CAM-006,Meta Ads,META-ACC-001,Meta Campaign 06,Lead Generation,464.15,42472,26532,826,45,15,1912.81,USD,2026-02-16 23:30:00
2026-02-17,META-CAM-006,Meta Ads,META-ACC-001,Meta Campaign 06,Lead Generation,573.46,48604,38820,809,77,27,3433.53,USD,2026-02-17 23:30:00
2026-02-18,META-CAM-006,Meta Ads,META-ACC-001,Meta Campaign 06,Lead Generation,537.17,51565,40262,2270,226,115,16444.84,USD,2026-02-18 23:30:00
2026-02-19,META-CAM-006,Meta Ads,META-ACC-001,Meta Campaign 06,Lead Generation,611.58,119341,88264,3272,361,173,23688.74,USD,2026-02-19 23:30:00
2026-02-20,META-CAM-006,Meta Ads,META-ACC-001,Meta Campaign 06,Lead Generation,565.0,69394,59316,1387,140,77,9312.61,USD,2026-02-20 23:30:00
2026-02-21,META-CAM-006,Meta Ads,META-ACC-001,Meta Campaign 06,Lead Generation,313.25,24266,21310,566,25,14,1374.21,USD,2026-02-21 23:30:00
2026-02-22,META-CAM-006,Meta Ads,META-ACC-001,Meta Campaign 06,Lead Generation,416.13,38289,22689,659,63,28,4162.05,USD,2026-02-22 23:30:00
2026-02-23,META-CAM-006,Meta Ads,META-ACC-001,Meta Campaign 06,Lead Generation,587.51,74967,53280,2536,154,72,7547.2,USD,2026-02-23 23:30:00
2026-02-24,META-CAM-006,Meta Ads,META-ACC-001,Meta Campaign 06,Lead Generation,627.36,104837,65150,4695,241,117,21500.46,USD,2026-02-24 23:30:00
2026-02-25,META-CAM-006,Meta Ads,META-ACC-001,Meta Campaign 06,Lead Generation,573.0,47039,40939,622,73,25,1849.44,USD,2026-02-25 23:30:00
2026-02-26,META-CAM-006,Meta Ads,META-ACC-001,Meta Campaign 06,Lead Generation,404.1,74190,52067,2876,136,63,4967.45,USD,2026-02-26 23:30:00
2026-02-27,META-CAM-006,Meta Ads,META-ACC-001,Meta Campaign 06,Lead Generation,655.87,54898,38208,2073,118,75,6658.64,USD,2026-02-27 23:30:00
2026-02-28,META-CAM-006,Meta Ads,META-ACC-001,Meta Campaign 06,Lead Generation,369.78,33662,28206,637,52,20,3917.45,USD,2026-02-28 23:30:00
2026-03-01,META-CAM-006,Meta Ads,META-ACC-001,Meta Campaign 06,Lead Generation,317.88,28184,21607,409,38,15,2553.55,USD,2026-03-01 23:30:00
2026-03-02,META-CAM-006,Meta Ads,META-ACC-001,Meta Campaign 06,Lead Generation,554.55,107487,82812,3541,345,178,18014.64,USD,2026-03-02 23:30:00
2026-03-03,META-CAM-006,Meta Ads,META-ACC-001,Meta Campaign 06,Lead Generation,476.66,89629,59693,1305,62,26,4556.39,USD,2026-03-03 23:30:00
2026-03-04,META-CAM-006,Meta Ads,META-ACC-001,Meta Campaign 06,Lead Generation,644.55,62769,51232,1453,124,56,11677.39,USD,2026-03-04 23:30:00
2026-03-05,META-CAM-006,Meta Ads,META-ACC-001,Meta Campaign 06,Lead Generation,526.26,42499,36089,777,52,18,2129.45,USD,2026-03-05 23:30:00
2026-03-06,META-CAM-006,Meta Ads,META-ACC-001,Meta Campaign 06,Lead Generation,588.16,112974,72009,3465,148,81,5973.4,USD,2026-03-06 23:30:00
2026-03-07,META-CAM-006,Meta Ads,META-ACC-001,Meta Campaign 06,Lead Generation,365.56,58861,43956,2255,140,54,5248.53,USD,2026-03-07 23:30:00
2026-03-08,META-CAM-006,Meta Ads,META-ACC-001,Meta Campaign 06,Lead Generation,380.97,55301,38275,1088,145,60,7483.67,USD,2026-03-08 23:30:00
2026-03-09,META-CAM-006,Meta Ads,META-ACC-001,Meta Campaign 06,Lead Generation,429.18,53889,41973,1027,122,60,12294.99,USD,2026-03-09 23:30:00
2026-03-10,META-CAM-006,Meta Ads,META-ACC-001,Meta Campaign 06,Lead Generation,642.68,56585,48194,1998,280,110,13876.04,USD,2026-03-10 23:30:00
2026-03-11,META-CAM-006,Meta Ads,META-ACC-001,Meta Campaign 06,Lead Generation,485.52,44339,37804,576,48,31,4708.57,USD,2026-03-11 23:30:00
2026-03-12,META-CAM-006,Meta Ads,META-ACC-001,Meta Campaign 06,Lead Generation,408.17,77946,51280,3278,191,127,16230.53,USD,2026-03-12 23:30:00
2026-03-13,META-CAM-006,Meta Ads,META-ACC-001,Meta Campaign 06,Lead Generation,587.53,62625,40877,2006,262,153,20254.46,USD,2026-03-13 23:30:00
2026-03-14,META-CAM-006,Meta Ads,META-ACC-001,Meta Campaign 06,Lead Generation,257.47,32160,23191,414,54,33,5351.69,USD,2026-03-14 23:30:00
2026-03-15,META-CAM-006,Meta Ads,META-ACC-001,Meta Campaign 06,Lead Generation,297.25,33085,27158,632,48,17,3380.45,USD,2026-03-15 23:30:00
2026-03-16,META-CAM-006,Meta Ads,META-ACC-001,Meta Campaign 06,Lead Generation,389.93,29666,20536,945,42,25,3103.09,USD,2026-03-16 23:30:00
2026-03-17,META-CAM-006,Meta Ads,META-ACC-001,Meta Campaign 06,Lead Generation,461.93,50370,41870,1789,133,62,9259.64,USD,2026-03-17 23:30:00
2026-03-18,META-CAM-006,Meta Ads,META-ACC-001,Meta Campaign 06,Lead Generation,487.87,54264,46501,1530,156,80,9210.56,USD,2026-03-18 23:30:00
2026-03-19,META-CAM-006,Meta Ads,META-ACC-001,Meta Campaign 06,Lead Generation,610.09,81056,69107,2329,124,43,4836.37,USD,2026-03-19 23:30:00
2026-03-20,META-CAM-006,Meta Ads,META-ACC-001,Meta Campaign 06,Lead Generation,464.38,39533,34022,631,52,33,4007.25,USD,2026-03-20 23:30:00
2026-03-21,META-CAM-006,Meta Ads,META-ACC-001,Meta Campaign 06,Lead Generation,392.47,36249,31769,1105,111,48,8121.51,USD,2026-03-21 23:30:00
2026-03-22,META-CAM-006,Meta Ads,META-ACC-001,Meta Campaign 06,Lead Generation,407.99,47219,33874,1906,225,113,20433.44,USD,2026-03-22 23:30:00
2026-03-23,META-CAM-006,Meta Ads,META-ACC-001,Meta Campaign 06,Lead Generation,613.68,60829,48220,1942,246,123,22558.95,USD,2026-03-23 23:30:00
2026-03-24,META-CAM-006,Meta Ads,META-ACC-001,Meta Campaign 06,Lead Generation,404.49,36625,27274,1004,90,36,5933.19,USD,2026-03-24 23:30:00
2026-03-25,META-CAM-006,Meta Ads,META-ACC-001,Meta Campaign 06,Lead Generation,490.95,46131,30304,659,34,21,3331.34,USD,2026-03-25 23:30:00
2026-03-26,META-CAM-006,Meta Ads,META-ACC-001,Meta Campaign 06,Lead Generation,531.16,71746,62154,2787,363,176,28594.24,USD,2026-03-26 23:30:00
2026-03-27,META-CAM-006,Meta Ads,META-ACC-001,Meta Campaign 06,Lead Generation,392.1,33255,21520,1146,147,74,8223.88,USD,2026-03-27 23:30:00
2026-03-28,META-CAM-006,Meta Ads,META-ACC-001,Meta Campaign 06,Lead Generation,317.41,23982,14275,644,68,52,6295.78,USD,2026-03-28 23:30:00
2026-03-29,META-CAM-006,Meta Ads,META-ACC-001,Meta Campaign 06,Lead Generation,382.31,42788,24593,1500,108,57,4762.84,USD,2026-03-29 23:30:00
2026-03-30,META-CAM-006,Meta Ads,META-ACC-001,Meta Campaign 06,Lead Generation,629.5,120975,87687,3304,360,190,16080.04,USD,2026-03-30 23:30:00
2026-03-31,META-CAM-006,Meta Ads,META-ACC-001,Meta Campaign 06,Lead Generation,468.63,44125,29255,730,27,9,575.92,USD,2026-03-31 23:30:00
2026-04-01,META-CAM-006,Meta Ads,META-ACC-001,Meta Campaign 06,Lead Generation,443.77,51943,41108,2234,167,72,8633.09,USD,2026-04-01 23:30:00
2026-04-02,META-CAM-006,Meta Ads,META-ACC-001,Meta Campaign 06,Lead Generation,423.31,73961,50106,1464,72,37,7512.1,USD,2026-04-02 23:30:00
2026-04-03,META-CAM-006,Meta Ads,META-ACC-001,Meta Campaign 06,Lead Generation,374.73,57261,39628,1808,210,90,9672.24,USD,2026-04-03 23:30:00
2026-04-04,META-CAM-006,Meta Ads,META-ACC-001,Meta Campaign 06,Lead Generation,403.99,30403,27217,445,45,25,3439.3,USD,2026-04-04 23:30:00
2026-04-05,META-CAM-006,Meta Ads,META-ACC-001,Meta Campaign 06,Lead Generation,381.26,33098,23600,701,66,43,8247.09,USD,2026-04-05 23:30:00
2026-04-06,META-CAM-006,Meta Ads,META-ACC-001,Meta Campaign 06,Lead Generation,648.88,47554,26546,2042,244,135,23722.29,USD,2026-04-06 23:30:00
2026-04-07,META-CAM-006,Meta Ads,META-ACC-001,Meta Campaign 06,Lead Generation,615.9,101796,66341,4311,452,214,25781.16,USD,2026-04-07 23:30:00
2026-04-08,META-CAM-006,Meta Ads,META-ACC-001,Meta Campaign 06,Lead Generation,388.67,40909,32872,1592,110,44,8127.96,USD,2026-04-08 23:30:00
2026-04-09,META-CAM-006,Meta Ads,META-ACC-001,Meta Campaign 06,Lead Generation,425.68,79155,48757,2217,254,123,17360.76,USD,2026-04-09 23:30:00
2026-04-10,META-CAM-006,Meta Ads,META-ACC-001,Meta Campaign 06,Lead Generation,589.01,80677,55206,2387,154,84,12791.13,USD,2026-04-10 23:30:00
2026-04-11,META-CAM-006,Meta Ads,META-ACC-001,Meta Campaign 06,Lead Generation,386.9,61266,42369,824,45,24,4373.45,USD,2026-04-11 23:30:00
2026-04-12,META-CAM-006,Meta Ads,META-ACC-001,Meta Campaign 06,Lead Generation,410.48,77461,61280,1483,63,32,3445.33,USD,2026-04-12 23:30:00
2026-04-13,META-CAM-006,Meta Ads,META-ACC-001,Meta Campaign 06,Lead Generation,640.85,60508,41838,1606,84,45,5563.28,USD,2026-04-13 23:30:00
2026-04-14,META-CAM-006,Meta Ads,META-ACC-001,Meta Campaign 06,Lead Generation,523.3,39733,29815,1167,113,65,5851.51,USD,2026-04-14 23:30:00
2026-04-15,META-CAM-006,Meta Ads,META-ACC-001,Meta Campaign 06,Lead Generation,375.68,69783,51602,2241,185,106,17104.15,USD,2026-04-15 23:30:00
2026-04-16,META-CAM-006,Meta Ads,META-ACC-001,Meta Campaign 06,Lead Generation,574.35,72805,43526,2140,188,100,8623.9,USD,2026-04-16 23:30:00
2026-04-17,META-CAM-006,Meta Ads,META-ACC-001,Meta Campaign 06,Lead Generation,609.91,54954,36360,766,51,29,4827.14,USD,2026-04-17 23:30:00
2026-04-18,META-CAM-006,Meta Ads,META-ACC-001,Meta Campaign 06,Lead Generation,341.28,27449,21414,919,49,25,4802.31,USD,2026-04-18 23:30:00
2026-04-19,META-CAM-006,Meta Ads,META-ACC-001,Meta Campaign 06,Lead Generation,313.08,46782,28894,733,64,31,4974.19,USD,2026-04-19 23:30:00
2026-04-20,META-CAM-006,Meta Ads,META-ACC-001,Meta Campaign 06,Lead Generation,471.58,40066,29275,1552,86,41,3208.87,USD,2026-04-20 23:30:00
2026-04-21,META-CAM-006,Meta Ads,META-ACC-001,Meta Campaign 06,Lead Generation,624.1,48289,28387,954,55,29,2556.56,USD,2026-04-21 23:30:00
2026-04-22,META-CAM-006,Meta Ads,META-ACC-001,Meta Campaign 06,Lead Generation,473.07,48080,28060,1877,148,84,11211.73,USD,2026-04-22 23:30:00
2026-04-23,META-CAM-006,Meta Ads,META-ACC-001,Meta Campaign 06,Lead Generation,569.25,65408,49801,1662,208,102,9336.55,USD,2026-04-23 23:30:00
2026-04-24,META-CAM-006,Meta Ads,META-ACC-001,Meta Campaign 06,Lead Generation,660.76,48617,34900,1160,139,66,6389.72,USD,2026-04-24 23:30:00
2026-04-25,META-CAM-006,Meta Ads,META-ACC-001,Meta Campaign 06,Lead Generation,352.41,36299,20213,471,36,16,2048.69,USD,2026-04-25 23:30:00
2026-04-26,META-CAM-006,Meta Ads,META-ACC-001,Meta Campaign 06,Lead Generation,327.6,28622,19559,439,45,26,4128.15,USD,2026-04-26 23:30:00
2026-04-27,META-CAM-006,Meta Ads,META-ACC-001,Meta Campaign 06,Lead Generation,642.09,87611,54924,2551,242,123,16784.01,USD,2026-04-27 23:30:00
2026-04-28,META-CAM-006,Meta Ads,META-ACC-001,Meta Campaign 06,Lead Generation,644.66,46760,37715,1052,93,52,3932.48,USD,2026-04-28 23:30:00
2026-04-29,META-CAM-006,Meta Ads,META-ACC-001,Meta Campaign 06,Lead Generation,494.03,50352,29341,727,80,36,8271.94,USD,2026-04-29 23:30:00
2026-04-30,META-CAM-006,Meta Ads,META-ACC-001,Meta Campaign 06,Lead Generation,591.35,59257,33335,2071,138,76,10901.74,USD,2026-04-30 23:30:00
2026-05-01,META-CAM-006,Meta Ads,META-ACC-001,Meta Campaign 06,Lead Generation,456.92,60543,39155,2029,198,102,6984.57,USD,2026-05-01 23:30:00
2026-05-02,META-CAM-006,Meta Ads,META-ACC-001,Meta Campaign 06,Lead Generation,345.95,55075,37480,892,105,62,8434.81,USD,2026-05-02 23:30:00
2026-05-03,META-CAM-006,Meta Ads,META-ACC-001,Meta Campaign 06,Lead Generation,290.89,34738,19980,1284,88,40,3469.98,USD,2026-05-03 23:30:00
2026-05-04,META-CAM-006,Meta Ads,META-ACC-001,Meta Campaign 06,Lead Generation,483.06,53904,36720,1907,75,37,3078.16,USD,2026-05-04 23:30:00
2026-05-05,META-CAM-006,Meta Ads,META-ACC-001,Meta Campaign 06,Lead Generation,452.29,73079,50886,1449,138,63,4681.29,USD,2026-05-05 23:30:00
2026-05-06,META-CAM-006,Meta Ads,META-ACC-001,Meta Campaign 06,Lead Generation,489.77,71414,53976,1209,101,47,10295.33,USD,2026-05-06 23:30:00
2026-05-07,META-CAM-006,Meta Ads,META-ACC-001,Meta Campaign 06,Lead Generation,567.12,71766,51667,1596,92,40,8556.5,USD,2026-05-07 23:30:00
2026-05-08,META-CAM-006,Meta Ads,META-ACC-001,Meta Campaign 06,Lead Generation,569.78,85252,72332,2988,264,138,9136.43,USD,2026-05-08 23:30:00
2026-05-09,META-CAM-006,Meta Ads,META-ACC-001,Meta Campaign 06,Lead Generation,364.95,69548,39203,1070,63,25,3361.2,USD,2026-05-09 23:30:00
2026-05-10,META-CAM-006,Meta Ads,META-ACC-001,Meta Campaign 06,Lead Generation,405.97,79213,55888,1874,102,46,5017.39,USD,2026-05-10 23:30:00
2026-05-11,META-CAM-006,Meta Ads,META-ACC-001,Meta Campaign 06,Lead Generation,625.47,101611,74662,4261,365,170,36421.59,USD,2026-05-11 23:30:00
2026-05-12,META-CAM-006,Meta Ads,META-ACC-001,Meta Campaign 06,Lead Generation,429.28,72299,59262,1191,141,67,12288.57,USD,2026-05-12 23:30:00
2026-05-13,META-CAM-006,Meta Ads,META-ACC-001,Meta Campaign 06,Lead Generation,386.57,34331,23502,820,57,30,2107.68,USD,2026-05-13 23:30:00
2026-05-14,META-CAM-006,Meta Ads,META-ACC-001,Meta Campaign 06,Lead Generation,570.51,88432,50389,3456,347,156,13838.4,USD,2026-05-14 23:30:00
2026-05-15,META-CAM-006,Meta Ads,META-ACC-001,Meta Campaign 06,Lead Generation,649.08,64634,40901,2386,186,91,12591.7,USD,2026-05-15 23:30:00
2026-05-16,META-CAM-006,Meta Ads,META-ACC-001,Meta Campaign 06,Lead Generation,298.31,34882,27437,780,58,32,2598.52,USD,2026-05-16 23:30:00
2026-05-17,META-CAM-006,Meta Ads,META-ACC-001,Meta Campaign 06,Lead Generation,412.55,38060,23284,1463,142,73,5856.57,USD,2026-05-17 23:30:00
2026-05-18,META-CAM-006,Meta Ads,META-ACC-001,Meta Campaign 06,Lead Generation,640.62,109774,91154,2199,175,96,16803.29,USD,2026-05-18 23:30:00
2026-05-19,META-CAM-006,Meta Ads,META-ACC-001,Meta Campaign 06,Lead Generation,583.68,44113,36209,1044,99,59,5635.11,USD,2026-05-19 23:30:00
2026-05-20,META-CAM-006,Meta Ads,META-ACC-001,Meta Campaign 06,Lead Generation,547.02,39933,26535,1650,197,79,11335.11,USD,2026-05-20 23:30:00
2026-05-21,META-CAM-006,Meta Ads,META-ACC-001,Meta Campaign 06,Lead Generation,529.65,60284,46582,1689,201,117,9151.69,USD,2026-05-21 23:30:00
2026-05-22,META-CAM-006,Meta Ads,META-ACC-001,Meta Campaign 06,Lead Generation,388.37,28903,18811,1096,75,31,3292.32,USD,2026-05-22 23:30:00
2026-05-23,META-CAM-006,Meta Ads,META-ACC-001,Meta Campaign 06,Lead Generation,418.71,70504,43517,1689,101,55,7825.2,USD,2026-05-23 23:30:00
2026-05-24,META-CAM-006,Meta Ads,META-ACC-001,Meta Campaign 06,Lead Generation,400.34,67191,56954,1492,134,64,14086.71,USD,2026-05-24 23:30:00
2026-05-25,META-CAM-006,Meta Ads,META-ACC-001,Meta Campaign 06,Lead Generation,485.55,55916,47533,2479,160,90,11624.1,USD,2026-05-25 23:30:00
2026-05-26,META-CAM-006,Meta Ads,META-ACC-001,Meta Campaign 06,Lead Generation,604.29,78110,44031,3027,375,174,13516.6,USD,2026-05-26 23:30:00
2026-05-27,META-CAM-006,Meta Ads,META-ACC-001,Meta Campaign 06,Lead Generation,375.34,28481,18643,1028,56,30,4534.44,USD,2026-05-27 23:30:00
2026-05-28,META-CAM-006,Meta Ads,META-ACC-001,Meta Campaign 06,Lead Generation,565.51,55313,41748,1159,84,44,3944.11,USD,2026-05-28 23:30:00
2026-05-29,META-CAM-006,Meta Ads,META-ACC-001,Meta Campaign 06,Lead Generation,614.02,70790,62522,2378,325,138,18765.05,USD,2026-05-29 23:30:00
2026-05-30,META-CAM-006,Meta Ads,META-ACC-001,Meta Campaign 06,Lead Generation,274.32,25761,16975,632,80,36,4437.2,USD,2026-05-30 23:30:00
2026-05-31,META-CAM-006,Meta Ads,META-ACC-001,Meta Campaign 06,Lead Generation,282.41,27745,17804,523,39,24,4897.79,USD,2026-05-31 23:30:00
2026-06-01,META-CAM-006,Meta Ads,META-ACC-001,Meta Campaign 06,Lead Generation,493.48,45325,35991,1589,111,73,10470.37,USD,2026-06-01 23:30:00
2026-06-02,META-CAM-006,Meta Ads,META-ACC-001,Meta Campaign 06,Lead Generation,601.42,45163,32435,1856,120,74,9475.38,USD,2026-06-02 23:30:00
2026-06-03,META-CAM-006,Meta Ads,META-ACC-001,Meta Campaign 06,Lead Generation,477.51,36338,28036,1398,75,49,5470.29,USD,2026-06-03 23:30:00
2026-06-04,META-CAM-006,Meta Ads,META-ACC-001,Meta Campaign 06,Lead Generation,590.38,56439,34776,1572,180,96,6578.3,USD,2026-06-04 23:30:00
2026-06-05,META-CAM-006,Meta Ads,META-ACC-001,Meta Campaign 06,Lead Generation,444.21,68310,39823,2461,150,78,11681.47,USD,2026-06-05 23:30:00
2026-06-06,META-CAM-006,Meta Ads,META-ACC-001,Meta Campaign 06,Lead Generation,284.51,24965,18876,565,22,18,2651.65,USD,2026-06-06 23:30:00
2026-06-07,META-CAM-006,Meta Ads,META-ACC-001,Meta Campaign 06,Lead Generation,340.22,29407,26351,604,67,40,7130.54,USD,2026-06-07 23:30:00
2026-06-08,META-CAM-006,Meta Ads,META-ACC-001,Meta Campaign 06,Lead Generation,432.72,61280,52135,2021,123,74,10903.06,USD,2026-06-08 23:30:00
2026-06-09,META-CAM-006,Meta Ads,META-ACC-001,Meta Campaign 06,Lead Generation,436.38,71564,57757,1227,104,56,5863.82,USD,2026-06-09 23:30:00
2026-06-10,META-CAM-006,Meta Ads,META-ACC-001,Meta Campaign 06,Lead Generation,439.59,74195,58519,2409,200,90,12902.94,USD,2026-06-10 23:30:00
2026-06-11,META-CAM-006,Meta Ads,META-ACC-001,Meta Campaign 06,Lead Generation,455.59,41463,30205,1080,109,65,9794.73,USD,2026-06-11 23:30:00
2026-06-12,META-CAM-006,Meta Ads,META-ACC-001,Meta Campaign 06,Lead Generation,494.93,61665,34409,1436,125,51,9246.32,USD,2026-06-12 23:30:00
2026-06-13,META-CAM-006,Meta Ads,META-ACC-001,Meta Campaign 06,Lead Generation,264.69,29806,21087,777,35,30,5082.16,USD,2026-06-13 23:30:00
2026-06-14,META-CAM-006,Meta Ads,META-ACC-001,Meta Campaign 06,Lead Generation,259.57,34342,22238,1237,99,57,5504.69,USD,2026-06-14 23:30:00
2026-06-15,META-CAM-006,Meta Ads,META-ACC-001,Meta Campaign 06,Lead Generation,666.7,89036,79694,3518,196,105,18628.3,USD,2026-06-15 23:30:00
2026-06-16,META-CAM-006,Meta Ads,META-ACC-001,Meta Campaign 06,Lead Generation,425.58,59814,49239,2039,236,134,13384.16,USD,2026-06-16 23:30:00
2026-06-17,META-CAM-006,Meta Ads,META-ACC-001,Meta Campaign 06,Lead Generation,516.7,49178,41716,1424,139,67,5722.33,USD,2026-06-17 23:30:00
2026-06-18,META-CAM-006,Meta Ads,META-ACC-001,Meta Campaign 06,Lead Generation,448.14,52674,34866,1529,60,37,7653.16,USD,2026-06-18 23:30:00
2026-06-19,META-CAM-006,Meta Ads,META-ACC-001,Meta Campaign 06,Lead Generation,527.33,88190,50418,1403,92,41,3176.74,USD,2026-06-19 23:30:00
2026-06-20,META-CAM-006,Meta Ads,META-ACC-001,Meta Campaign 06,Lead Generation,358.5,41740,29692,917,61,30,4695.41,USD,2026-06-20 23:30:00
2026-06-21,META-CAM-006,Meta Ads,META-ACC-001,Meta Campaign 06,Lead Generation,262.1,32874,21940,1247,37,35,6955.38,USD,2026-06-21 23:30:00
2026-06-22,META-CAM-006,Meta Ads,META-ACC-001,Meta Campaign 06,Lead Generation,534.88,38374,27967,1708,97,40,5887.96,USD,2026-06-22 23:30:00
2026-06-23,META-CAM-006,Meta Ads,META-ACC-001,Meta Campaign 06,Lead Generation,388.7,48466,31596,1309,78,45,5168.39,USD,2026-06-23 23:30:00
2026-06-24,META-CAM-006,Meta Ads,META-ACC-001,Meta Campaign 06,Lead Generation,580.73,51538,30400,2054,126,59,6155.38,USD,2026-06-24 23:30:00
2026-06-25,META-CAM-006,Meta Ads,META-ACC-001,Meta Campaign 06,Lead Generation,521.24,48075,31104,1285,86,41,5040.67,USD,2026-06-25 23:30:00
2026-06-26,META-CAM-006,Meta Ads,META-ACC-001,Meta Campaign 06,Lead Generation,446.32,38473,25638,1379,121,59,6727.48,USD,2026-06-26 23:30:00
2026-06-27,META-CAM-006,Meta Ads,META-ACC-001,Meta Campaign 06,Lead Generation,243.79,34324,23427,1355,149,87,11377.91,USD,2026-06-27 23:30:00
2026-06-28,META-CAM-006,Meta Ads,META-ACC-001,Meta Campaign 06,Lead Generation,289.04,24603,21681,642,53,34,5021.3,USD,2026-06-28 23:30:00
2026-06-29,META-CAM-006,Meta Ads,META-ACC-001,Meta Campaign 06,Lead Generation,643.23,108389,85971,2524,123,66,12363.72,USD,2026-06-29 23:30:00
2026-01-11,META-CAM-007,Meta Ads,META-ACC-001,Meta Campaign 07,Lead Generation,586.9,75760,42099,1915,87,51,8890.16,USD,2026-01-11 23:30:00
2026-01-12,META-CAM-007,Meta Ads,META-ACC-001,Meta Campaign 07,Lead Generation,778.2,97983,86583,4226,424,225,29194.46,USD,2026-01-12 23:30:00
2026-01-13,META-CAM-007,Meta Ads,META-ACC-001,Meta Campaign 07,Lead Generation,665.97,63922,41590,2112,286,136,13720.0,USD,2026-01-13 23:30:00
2026-01-14,META-CAM-007,Meta Ads,META-ACC-001,Meta Campaign 07,Lead Generation,837.97,112162,69766,2169,131,74,9340.61,USD,2026-01-14 23:30:00
2026-01-15,META-CAM-007,Meta Ads,META-ACC-001,Meta Campaign 07,Lead Generation,1162.8,144371,86732,2816,164,82,6650.16,USD,2026-01-15 23:30:00
2026-01-16,META-CAM-007,Meta Ads,META-ACC-001,Meta Campaign 07,Lead Generation,834.42,141509,117876,3744,369,167,17093.7,USD,2026-01-16 23:30:00
2026-01-17,META-CAM-007,Meta Ads,META-ACC-001,Meta Campaign 07,Lead Generation,531.33,42486,35649,666,85,42,7185.53,USD,2026-01-17 23:30:00
2026-01-18,META-CAM-007,Meta Ads,META-ACC-001,Meta Campaign 07,Lead Generation,708.16,85612,54785,2010,163,78,11241.22,USD,2026-01-18 23:30:00
2026-01-19,META-CAM-007,Meta Ads,META-ACC-001,Meta Campaign 07,Lead Generation,721.26,81641,64052,3375,312,153,34604.08,USD,2026-01-19 23:30:00
2026-01-20,META-CAM-007,Meta Ads,META-ACC-001,Meta Campaign 07,Lead Generation,1185.97,110078,68112,4768,369,177,33883.44,USD,2026-01-20 23:30:00
2026-01-21,META-CAM-007,Meta Ads,META-ACC-001,Meta Campaign 07,Lead Generation,1007.05,110441,95470,4506,230,102,6446.45,USD,2026-01-21 23:30:00
2026-01-22,META-CAM-007,Meta Ads,META-ACC-001,Meta Campaign 07,Lead Generation,723.9,104006,80787,2710,362,173,31795.55,USD,2026-01-22 23:30:00
2026-01-23,META-CAM-007,Meta Ads,META-ACC-001,Meta Campaign 07,Lead Generation,748.82,71470,53540,1023,54,20,4062.39,USD,2026-01-23 23:30:00
2026-01-24,META-CAM-007,Meta Ads,META-ACC-001,Meta Campaign 07,Lead Generation,472.15,52027,30484,2202,139,69,10052.1,USD,2026-01-24 23:30:00
2026-01-25,META-CAM-007,Meta Ads,META-ACC-001,Meta Campaign 07,Lead Generation,514.04,52944,38301,1814,95,36,7784.06,USD,2026-01-25 23:30:00
2026-01-26,META-CAM-007,Meta Ads,META-ACC-001,Meta Campaign 07,Lead Generation,818.25,96302,79165,4176,303,143,14030.96,USD,2026-01-26 23:30:00
2026-01-27,META-CAM-007,Meta Ads,META-ACC-001,Meta Campaign 07,Lead Generation,775.58,68084,60768,1278,63,23,3169.58,USD,2026-01-27 23:30:00
2026-01-28,META-CAM-007,Meta Ads,META-ACC-001,Meta Campaign 07,Lead Generation,1057.5,89416,59118,1243,113,53,8940.08,USD,2026-01-28 23:30:00
2026-01-29,META-CAM-007,Meta Ads,META-ACC-001,Meta Campaign 07,Lead Generation,1104.91,198340,148932,3474,430,218,29664.24,USD,2026-01-29 23:30:00
2026-01-30,META-CAM-007,Meta Ads,META-ACC-001,Meta Campaign 07,Lead Generation,680.84,82042,56986,2495,208,96,16304.11,USD,2026-01-30 23:30:00
2026-01-31,META-CAM-007,Meta Ads,META-ACC-001,Meta Campaign 07,Lead Generation,660.56,62626,47850,993,83,37,7006.04,USD,2026-01-31 23:30:00
2026-02-01,META-CAM-007,Meta Ads,META-ACC-001,Meta Campaign 07,Lead Generation,732.66,87695,69776,1169,68,37,7926.07,USD,2026-02-01 23:30:00
2026-02-02,META-CAM-007,Meta Ads,META-ACC-001,Meta Campaign 07,Lead Generation,706.74,88677,75306,3494,297,154,13868.99,USD,2026-02-02 23:30:00
2026-02-03,META-CAM-007,Meta Ads,META-ACC-001,Meta Campaign 07,Lead Generation,680.67,49845,28748,995,101,55,7614.55,USD,2026-02-03 23:30:00
2026-02-04,META-CAM-007,Meta Ads,META-ACC-001,Meta Campaign 07,Lead Generation,964.32,149751,115713,5933,452,229,36598.73,USD,2026-02-04 23:30:00
2026-02-05,META-CAM-007,Meta Ads,META-ACC-001,Meta Campaign 07,Lead Generation,908.67,80248,54875,3343,185,97,16118.84,USD,2026-02-05 23:30:00
2026-02-06,META-CAM-007,Meta Ads,META-ACC-001,Meta Campaign 07,Lead Generation,1139.04,91441,74771,1341,127,61,11792.05,USD,2026-02-06 23:30:00
2026-02-07,META-CAM-007,Meta Ads,META-ACC-001,Meta Campaign 07,Lead Generation,687.5,120463,92487,3791,322,192,26453.47,USD,2026-02-07 23:30:00
2026-02-08,META-CAM-007,Meta Ads,META-ACC-001,Meta Campaign 07,Lead Generation,616.67,47638,38927,730,75,39,6490.39,USD,2026-02-08 23:30:00
2026-02-09,META-CAM-007,Meta Ads,META-ACC-001,Meta Campaign 07,Lead Generation,683.23,88462,68571,3939,349,199,27603.57,USD,2026-02-09 23:30:00
2026-02-10,META-CAM-007,Meta Ads,META-ACC-001,Meta Campaign 07,Lead Generation,914.37,83436,61686,1426,126,52,9049.65,USD,2026-02-10 23:30:00
2026-02-11,META-CAM-007,Meta Ads,META-ACC-001,Meta Campaign 07,Lead Generation,1133.53,200456,148449,6399,828,399,74563.37,USD,2026-02-11 23:30:00
2026-02-12,META-CAM-007,Meta Ads,META-ACC-001,Meta Campaign 07,Lead Generation,1126.12,170485,135868,6736,731,353,55022.91,USD,2026-02-12 23:30:00
2026-02-13,META-CAM-007,Meta Ads,META-ACC-001,Meta Campaign 07,Lead Generation,907.14,65978,53767,886,47,18,1502.36,USD,2026-02-13 23:30:00
2026-02-14,META-CAM-007,Meta Ads,META-ACC-001,Meta Campaign 07,Lead Generation,560.49,46628,35881,581,45,13,1137.04,USD,2026-02-14 23:30:00
2026-02-15,META-CAM-007,Meta Ads,META-ACC-001,Meta Campaign 07,Lead Generation,541.62,63367,44911,1101,55,23,3391.87,USD,2026-02-15 23:30:00
2026-02-16,META-CAM-007,Meta Ads,META-ACC-001,Meta Campaign 07,Lead Generation,851.8,70021,60920,1340,162,72,11245.27,USD,2026-02-16 23:30:00
2026-02-17,META-CAM-007,Meta Ads,META-ACC-001,Meta Campaign 07,Lead Generation,1138.36,193333,121474,4101,217,106,10804.35,USD,2026-02-17 23:30:00
2026-02-18,META-CAM-007,Meta Ads,META-ACC-001,Meta Campaign 07,Lead Generation,865.32,86387,51854,3572,345,174,31693.93,USD,2026-02-18 23:30:00
2026-02-19,META-CAM-007,Meta Ads,META-ACC-001,Meta Campaign 07,Lead Generation,867.08,62796,52674,847,72,40,4439.42,USD,2026-02-19 23:30:00
2026-02-20,META-CAM-007,Meta Ads,META-ACC-001,Meta Campaign 07,Lead Generation,842.22,67010,45321,2454,128,79,12899.9,USD,2026-02-20 23:30:00
2026-02-21,META-CAM-007,Meta Ads,META-ACC-001,Meta Campaign 07,Lead Generation,512.15,46696,26415,1430,170,96,8454.72,USD,2026-02-21 23:30:00
2026-02-22,META-CAM-007,Meta Ads,META-ACC-001,Meta Campaign 07,Lead Generation,534.78,70138,61052,2715,243,122,9065.76,USD,2026-02-22 23:30:00
2026-02-23,META-CAM-007,Meta Ads,META-ACC-001,Meta Campaign 07,Lead Generation,853.01,100045,70458,1976,190,94,14765.93,USD,2026-02-23 23:30:00
2026-02-24,META-CAM-007,Meta Ads,META-ACC-001,Meta Campaign 07,Lead Generation,814.93,94972,79735,2283,152,70,6505.68,USD,2026-02-24 23:30:00
2026-02-25,META-CAM-007,Meta Ads,META-ACC-001,Meta Campaign 07,Lead Generation,736.17,53102,38942,2172,210,111,16783.83,USD,2026-02-25 23:30:00
2026-02-26,META-CAM-007,Meta Ads,META-ACC-001,Meta Campaign 07,Lead Generation,1109.03,129179,99997,4608,540,263,53063.75,USD,2026-02-26 23:30:00
2026-02-27,META-CAM-007,Meta Ads,META-ACC-001,Meta Campaign 07,Lead Generation,1029.69,117768,77265,4050,343,168,17703.8,USD,2026-02-27 23:30:00
2026-02-28,META-CAM-007,Meta Ads,META-ACC-001,Meta Campaign 07,Lead Generation,695.44,72130,49366,2401,294,152,31332.4,USD,2026-02-28 23:30:00
2026-03-01,META-CAM-007,Meta Ads,META-ACC-001,Meta Campaign 07,Lead Generation,657.29,71801,40854,1505,106,48,4266.75,USD,2026-03-01 23:30:00
2026-03-02,META-CAM-007,Meta Ads,META-ACC-001,Meta Campaign 07,Lead Generation,1071.14,168059,98826,4343,417,209,13361.17,USD,2026-03-02 23:30:00
2026-03-03,META-CAM-007,Meta Ads,META-ACC-001,Meta Campaign 07,Lead Generation,987.2,129779,103072,4595,397,216,30527.3,USD,2026-03-03 23:30:00
2026-03-04,META-CAM-007,Meta Ads,META-ACC-001,Meta Campaign 07,Lead Generation,1168.13,127303,101213,4705,412,209,17195.77,USD,2026-03-04 23:30:00
2026-03-05,META-CAM-007,Meta Ads,META-ACC-001,Meta Campaign 07,Lead Generation,1218.9,92049,69730,2164,194,86,11738.74,USD,2026-03-05 23:30:00
2026-03-06,META-CAM-007,Meta Ads,META-ACC-001,Meta Campaign 07,Lead Generation,781.61,74964,43947,3141,250,126,11409.04,USD,2026-03-06 23:30:00
2026-03-07,META-CAM-007,Meta Ads,META-ACC-001,Meta Campaign 07,Lead Generation,730.88,119931,73846,4216,429,192,19202.39,USD,2026-03-07 23:30:00
2026-03-08,META-CAM-007,Meta Ads,META-ACC-001,Meta Campaign 07,Lead Generation,565.41,58035,43659,2011,171,94,13855.87,USD,2026-03-08 23:30:00
2026-03-09,META-CAM-007,Meta Ads,META-ACC-001,Meta Campaign 07,Lead Generation,845.82,86282,68239,1628,88,38,7446.28,USD,2026-03-09 23:30:00
2026-03-10,META-CAM-007,Meta Ads,META-ACC-001,Meta Campaign 07,Lead Generation,928.84,114503,79416,2989,327,163,14773.13,USD,2026-03-10 23:30:00
2026-03-11,META-CAM-007,Meta Ads,META-ACC-001,Meta Campaign 07,Lead Generation,1216.01,124236,70049,4688,474,209,28132.35,USD,2026-03-11 23:30:00
2026-03-12,META-CAM-007,Meta Ads,META-ACC-001,Meta Campaign 07,Lead Generation,1116.11,169185,120093,3668,362,172,36172.08,USD,2026-03-12 23:30:00
2026-03-13,META-CAM-007,Meta Ads,META-ACC-001,Meta Campaign 07,Lead Generation,939.67,147991,115641,3917,227,108,14561.4,USD,2026-03-13 23:30:00
2026-03-14,META-CAM-007,Meta Ads,META-ACC-001,Meta Campaign 07,Lead Generation,474.17,50059,42446,604,73,28,3398.36,USD,2026-03-14 23:30:00
2026-03-15,META-CAM-007,Meta Ads,META-ACC-001,Meta Campaign 07,Lead Generation,489.54,61146,36987,1020,65,30,5279.5,USD,2026-03-15 23:30:00
2026-03-16,META-CAM-007,Meta Ads,META-ACC-001,Meta Campaign 07,Lead Generation,1107.43,81769,57148,2356,138,68,10135.7,USD,2026-03-16 23:30:00
2026-03-17,META-CAM-007,Meta Ads,META-ACC-001,Meta Campaign 07,Lead Generation,746.88,131905,104824,3107,286,142,12212.02,USD,2026-03-17 23:30:00
2026-03-18,META-CAM-007,Meta Ads,META-ACC-001,Meta Campaign 07,Lead Generation,881.41,70028,60486,886,57,37,6554.77,USD,2026-03-18 23:30:00
2026-03-19,META-CAM-007,Meta Ads,META-ACC-001,Meta Campaign 07,Lead Generation,1038.07,75121,58681,3267,378,205,43001.8,USD,2026-03-19 23:30:00
2026-03-20,META-CAM-007,Meta Ads,META-ACC-001,Meta Campaign 07,Lead Generation,749.78,59737,33254,1651,178,103,21515.35,USD,2026-03-20 23:30:00
2026-03-21,META-CAM-007,Meta Ads,META-ACC-001,Meta Campaign 07,Lead Generation,600.26,63385,52301,1369,171,90,6494.89,USD,2026-03-21 23:30:00
2026-03-22,META-CAM-007,Meta Ads,META-ACC-001,Meta Campaign 07,Lead Generation,635.58,80302,61160,2733,210,108,12724.97,USD,2026-03-22 23:30:00
2026-03-23,META-CAM-007,Meta Ads,META-ACC-001,Meta Campaign 07,Lead Generation,739.07,110278,66227,1540,188,72,10867.78,USD,2026-03-23 23:30:00
2026-03-24,META-CAM-007,Meta Ads,META-ACC-001,Meta Campaign 07,Lead Generation,851.45,79564,48880,2017,157,74,14697.89,USD,2026-03-24 23:30:00
2026-03-25,META-CAM-007,Meta Ads,META-ACC-001,Meta Campaign 07,Lead Generation,1053.88,128986,101450,2083,199,90,9405.05,USD,2026-03-25 23:30:00
2026-03-26,META-CAM-007,Meta Ads,META-ACC-001,Meta Campaign 07,Lead Generation,781.26,125675,74072,2752,125,49,7187.97,USD,2026-03-26 23:30:00
2026-03-27,META-CAM-007,Meta Ads,META-ACC-001,Meta Campaign 07,Lead Generation,1206.13,99514,61597,1280,111,53,8018.76,USD,2026-03-27 23:30:00
2026-03-28,META-CAM-007,Meta Ads,META-ACC-001,Meta Campaign 07,Lead Generation,459.68,48349,32911,819,96,53,8438.76,USD,2026-03-28 23:30:00
2026-03-29,META-CAM-007,Meta Ads,META-ACC-001,Meta Campaign 07,Lead Generation,786.89,59755,33484,785,39,13,2276.75,USD,2026-03-29 23:30:00
2026-03-30,META-CAM-007,Meta Ads,META-ACC-001,Meta Campaign 07,Lead Generation,943.71,77314,49497,1688,159,69,13428.29,USD,2026-03-30 23:30:00
2026-03-31,META-CAM-007,Meta Ads,META-ACC-001,Meta Campaign 07,Lead Generation,814.3,73574,49693,2451,225,131,15403.76,USD,2026-03-31 23:30:00
2026-04-01,META-CAM-007,Meta Ads,META-ACC-001,Meta Campaign 07,Lead Generation,1124.86,103378,70555,3141,130,76,10583.48,USD,2026-04-01 23:30:00
2026-04-02,META-CAM-007,Meta Ads,META-ACC-001,Meta Campaign 07,Lead Generation,976.53,132819,103205,3176,281,124,14951.13,USD,2026-04-02 23:30:00
2026-04-03,META-CAM-007,Meta Ads,META-ACC-001,Meta Campaign 07,Lead Generation,872.69,86562,51043,2083,207,103,8209.65,USD,2026-04-03 23:30:00
2026-04-04,META-CAM-007,Meta Ads,META-ACC-001,Meta Campaign 07,Lead Generation,642.19,46150,30004,1476,101,64,6486.66,USD,2026-04-04 23:30:00
2026-04-05,META-CAM-007,Meta Ads,META-ACC-001,Meta Campaign 07,Lead Generation,745.9,65713,38162,1567,88,50,5385.55,USD,2026-04-05 23:30:00
2026-04-06,META-CAM-007,Meta Ads,META-ACC-001,Meta Campaign 07,Lead Generation,1092.47,99750,56912,3174,310,144,22033.92,USD,2026-04-06 23:30:00
2026-04-07,META-CAM-007,Meta Ads,META-ACC-001,Meta Campaign 07,Lead Generation,696.42,64000,37376,2331,153,99,14518.13,USD,2026-04-07 23:30:00
2026-04-08,META-CAM-007,Meta Ads,META-ACC-001,Meta Campaign 07,Lead Generation,686.65,58678,49949,2444,149,74,10396.85,USD,2026-04-08 23:30:00
2026-04-09,META-CAM-007,Meta Ads,META-ACC-001,Meta Campaign 07,Lead Generation,975.91,88852,58698,3150,427,195,37135.29,USD,2026-04-09 23:30:00
2026-04-10,META-CAM-007,Meta Ads,META-ACC-001,Meta Campaign 07,Lead Generation,704.14,57462,51291,877,66,34,5023.58,USD,2026-04-10 23:30:00
2026-04-11,META-CAM-007,Meta Ads,META-ACC-001,Meta Campaign 07,Lead Generation,531.93,54361,40572,1576,113,51,11471.31,USD,2026-04-11 23:30:00
2026-04-12,META-CAM-007,Meta Ads,META-ACC-001,Meta Campaign 07,Lead Generation,553.85,54568,46708,1170,129,70,4988.27,USD,2026-04-12 23:30:00
2026-04-13,META-CAM-007,Meta Ads,META-ACC-001,Meta Campaign 07,Lead Generation,746.11,136784,103090,3557,172,120,7745.08,USD,2026-04-13 23:30:00
2026-04-14,META-CAM-007,Meta Ads,META-ACC-001,Meta Campaign 07,Lead Generation,1039.78,132176,100020,3257,260,139,17552.23,USD,2026-04-14 23:30:00
2026-04-15,META-CAM-007,Meta Ads,META-ACC-001,Meta Campaign 07,Lead Generation,757.54,100989,72095,2076,206,119,16221.54,USD,2026-04-15 23:30:00
2026-04-16,META-CAM-007,Meta Ads,META-ACC-001,Meta Campaign 07,Lead Generation,1022.41,156790,105107,2095,131,78,6044.51,USD,2026-04-16 23:30:00
2026-04-17,META-CAM-007,Meta Ads,META-ACC-001,Meta Campaign 07,Lead Generation,803.0,84962,48306,3314,374,200,36138.63,USD,2026-04-17 23:30:00
2026-04-18,META-CAM-007,Meta Ads,META-ACC-001,Meta Campaign 07,Lead Generation,589.0,106314,74051,4026,493,254,35715.64,USD,2026-04-18 23:30:00
2026-04-19,META-CAM-007,Meta Ads,META-ACC-001,Meta Campaign 07,Lead Generation,728.31,96064,86135,2228,195,84,8691.6,USD,2026-04-19 23:30:00
2026-04-20,META-CAM-007,Meta Ads,META-ACC-001,Meta Campaign 07,Lead Generation,1204.46,112773,85582,4306,190,91,19444.22,USD,2026-04-20 23:30:00
2026-04-21,META-CAM-007,Meta Ads,META-ACC-001,Meta Campaign 07,Lead Generation,782.51,76608,59992,2585,299,150,28302.09,USD,2026-04-21 23:30:00
2026-04-22,META-CAM-007,Meta Ads,META-ACC-001,Meta Campaign 07,Lead Generation,1116.26,137059,92628,3021,297,158,23074.88,USD,2026-04-22 23:30:00
2026-04-23,META-CAM-007,Meta Ads,META-ACC-001,Meta Campaign 07,Lead Generation,746.34,98376,69758,2322,118,77,12877.55,USD,2026-04-23 23:30:00
2026-04-24,META-CAM-007,Meta Ads,META-ACC-001,Meta Campaign 07,Lead Generation,719.66,58039,39322,2168,249,119,21248.49,USD,2026-04-24 23:30:00
2026-04-25,META-CAM-007,Meta Ads,META-ACC-001,Meta Campaign 07,Lead Generation,640.73,105025,94256,1600,103,62,12923.56,USD,2026-04-25 23:30:00
2026-04-26,META-CAM-007,Meta Ads,META-ACC-001,Meta Campaign 07,Lead Generation,753.6,88798,74285,2805,133,64,5028.68,USD,2026-04-26 23:30:00
2026-04-27,META-CAM-007,Meta Ads,META-ACC-001,Meta Campaign 07,Lead Generation,736.07,91165,61489,3649,469,217,23496.11,USD,2026-04-27 23:30:00
2026-04-28,META-CAM-007,Meta Ads,META-ACC-001,Meta Campaign 07,Lead Generation,1010.24,178194,141854,7176,854,430,57123.44,USD,2026-04-28 23:30:00
2026-04-29,META-CAM-007,Meta Ads,META-ACC-001,Meta Campaign 07,Lead Generation,867.15,106789,80248,2445,169,80,12001.56,USD,2026-04-29 23:30:00
2026-04-30,META-CAM-007,Meta Ads,META-ACC-001,Meta Campaign 07,Lead Generation,1157.52,136928,121638,3545,386,219,24116.83,USD,2026-04-30 23:30:00
2026-05-01,META-CAM-007,Meta Ads,META-ACC-001,Meta Campaign 07,Lead Generation,767.78,101774,58085,1739,127,69,10163.78,USD,2026-05-01 23:30:00
2026-05-02,META-CAM-007,Meta Ads,META-ACC-001,Meta Campaign 07,Lead Generation,666.86,91102,74117,2567,343,158,21925.89,USD,2026-05-02 23:30:00
2026-05-03,META-CAM-007,Meta Ads,META-ACC-001,Meta Campaign 07,Lead Generation,734.42,87348,76183,2893,142,81,15550.67,USD,2026-05-03 23:30:00
2026-05-04,META-CAM-007,Meta Ads,META-ACC-001,Meta Campaign 07,Lead Generation,1134.17,137696,101181,5195,627,307,36072.98,USD,2026-05-04 23:30:00
2026-05-05,META-CAM-007,Meta Ads,META-ACC-001,Meta Campaign 07,Lead Generation,990.26,162046,140964,3290,325,128,20685.01,USD,2026-05-05 23:30:00
2026-05-06,META-CAM-007,Meta Ads,META-ACC-001,Meta Campaign 07,Lead Generation,993.54,92133,77696,3155,331,180,18600.42,USD,2026-05-06 23:30:00
2026-05-07,META-CAM-007,Meta Ads,META-ACC-001,Meta Campaign 07,Lead Generation,1229.27,131601,115592,5493,444,217,36272.04,USD,2026-05-07 23:30:00
2026-05-08,META-CAM-007,Meta Ads,META-ACC-001,Meta Campaign 07,Lead Generation,956.98,74801,62270,1082,51,22,3771.88,USD,2026-05-08 23:30:00
2026-05-09,META-CAM-007,Meta Ads,META-ACC-001,Meta Campaign 07,Lead Generation,797.8,66107,38703,828,33,16,2455.12,USD,2026-05-09 23:30:00
2026-05-10,META-CAM-007,Meta Ads,META-ACC-001,Meta Campaign 07,Lead Generation,732.03,79510,49678,2704,240,120,21610.66,USD,2026-05-10 23:30:00
2026-05-11,META-CAM-007,Meta Ads,META-ACC-001,Meta Campaign 07,Lead Generation,1102.62,82527,64882,1052,112,58,8727.5,USD,2026-05-11 23:30:00
2026-05-12,META-CAM-007,Meta Ads,META-ACC-001,Meta Campaign 07,Lead Generation,1066.03,95292,69020,3893,391,205,29328.35,USD,2026-05-12 23:30:00
2026-05-13,META-CAM-007,Meta Ads,META-ACC-001,Meta Campaign 07,Lead Generation,964.39,91490,51972,3990,328,129,22821.12,USD,2026-05-13 23:30:00
2026-05-14,META-CAM-007,Meta Ads,META-ACC-001,Meta Campaign 07,Lead Generation,925.48,117284,97240,3809,421,244,47054.18,USD,2026-05-14 23:30:00
2026-05-15,META-CAM-007,Meta Ads,META-ACC-001,Meta Campaign 07,Lead Generation,1084.26,82684,69810,1576,159,79,15144.0,USD,2026-05-15 23:30:00
2026-05-16,META-CAM-007,Meta Ads,META-ACC-001,Meta Campaign 07,Lead Generation,510.12,85848,58703,3721,206,118,13674.91,USD,2026-05-16 23:30:00
2026-05-17,META-CAM-007,Meta Ads,META-ACC-001,Meta Campaign 07,Lead Generation,534.04,63621,50588,1262,151,68,10474.21,USD,2026-05-17 23:30:00
2026-05-18,META-CAM-007,Meta Ads,META-ACC-001,Meta Campaign 07,Lead Generation,888.79,102092,83560,2290,286,138,16347.67,USD,2026-05-18 23:30:00
2026-05-19,META-CAM-007,Meta Ads,META-ACC-001,Meta Campaign 07,Lead Generation,704.81,63331,42968,1715,147,69,6883.73,USD,2026-05-19 23:30:00
2026-05-20,META-CAM-007,Meta Ads,META-ACC-001,Meta Campaign 07,Lead Generation,701.02,82087,51833,1304,85,36,3523.74,USD,2026-05-20 23:30:00
2026-05-21,META-CAM-007,Meta Ads,META-ACC-001,Meta Campaign 07,Lead Generation,807.95,58264,43352,2305,92,37,6014.59,USD,2026-05-21 23:30:00
2026-05-22,META-CAM-007,Meta Ads,META-ACC-001,Meta Campaign 07,Lead Generation,667.37,48365,34644,1834,199,98,10579.19,USD,2026-05-22 23:30:00
2026-05-23,META-CAM-007,Meta Ads,META-ACC-001,Meta Campaign 07,Lead Generation,602.51,49496,37607,1150,142,77,10522.64,USD,2026-05-23 23:30:00
2026-05-24,META-CAM-007,Meta Ads,META-ACC-001,Meta Campaign 07,Lead Generation,526.43,40131,25284,1247,121,70,11557.81,USD,2026-05-24 23:30:00
2026-05-25,META-CAM-007,Meta Ads,META-ACC-001,Meta Campaign 07,Lead Generation,1030.89,136666,100403,2455,234,118,16639.59,USD,2026-05-25 23:30:00
2026-05-26,META-CAM-007,Meta Ads,META-ACC-001,Meta Campaign 07,Lead Generation,762.33,96341,85080,3669,429,210,35353.21,USD,2026-05-26 23:30:00
2026-05-27,META-CAM-007,Meta Ads,META-ACC-001,Meta Campaign 07,Lead Generation,1180.14,88521,74937,2991,119,72,9287.4,USD,2026-05-27 23:30:00
2026-05-28,META-CAM-007,Meta Ads,META-ACC-001,Meta Campaign 07,Lead Generation,709.64,57048,47540,2392,116,75,6472.77,USD,2026-05-28 23:30:00
2026-05-29,META-CAM-007,Meta Ads,META-ACC-001,Meta Campaign 07,Lead Generation,785.03,67562,52041,2347,100,52,10472.99,USD,2026-05-29 23:30:00
2026-05-30,META-CAM-007,Meta Ads,META-ACC-001,Meta Campaign 07,Lead Generation,510.64,93623,64155,2020,218,115,9260.7,USD,2026-05-30 23:30:00
2026-05-31,META-CAM-007,Meta Ads,META-ACC-001,Meta Campaign 07,Lead Generation,513.08,84125,64778,2897,174,86,14030.74,USD,2026-05-31 23:30:00
2026-06-01,META-CAM-007,Meta Ads,META-ACC-001,Meta Campaign 07,Lead Generation,1103.94,189839,105704,5196,310,150,21819.71,USD,2026-06-01 23:30:00
2026-06-02,META-CAM-007,Meta Ads,META-ACC-001,Meta Campaign 07,Lead Generation,1210.39,140595,98756,2881,278,130,16428.34,USD,2026-06-02 23:30:00
2026-06-03,META-CAM-007,Meta Ads,META-ACC-001,Meta Campaign 07,Lead Generation,1128.35,86393,68019,3744,347,203,24322.51,USD,2026-06-03 23:30:00
2026-06-04,META-CAM-007,Meta Ads,META-ACC-001,Meta Campaign 07,Lead Generation,844.55,70922,63479,1964,101,50,9267.18,USD,2026-06-04 23:30:00
2026-06-05,META-CAM-007,Meta Ads,META-ACC-001,Meta Campaign 07,Lead Generation,681.34,84637,65378,3728,210,98,7052.52,USD,2026-06-05 23:30:00
2026-06-06,META-CAM-007,Meta Ads,META-ACC-001,Meta Campaign 07,Lead Generation,565.38,87413,65241,3260,285,192,41478.91,USD,2026-06-06 23:30:00
2026-06-07,META-CAM-007,Meta Ads,META-ACC-001,Meta Campaign 07,Lead Generation,446.58,80113,67509,2794,128,53,9391.06,USD,2026-06-07 23:30:00
2026-06-08,META-CAM-007,Meta Ads,META-ACC-001,Meta Campaign 07,Lead Generation,890.44,96733,70278,2187,171,94,9825.58,USD,2026-06-08 23:30:00
2026-06-09,META-CAM-007,Meta Ads,META-ACC-001,Meta Campaign 07,Lead Generation,776.54,126768,110472,4645,424,229,50686.46,USD,2026-06-09 23:30:00
2026-06-10,META-CAM-007,Meta Ads,META-ACC-001,Meta Campaign 07,Lead Generation,838.92,73097,40823,993,105,51,7611.44,USD,2026-06-10 23:30:00
2026-06-11,META-CAM-007,Meta Ads,META-ACC-001,Meta Campaign 07,Lead Generation,770.02,89793,61739,2507,154,74,5121.78,USD,2026-06-11 23:30:00
2026-06-12,META-CAM-007,Meta Ads,META-ACC-001,Meta Campaign 07,Lead Generation,1088.15,184200,109330,3263,223,97,10194.75,USD,2026-06-12 23:30:00
2026-06-13,META-CAM-007,Meta Ads,META-ACC-001,Meta Campaign 07,Lead Generation,531.33,98311,86785,4227,316,162,35681.3,USD,2026-06-13 23:30:00
2026-06-14,META-CAM-007,Meta Ads,META-ACC-001,Meta Campaign 07,Lead Generation,708.97,89499,75503,2311,239,101,10497.59,USD,2026-06-14 23:30:00
2026-06-15,META-CAM-007,Meta Ads,META-ACC-001,Meta Campaign 07,Lead Generation,795.42,117985,71280,4563,486,241,38280.23,USD,2026-06-15 23:30:00
2026-06-16,META-CAM-007,Meta Ads,META-ACC-001,Meta Campaign 07,Lead Generation,1129.37,111157,77251,4861,616,276,49902.2,USD,2026-06-16 23:30:00
2026-06-17,META-CAM-007,Meta Ads,META-ACC-001,Meta Campaign 07,Lead Generation,925.33,115552,79676,2196,214,89,13728.8,USD,2026-06-17 23:30:00
2026-06-18,META-CAM-007,Meta Ads,META-ACC-001,Meta Campaign 07,Lead Generation,868.65,156844,134025,3722,397,189,30585.71,USD,2026-06-18 23:30:00
2026-06-19,META-CAM-007,Meta Ads,META-ACC-001,Meta Campaign 07,Lead Generation,1038.47,193946,109330,6537,760,401,38067.35,USD,2026-06-19 23:30:00
2026-06-20,META-CAM-007,Meta Ads,META-ACC-001,Meta Campaign 07,Lead Generation,704.7,119682,101427,1832,109,60,5934.03,USD,2026-06-20 23:30:00
2026-06-21,META-CAM-007,Meta Ads,META-ACC-001,Meta Campaign 07,Lead Generation,630.05,55412,35773,2254,115,57,10234.71,USD,2026-06-21 23:30:00
2026-06-22,META-CAM-007,Meta Ads,META-ACC-001,Meta Campaign 07,Lead Generation,1155.63,223212,160899,3167,409,219,27024.5,USD,2026-06-22 23:30:00
2026-06-23,META-CAM-007,Meta Ads,META-ACC-001,Meta Campaign 07,Lead Generation,1008.59,171274,120949,5884,520,270,45935.34,USD,2026-06-23 23:30:00
2026-06-24,META-CAM-007,Meta Ads,META-ACC-001,Meta Campaign 07,Lead Generation,795.31,72947,42822,1917,137,59,6278.28,USD,2026-06-24 23:30:00
2026-01-06,META-CAM-008,Meta Ads,META-ACC-001,Meta Campaign 08,Lead Generation,416.29,31689,22348,807,94,46,5149.61,USD,2026-01-06 23:30:00
2026-01-07,META-CAM-008,Meta Ads,META-ACC-001,Meta Campaign 08,Lead Generation,344.88,27885,24089,562,30,24,5084.94,USD,2026-01-07 23:30:00
2026-01-08,META-CAM-008,Meta Ads,META-ACC-001,Meta Campaign 08,Lead Generation,336.88,24309,16540,614,71,41,5705.87,USD,2026-01-08 23:30:00
2026-01-09,META-CAM-008,Meta Ads,META-ACC-001,Meta Campaign 08,Lead Generation,371.99,45234,28947,2033,132,84,8863.25,USD,2026-01-09 23:30:00
2026-01-10,META-CAM-008,Meta Ads,META-ACC-001,Meta Campaign 08,Lead Generation,284.16,36619,32721,1003,115,66,11667.96,USD,2026-01-10 23:30:00
2026-01-11,META-CAM-008,Meta Ads,META-ACC-001,Meta Campaign 08,Lead Generation,191.64,29927,21267,652,54,23,2828.02,USD,2026-01-11 23:30:00
2026-01-12,META-CAM-008,Meta Ads,META-ACC-001,Meta Campaign 08,Lead Generation,434.35,43398,34309,1172,142,71,10618.61,USD,2026-01-12 23:30:00
2026-01-13,META-CAM-008,Meta Ads,META-ACC-001,Meta Campaign 08,Lead Generation,342.6,48800,27128,1646,172,77,11462.13,USD,2026-01-13 23:30:00
2026-01-14,META-CAM-008,Meta Ads,META-ACC-001,Meta Campaign 08,Lead Generation,401.38,62343,45764,1523,87,43,4663.14,USD,2026-01-14 23:30:00
2026-01-15,META-CAM-008,Meta Ads,META-ACC-001,Meta Campaign 08,Lead Generation,331.72,35918,24242,1282,68,30,6213.55,USD,2026-01-15 23:30:00
2026-01-16,META-CAM-008,Meta Ads,META-ACC-001,Meta Campaign 08,Lead Generation,434.52,56954,47893,1094,129,66,6787.92,USD,2026-01-16 23:30:00
2026-01-17,META-CAM-008,Meta Ads,META-ACC-001,Meta Campaign 08,Lead Generation,283.22,22616,14128,711,60,37,6447.7,USD,2026-01-17 23:30:00
2026-01-18,META-CAM-008,Meta Ads,META-ACC-001,Meta Campaign 08,Lead Generation,185.65,26240,20083,834,55,25,2437.45,USD,2026-01-18 23:30:00
2026-01-19,META-CAM-008,Meta Ads,META-ACC-001,Meta Campaign 08,Lead Generation,388.11,31298,27190,976,129,46,7164.1,USD,2026-01-19 23:30:00
2026-01-20,META-CAM-008,Meta Ads,META-ACC-001,Meta Campaign 08,Lead Generation,301.71,23177,20849,445,46,26,1823.71,USD,2026-01-20 23:30:00
2026-01-21,META-CAM-008,Meta Ads,META-ACC-001,Meta Campaign 08,Lead Generation,375.83,34046,29887,864,44,25,3867.94,USD,2026-01-21 23:30:00
2026-01-22,META-CAM-008,Meta Ads,META-ACC-001,Meta Campaign 08,Lead Generation,346.84,29857,26016,926,54,29,2544.99,USD,2026-01-22 23:30:00
2026-01-23,META-CAM-008,Meta Ads,META-ACC-001,Meta Campaign 08,Lead Generation,340.82,34397,24607,776,45,27,2625.34,USD,2026-01-23 23:30:00
2026-01-24,META-CAM-008,Meta Ads,META-ACC-001,Meta Campaign 08,Lead Generation,174.14,17338,11605,616,67,25,1955.77,USD,2026-01-24 23:30:00
2026-01-25,META-CAM-008,Meta Ads,META-ACC-001,Meta Campaign 08,Lead Generation,287.96,24527,14145,652,60,28,2921.82,USD,2026-01-25 23:30:00
2026-01-26,META-CAM-008,Meta Ads,META-ACC-001,Meta Campaign 08,Lead Generation,335.09,43105,37987,1405,145,59,6490.97,USD,2026-01-26 23:30:00
2026-01-27,META-CAM-008,Meta Ads,META-ACC-001,Meta Campaign 08,Lead Generation,389.39,61902,47297,746,40,18,2335.99,USD,2026-01-27 23:30:00
2026-01-28,META-CAM-008,Meta Ads,META-ACC-001,Meta Campaign 08,Lead Generation,346.62,53246,33240,1994,180,117,13122.03,USD,2026-01-28 23:30:00
2026-01-29,META-CAM-008,Meta Ads,META-ACC-001,Meta Campaign 08,Lead Generation,414.75,30991,25044,1029,125,58,6727.33,USD,2026-01-29 23:30:00
2026-01-30,META-CAM-008,Meta Ads,META-ACC-001,Meta Campaign 08,Lead Generation,264.01,21917,19425,377,26,14,1764.94,USD,2026-01-30 23:30:00
2026-01-31,META-CAM-008,Meta Ads,META-ACC-001,Meta Campaign 08,Lead Generation,254.32,48117,26667,1516,164,87,13487.3,USD,2026-01-31 23:30:00
2026-02-01,META-CAM-008,Meta Ads,META-ACC-001,Meta Campaign 08,Lead Generation,261.16,21179,13618,751,65,29,5380.87,USD,2026-02-01 23:30:00
2026-02-02,META-CAM-008,Meta Ads,META-ACC-001,Meta Campaign 08,Lead Generation,414.33,33503,22725,1298,108,51,8389.62,USD,2026-02-02 23:30:00
2026-02-03,META-CAM-008,Meta Ads,META-ACC-001,Meta Campaign 08,Lead Generation,330.81,59253,44709,1956,238,105,15541.38,USD,2026-02-03 23:30:00
2026-02-04,META-CAM-008,Meta Ads,META-ACC-001,Meta Campaign 08,Lead Generation,348.88,54839,42366,2257,145,67,10163.02,USD,2026-02-04 23:30:00
2026-02-05,META-CAM-008,Meta Ads,META-ACC-001,Meta Campaign 08,Lead Generation,425.54,70285,55209,2287,191,90,15093.1,USD,2026-02-05 23:30:00
2026-02-06,META-CAM-008,Meta Ads,META-ACC-001,Meta Campaign 08,Lead Generation,331.97,31686,20683,1056,58,23,2268.24,USD,2026-02-06 23:30:00
2026-02-07,META-CAM-008,Meta Ads,META-ACC-001,Meta Campaign 08,Lead Generation,251.9,32120,20500,605,66,29,2577.24,USD,2026-02-07 23:30:00
2026-02-08,META-CAM-008,Meta Ads,META-ACC-001,Meta Campaign 08,Lead Generation,209.24,29048,16708,646,65,25,2006.63,USD,2026-02-08 23:30:00
2026-02-09,META-CAM-008,Meta Ads,META-ACC-001,Meta Campaign 08,Lead Generation,436.97,32040,19402,826,62,30,5983.59,USD,2026-02-09 23:30:00
2026-02-10,META-CAM-008,Meta Ads,META-ACC-001,Meta Campaign 08,Lead Generation,282.94,29135,25399,1065,74,23,5296.58,USD,2026-02-10 23:30:00
2026-02-11,META-CAM-008,Meta Ads,META-ACC-001,Meta Campaign 08,Lead Generation,447.03,69108,43977,2103,184,75,10727.16,USD,2026-02-11 23:30:00
2026-02-12,META-CAM-008,Meta Ads,META-ACC-001,Meta Campaign 08,Lead Generation,288.6,33793,19709,1465,168,77,12126.17,USD,2026-02-12 23:30:00
2026-02-13,META-CAM-008,Meta Ads,META-ACC-001,Meta Campaign 08,Lead Generation,394.15,75667,46915,2278,142,68,5678.03,USD,2026-02-13 23:30:00
2026-02-14,META-CAM-008,Meta Ads,META-ACC-001,Meta Campaign 08,Lead Generation,285.27,23119,17323,676,38,13,2027.35,USD,2026-02-14 23:30:00
2026-02-15,META-CAM-008,Meta Ads,META-ACC-001,Meta Campaign 08,Lead Generation,221.97,23204,14150,977,110,68,14090.77,USD,2026-02-15 23:30:00
2026-02-16,META-CAM-008,Meta Ads,META-ACC-001,Meta Campaign 08,Lead Generation,355.23,32129,18134,776,49,20,2436.07,USD,2026-02-16 23:30:00
2026-02-17,META-CAM-008,Meta Ads,META-ACC-001,Meta Campaign 08,Lead Generation,303.13,28669,23129,570,21,22,3986.43,USD,2026-02-17 23:30:00
2026-02-18,META-CAM-008,Meta Ads,META-ACC-001,Meta Campaign 08,Lead Generation,399.14,30635,20517,532,55,31,4635.05,USD,2026-02-18 23:30:00
2026-02-19,META-CAM-008,Meta Ads,META-ACC-001,Meta Campaign 08,Lead Generation,391.15,36693,29435,454,43,31,4293.67,USD,2026-02-19 23:30:00
2026-02-20,META-CAM-008,Meta Ads,META-ACC-001,Meta Campaign 08,Lead Generation,380.95,33052,29140,1141,77,28,2635.32,USD,2026-02-20 23:30:00
2026-02-21,META-CAM-008,Meta Ads,META-ACC-001,Meta Campaign 08,Lead Generation,287.0,29980,19337,915,110,46,8223.79,USD,2026-02-21 23:30:00
2026-02-22,META-CAM-008,Meta Ads,META-ACC-001,Meta Campaign 08,Lead Generation,172.53,19877,10932,714,37,24,4202.2,USD,2026-02-22 23:30:00
2026-02-23,META-CAM-008,Meta Ads,META-ACC-001,Meta Campaign 08,Lead Generation,351.34,27030,15499,331,33,14,1752.88,USD,2026-02-23 23:30:00
2026-02-24,META-CAM-008,Meta Ads,META-ACC-001,Meta Campaign 08,Lead Generation,308.19,55067,44577,685,39,18,3129.99,USD,2026-02-24 23:30:00
2026-02-25,META-CAM-008,Meta Ads,META-ACC-001,Meta Campaign 08,Lead Generation,430.12,41912,24452,884,93,43,4293.78,USD,2026-02-25 23:30:00
2026-02-26,META-CAM-008,Meta Ads,META-ACC-001,Meta Campaign 08,Lead Generation,324.23,32771,28079,1323,160,82,13367.52,USD,2026-02-26 23:30:00
2026-02-27,META-CAM-008,Meta Ads,META-ACC-001,Meta Campaign 08,Lead Generation,415.76,34306,28270,437,29,10,2127.72,USD,2026-02-27 23:30:00
2026-02-28,META-CAM-008,Meta Ads,META-ACC-001,Meta Campaign 08,Lead Generation,177.75,25812,20573,931,52,25,4234.15,USD,2026-02-28 23:30:00
2026-03-01,META-CAM-008,Meta Ads,META-ACC-001,Meta Campaign 08,Lead Generation,253.61,30019,16849,677,91,44,7662.26,USD,2026-03-01 23:30:00
2026-03-02,META-CAM-008,Meta Ads,META-ACC-001,Meta Campaign 08,Lead Generation,301.96,37661,31159,1056,42,18,3865.87,USD,2026-03-02 23:30:00
2026-03-03,META-CAM-008,Meta Ads,META-ACC-001,Meta Campaign 08,Lead Generation,249.94,20763,17776,309,16,7,868.73,USD,2026-03-03 23:30:00
2026-03-04,META-CAM-008,Meta Ads,META-ACC-001,Meta Campaign 08,Lead Generation,411.34,36272,23273,1258,57,24,2218.15,USD,2026-03-04 23:30:00
2026-03-05,META-CAM-008,Meta Ads,META-ACC-001,Meta Campaign 08,Lead Generation,317.64,35131,21408,597,59,35,5337.58,USD,2026-03-05 23:30:00
2026-03-06,META-CAM-008,Meta Ads,META-ACC-001,Meta Campaign 08,Lead Generation,444.43,55504,48642,1424,175,103,10062.23,USD,2026-03-06 23:30:00
2026-03-07,META-CAM-008,Meta Ads,META-ACC-001,Meta Campaign 08,Lead Generation,267.68,31850,26915,426,43,15,1989.9,USD,2026-03-07 23:30:00
2026-03-08,META-CAM-008,Meta Ads,META-ACC-001,Meta Campaign 08,Lead Generation,242.24,41787,28188,536,30,11,1107.76,USD,2026-03-08 23:30:00
2026-03-09,META-CAM-008,Meta Ads,META-ACC-001,Meta Campaign 08,Lead Generation,255.53,23920,16526,1007,94,68,14922.98,USD,2026-03-09 23:30:00
2026-03-10,META-CAM-008,Meta Ads,META-ACC-001,Meta Campaign 08,Lead Generation,316.44,29554,23083,768,61,35,5850.99,USD,2026-03-10 23:30:00
2026-03-11,META-CAM-008,Meta Ads,META-ACC-001,Meta Campaign 08,Lead Generation,352.11,51973,31415,1910,100,54,3984.48,USD,2026-03-11 23:30:00
2026-03-12,META-CAM-008,Meta Ads,META-ACC-001,Meta Campaign 08,Lead Generation,356.8,25608,22950,562,60,27,3134.27,USD,2026-03-12 23:30:00
2026-03-13,META-CAM-008,Meta Ads,META-ACC-001,Meta Campaign 08,Lead Generation,320.41,54170,40064,2141,168,77,10702.36,USD,2026-03-13 23:30:00
2026-03-14,META-CAM-008,Meta Ads,META-ACC-001,Meta Campaign 08,Lead Generation,235.32,17104,11567,608,46,19,4294.71,USD,2026-03-14 23:30:00
2026-03-15,META-CAM-008,Meta Ads,META-ACC-001,Meta Campaign 08,Lead Generation,241.05,27041,20706,700,40,14,2442.74,USD,2026-03-15 23:30:00
2026-03-16,META-CAM-008,Meta Ads,META-ACC-001,Meta Campaign 08,Lead Generation,430.47,75515,63600,1765,229,101,14087.82,USD,2026-03-16 23:30:00
2026-03-17,META-CAM-008,Meta Ads,META-ACC-001,Meta Campaign 08,Lead Generation,259.06,37041,32724,1497,147,77,12317.63,USD,2026-03-17 23:30:00
2026-03-18,META-CAM-008,Meta Ads,META-ACC-001,Meta Campaign 08,Lead Generation,369.57,31094,27556,1384,94,54,8489.54,USD,2026-03-18 23:30:00
2026-03-19,META-CAM-008,Meta Ads,META-ACC-001,Meta Campaign 08,Lead Generation,324.95,46947,40265,2108,198,125,23219.29,USD,2026-03-19 23:30:00
2026-03-20,META-CAM-008,Meta Ads,META-ACC-001,Meta Campaign 08,Lead Generation,446.75,67642,43637,2458,97,49,9732.35,USD,2026-03-20 23:30:00
2026-03-21,META-CAM-008,Meta Ads,META-ACC-001,Meta Campaign 08,Lead Generation,241.24,26051,20999,328,13,7,506.83,USD,2026-03-21 23:30:00
2026-03-22,META-CAM-008,Meta Ads,META-ACC-001,Meta Campaign 08,Lead Generation,170.71,22508,13964,1000,103,43,5610.86,USD,2026-03-22 23:30:00
2026-03-23,META-CAM-008,Meta Ads,META-ACC-001,Meta Campaign 08,Lead Generation,325.5,31434,26327,398,23,16,2918.86,USD,2026-03-23 23:30:00
2026-03-24,META-CAM-008,Meta Ads,META-ACC-001,Meta Campaign 08,Lead Generation,297.89,27919,20968,1059,109,69,14813.35,USD,2026-03-24 23:30:00
2026-03-25,META-CAM-008,Meta Ads,META-ACC-001,Meta Campaign 08,Lead Generation,350.56,27846,19066,574,47,22,1829.63,USD,2026-03-25 23:30:00
2026-03-26,META-CAM-008,Meta Ads,META-ACC-001,Meta Campaign 08,Lead Generation,276.42,31814,21438,717,44,21,2200.99,USD,2026-03-26 23:30:00
2026-03-27,META-CAM-008,Meta Ads,META-ACC-001,Meta Campaign 08,Lead Generation,367.68,46596,35738,1999,161,74,10826.4,USD,2026-03-27 23:30:00
2026-03-28,META-CAM-008,Meta Ads,META-ACC-001,Meta Campaign 08,Lead Generation,180.64,22243,13421,728,25,17,3116.4,USD,2026-03-28 23:30:00
2026-03-29,META-CAM-008,Meta Ads,META-ACC-001,Meta Campaign 08,Lead Generation,230.25,31885,25265,559,56,22,2977.24,USD,2026-03-29 23:30:00
2026-03-30,META-CAM-008,Meta Ads,META-ACC-001,Meta Campaign 08,Lead Generation,335.87,30278,18837,915,127,51,7243.08,USD,2026-03-30 23:30:00
2026-03-31,META-CAM-008,Meta Ads,META-ACC-001,Meta Campaign 08,Lead Generation,423.9,33794,23565,1520,106,58,12040.0,USD,2026-03-31 23:30:00
2026-04-01,META-CAM-008,Meta Ads,META-ACC-001,Meta Campaign 08,Lead Generation,397.97,57283,49193,1712,208,83,15071.84,USD,2026-04-01 23:30:00
2026-04-02,META-CAM-008,Meta Ads,META-ACC-001,Meta Campaign 08,Lead Generation,308.48,29270,20910,1120,84,40,5709.21,USD,2026-04-02 23:30:00
2026-04-03,META-CAM-008,Meta Ads,META-ACC-001,Meta Campaign 08,Lead Generation,397.39,55518,33593,2397,257,107,16672.64,USD,2026-04-03 23:30:00
2026-04-04,META-CAM-008,Meta Ads,META-ACC-001,Meta Campaign 08,Lead Generation,237.44,18710,15443,581,51,15,1070.46,USD,2026-04-04 23:30:00
2026-04-05,META-CAM-008,Meta Ads,META-ACC-001,Meta Campaign 08,Lead Generation,197.78,25452,16819,492,35,27,4878.44,USD,2026-04-05 23:30:00
2026-04-06,META-CAM-008,Meta Ads,META-ACC-001,Meta Campaign 08,Lead Generation,388.37,62364,50478,1432,109,51,8298.05,USD,2026-04-06 23:30:00
2026-04-07,META-CAM-008,Meta Ads,META-ACC-001,Meta Campaign 08,Lead Generation,403.76,57203,33551,2408,211,91,9229.95,USD,2026-04-07 23:30:00
2026-04-08,META-CAM-008,Meta Ads,META-ACC-001,Meta Campaign 08,Lead Generation,286.59,50542,45291,1452,169,92,8001.45,USD,2026-04-08 23:30:00
2026-04-09,META-CAM-008,Meta Ads,META-ACC-001,Meta Campaign 08,Lead Generation,270.91,25994,23236,920,127,62,7426.32,USD,2026-04-09 23:30:00
2026-04-10,META-CAM-008,Meta Ads,META-ACC-001,Meta Campaign 08,Lead Generation,416.27,44102,30335,546,58,35,4501.14,USD,2026-04-10 23:30:00
2026-04-11,META-CAM-008,Meta Ads,META-ACC-001,Meta Campaign 08,Lead Generation,268.11,32092,27490,1336,102,40,5344.94,USD,2026-04-11 23:30:00
2026-04-12,META-CAM-008,Meta Ads,META-ACC-001,Meta Campaign 08,Lead Generation,284.0,29936,21661,578,53,28,2680.7,USD,2026-04-12 23:30:00
2026-04-13,META-CAM-008,Meta Ads,META-ACC-001,Meta Campaign 08,Lead Generation,324.41,46772,40301,575,30,13,1778.53,USD,2026-04-13 23:30:00
2026-04-14,META-CAM-008,Meta Ads,META-ACC-001,Meta Campaign 08,Lead Generation,396.89,43053,34430,794,55,17,3472.67,USD,2026-04-14 23:30:00
2026-04-15,META-CAM-008,Meta Ads,META-ACC-001,Meta Campaign 08,Lead Generation,351.19,40990,27110,545,41,21,4100.16,USD,2026-04-15 23:30:00
2026-04-16,META-CAM-008,Meta Ads,META-ACC-001,Meta Campaign 08,Lead Generation,280.57,26938,20716,923,79,36,7591.45,USD,2026-04-16 23:30:00
2026-04-17,META-CAM-008,Meta Ads,META-ACC-001,Meta Campaign 08,Lead Generation,272.02,20088,11198,719,73,38,5827.76,USD,2026-04-17 23:30:00
2026-04-18,META-CAM-008,Meta Ads,META-ACC-001,Meta Campaign 08,Lead Generation,220.45,35754,31807,1385,140,52,4063.05,USD,2026-04-18 23:30:00
2026-04-19,META-CAM-008,Meta Ads,META-ACC-001,Meta Campaign 08,Lead Generation,205.89,16940,12123,345,25,14,2781.83,USD,2026-04-19 23:30:00
2026-04-20,META-CAM-008,Meta Ads,META-ACC-001,Meta Campaign 08,Lead Generation,362.99,69925,58682,2718,135,73,10306.57,USD,2026-04-20 23:30:00
2026-04-21,META-CAM-008,Meta Ads,META-ACC-001,Meta Campaign 08,Lead Generation,314.28,24166,18044,752,62,26,2076.3,USD,2026-04-21 23:30:00
2026-04-22,META-CAM-008,Meta Ads,META-ACC-001,Meta Campaign 08,Lead Generation,283.32,23407,14338,470,40,19,2673.54,USD,2026-04-22 23:30:00
2026-04-23,META-CAM-008,Meta Ads,META-ACC-001,Meta Campaign 08,Lead Generation,322.67,24632,17521,418,13,10,1513.85,USD,2026-04-23 23:30:00
2026-04-24,META-CAM-008,Meta Ads,META-ACC-001,Meta Campaign 08,Lead Generation,431.88,58367,51642,794,37,14,2556.04,USD,2026-04-24 23:30:00
2026-04-25,META-CAM-008,Meta Ads,META-ACC-001,Meta Campaign 08,Lead Generation,219.57,35264,19516,1556,123,63,14538.12,USD,2026-04-25 23:30:00
2026-04-26,META-CAM-008,Meta Ads,META-ACC-001,Meta Campaign 08,Lead Generation,278.52,27065,15704,1098,126,60,11960.8,USD,2026-04-26 23:30:00
2026-04-27,META-CAM-008,Meta Ads,META-ACC-001,Meta Campaign 08,Lead Generation,261.86,36617,24955,1112,120,53,5793.05,USD,2026-04-27 23:30:00
2026-04-28,META-CAM-008,Meta Ads,META-ACC-001,Meta Campaign 08,Lead Generation,289.05,26287,23574,626,23,10,1355.54,USD,2026-04-28 23:30:00
2026-04-29,META-CAM-008,Meta Ads,META-ACC-001,Meta Campaign 08,Lead Generation,277.08,27917,16097,930,105,52,7037.27,USD,2026-04-29 23:30:00
2026-04-30,META-CAM-008,Meta Ads,META-ACC-001,Meta Campaign 08,Lead Generation,271.95,20750,18076,899,134,63,10949.73,USD,2026-04-30 23:30:00
2026-05-01,META-CAM-008,Meta Ads,META-ACC-001,Meta Campaign 08,Lead Generation,377.05,73655,56908,1355,100,56,10050.43,USD,2026-05-01 23:30:00
2026-05-02,META-CAM-008,Meta Ads,META-ACC-001,Meta Campaign 08,Lead Generation,203.97,22575,20278,283,19,6,525.45,USD,2026-05-02 23:30:00
2026-05-03,META-CAM-008,Meta Ads,META-ACC-001,Meta Campaign 08,Lead Generation,288.94,46015,28399,1861,193,104,8021.95,USD,2026-05-03 23:30:00
2026-05-04,META-CAM-008,Meta Ads,META-ACC-001,Meta Campaign 08,Lead Generation,328.56,45507,31288,1716,116,57,3764.11,USD,2026-05-04 23:30:00
2026-05-05,META-CAM-008,Meta Ads,META-ACC-001,Meta Campaign 08,Lead Generation,311.98,40609,25210,1350,77,41,4921.34,USD,2026-05-05 23:30:00
2026-05-06,META-CAM-008,Meta Ads,META-ACC-001,Meta Campaign 08,Lead Generation,338.3,57108,46898,1667,205,104,6657.12,USD,2026-05-06 23:30:00
2026-05-07,META-CAM-008,Meta Ads,META-ACC-001,Meta Campaign 08,Lead Generation,261.91,35994,23435,887,79,26,3142.45,USD,2026-05-07 23:30:00
2026-05-08,META-CAM-008,Meta Ads,META-ACC-001,Meta Campaign 08,Lead Generation,279.18,21556,15304,563,23,16,3801.73,USD,2026-05-08 23:30:00
2026-05-09,META-CAM-008,Meta Ads,META-ACC-001,Meta Campaign 08,Lead Generation,222.88,37939,32131,1413,118,65,5597.64,USD,2026-05-09 23:30:00
2026-05-10,META-CAM-008,Meta Ads,META-ACC-001,Meta Campaign 08,Lead Generation,267.58,19493,16979,421,26,17,2356.22,USD,2026-05-10 23:30:00
2026-05-11,META-CAM-008,Meta Ads,META-ACC-001,Meta Campaign 08,Lead Generation,274.52,20286,12427,425,60,28,5035.47,USD,2026-05-11 23:30:00
2026-05-12,META-CAM-008,Meta Ads,META-ACC-001,Meta Campaign 08,Lead Generation,380.35,28132,20826,964,46,23,1997.85,USD,2026-05-12 23:30:00
2026-05-13,META-CAM-008,Meta Ads,META-ACC-001,Meta Campaign 08,Lead Generation,275.07,20195,12363,661,26,17,3200.24,USD,2026-05-13 23:30:00
2026-05-14,META-CAM-008,Meta Ads,META-ACC-001,Meta Campaign 08,Lead Generation,426.22,33493,25507,1366,118,56,4769.31,USD,2026-05-14 23:30:00
2026-05-15,META-CAM-008,Meta Ads,META-ACC-001,Meta Campaign 08,Lead Generation,304.81,33138,25483,1378,87,53,7240.65,USD,2026-05-15 23:30:00
2026-05-16,META-CAM-008,Meta Ads,META-ACC-001,Meta Campaign 08,Lead Generation,268.84,19577,12938,572,22,14,1745.22,USD,2026-05-16 23:30:00
2026-05-17,META-CAM-008,Meta Ads,META-ACC-001,Meta Campaign 08,Lead Generation,245.69,25471,20569,882,57,27,3258.82,USD,2026-05-17 23:30:00
2026-05-18,META-CAM-008,Meta Ads,META-ACC-001,Meta Campaign 08,Lead Generation,279.61,35699,27910,894,87,45,7672.16,USD,2026-05-18 23:30:00
2026-05-19,META-CAM-008,Meta Ads,META-ACC-001,Meta Campaign 08,Lead Generation,434.99,33187,23478,1459,105,33,5077.33,USD,2026-05-19 23:30:00
2026-05-20,META-CAM-008,Meta Ads,META-ACC-001,Meta Campaign 08,Lead Generation,342.63,43172,37513,920,92,40,4689.08,USD,2026-05-20 23:30:00
2026-05-21,META-CAM-008,Meta Ads,META-ACC-001,Meta Campaign 08,Lead Generation,248.24,20954,11991,325,41,17,1293.28,USD,2026-05-21 23:30:00
2026-05-22,META-CAM-008,Meta Ads,META-ACC-001,Meta Campaign 08,Lead Generation,362.49,45748,27367,1110,111,45,4396.58,USD,2026-05-22 23:30:00
2026-05-23,META-CAM-008,Meta Ads,META-ACC-001,Meta Campaign 08,Lead Generation,234.63,33471,23296,1396,130,88,8395.08,USD,2026-05-23 23:30:00
2026-05-24,META-CAM-008,Meta Ads,META-ACC-001,Meta Campaign 08,Lead Generation,161.74,21832,19323,904,103,51,5671.88,USD,2026-05-24 23:30:00
2026-05-25,META-CAM-008,Meta Ads,META-ACC-001,Meta Campaign 08,Lead Generation,258.85,47688,27705,1203,80,34,4978.83,USD,2026-05-25 23:30:00
2026-05-26,META-CAM-008,Meta Ads,META-ACC-001,Meta Campaign 08,Lead Generation,412.87,35640,26961,680,52,29,5598.73,USD,2026-05-26 23:30:00
2026-05-27,META-CAM-008,Meta Ads,META-ACC-001,Meta Campaign 08,Lead Generation,363.68,48242,31854,757,66,35,4572.79,USD,2026-05-27 23:30:00
2026-05-28,META-CAM-008,Meta Ads,META-ACC-001,Meta Campaign 08,Lead Generation,263.29,29272,17139,828,77,54,9678.14,USD,2026-05-28 23:30:00
2026-05-29,META-CAM-008,Meta Ads,META-ACC-001,Meta Campaign 08,Lead Generation,340.6,57569,48089,1732,161,71,6808.03,USD,2026-05-29 23:30:00
2026-05-30,META-CAM-008,Meta Ads,META-ACC-001,Meta Campaign 08,Lead Generation,207.16,18786,14001,838,87,51,7123.05,USD,2026-05-30 23:30:00
2026-05-31,META-CAM-008,Meta Ads,META-ACC-001,Meta Campaign 08,Lead Generation,161.2,12841,11165,477,27,11,1304.17,USD,2026-05-31 23:30:00
2026-06-01,META-CAM-008,Meta Ads,META-ACC-001,Meta Campaign 08,Lead Generation,390.13,70742,41619,1428,62,28,3720.84,USD,2026-06-01 23:30:00
2026-06-02,META-CAM-008,Meta Ads,META-ACC-001,Meta Campaign 08,Lead Generation,398.13,51596,35887,662,71,23,1847.68,USD,2026-06-02 23:30:00
2026-06-03,META-CAM-008,Meta Ads,META-ACC-001,Meta Campaign 08,Lead Generation,323.62,26471,22862,575,44,13,2049.22,USD,2026-06-03 23:30:00
2026-06-04,META-CAM-008,Meta Ads,META-ACC-001,Meta Campaign 08,Lead Generation,348.69,40089,24989,1420,154,91,16746.32,USD,2026-06-04 23:30:00
2026-06-05,META-CAM-008,Meta Ads,META-ACC-001,Meta Campaign 08,Lead Generation,283.21,52998,44335,1665,201,97,7178.14,USD,2026-06-05 23:30:00
2026-06-06,META-CAM-008,Meta Ads,META-ACC-001,Meta Campaign 08,Lead Generation,189.48,35635,30791,838,84,42,3597.42,USD,2026-06-06 23:30:00
2026-06-07,META-CAM-008,Meta Ads,META-ACC-001,Meta Campaign 08,Lead Generation,251.99,44624,37341,1369,159,76,16970.77,USD,2026-06-07 23:30:00
2026-06-08,META-CAM-008,Meta Ads,META-ACC-001,Meta Campaign 08,Lead Generation,388.78,44435,26918,1584,198,101,20004.34,USD,2026-06-08 23:30:00
2026-06-09,META-CAM-008,Meta Ads,META-ACC-001,Meta Campaign 08,Lead Generation,254.46,24964,19428,831,79,28,2188.16,USD,2026-06-09 23:30:00
2026-06-10,META-CAM-008,Meta Ads,META-ACC-001,Meta Campaign 08,Lead Generation,343.44,52202,36531,2209,253,122,12156.95,USD,2026-06-10 23:30:00
2026-06-11,META-CAM-008,Meta Ads,META-ACC-001,Meta Campaign 08,Lead Generation,370.87,40230,25783,1626,106,41,3316.69,USD,2026-06-11 23:30:00
2026-06-12,META-CAM-008,Meta Ads,META-ACC-001,Meta Campaign 08,Lead Generation,313.41,53723,34085,1638,67,38,8579.09,USD,2026-06-12 23:30:00
2026-06-13,META-CAM-008,Meta Ads,META-ACC-001,Meta Campaign 08,Lead Generation,183.83,13194,9679,167,10,9,1572.38,USD,2026-06-13 23:30:00
2026-06-14,META-CAM-008,Meta Ads,META-ACC-001,Meta Campaign 08,Lead Generation,203.21,14971,8681,426,24,17,2631.25,USD,2026-06-14 23:30:00
2026-06-15,META-CAM-008,Meta Ads,META-ACC-001,Meta Campaign 08,Lead Generation,303.85,27810,19803,687,76,45,6195.02,USD,2026-06-15 23:30:00
2026-06-16,META-CAM-008,Meta Ads,META-ACC-001,Meta Campaign 08,Lead Generation,262.15,19719,11050,470,50,22,2915.14,USD,2026-06-16 23:30:00
2026-06-17,META-CAM-008,Meta Ads,META-ACC-001,Meta Campaign 08,Lead Generation,427.18,55766,35772,2163,273,122,13667.0,USD,2026-06-17 23:30:00
2026-06-18,META-CAM-008,Meta Ads,META-ACC-001,Meta Campaign 08,Lead Generation,427.48,36065,26177,1039,81,32,5011.17,USD,2026-06-18 23:30:00
2026-06-19,META-CAM-008,Meta Ads,META-ACC-001,Meta Campaign 08,Lead Generation,323.4,33164,19498,651,65,30,2929.73,USD,2026-06-19 23:30:00
2026-06-20,META-CAM-008,Meta Ads,META-ACC-001,Meta Campaign 08,Lead Generation,221.8,32292,21329,1034,90,46,6840.3,USD,2026-06-20 23:30:00
2026-06-21,META-CAM-008,Meta Ads,META-ACC-001,Meta Campaign 08,Lead Generation,159.09,30177,21833,972,91,53,9471.11,USD,2026-06-21 23:30:00
2026-06-22,META-CAM-008,Meta Ads,META-ACC-001,Meta Campaign 08,Lead Generation,278.23,46096,35061,686,69,45,4218.13,USD,2026-06-22 23:30:00
2026-06-23,META-CAM-008,Meta Ads,META-ACC-001,Meta Campaign 08,Lead Generation,379.26,27662,24423,535,24,16,1185.07,USD,2026-06-23 23:30:00
2026-02-01,META-CAM-009,Meta Ads,META-ACC-001,Meta Campaign 09,Conversions,607.0,54440,38539,666,42,24,1743.62,USD,2026-02-01 23:30:00
2026-02-02,META-CAM-009,Meta Ads,META-ACC-001,Meta Campaign 09,Conversions,1034.14,156386,107094,3029,203,104,8503.29,USD,2026-02-02 23:30:00
2026-02-03,META-CAM-009,Meta Ads,META-ACC-001,Meta Campaign 09,Conversions,1026.86,89974,57980,2147,265,111,22518.43,USD,2026-02-03 23:30:00
2026-02-04,META-CAM-009,Meta Ads,META-ACC-001,Meta Campaign 09,Conversions,879.48,69332,58720,1238,105,47,8294.33,USD,2026-02-04 23:30:00
2026-02-05,META-CAM-009,Meta Ads,META-ACC-001,Meta Campaign 09,Conversions,684.28,50229,36026,2012,232,132,18913.79,USD,2026-02-05 23:30:00
2026-02-06,META-CAM-009,Meta Ads,META-ACC-001,Meta Campaign 09,Conversions,831.0,144941,117340,2415,263,139,16564.88,USD,2026-02-06 23:30:00
2026-02-07,META-CAM-009,Meta Ads,META-ACC-001,Meta Campaign 09,Conversions,522.87,82453,62180,2001,239,99,19980.19,USD,2026-02-07 23:30:00
2026-02-08,META-CAM-009,Meta Ads,META-ACC-001,Meta Campaign 09,Conversions,694.88,113867,82896,4708,458,231,35660.97,USD,2026-02-08 23:30:00
2026-02-09,META-CAM-009,Meta Ads,META-ACC-001,Meta Campaign 09,Conversions,805.95,114508,65583,4017,203,91,17364.62,USD,2026-02-09 23:30:00
2026-02-10,META-CAM-009,Meta Ads,META-ACC-001,Meta Campaign 09,Conversions,976.2,87521,62818,2362,278,116,19169.91,USD,2026-02-10 23:30:00
2026-02-11,META-CAM-009,Meta Ads,META-ACC-001,Meta Campaign 09,Conversions,1067.37,91392,77785,1756,107,46,7195.8,USD,2026-02-11 23:30:00
2026-02-12,META-CAM-009,Meta Ads,META-ACC-001,Meta Campaign 09,Conversions,843.75,61464,47497,999,94,44,9137.34,USD,2026-02-12 23:30:00
2026-02-13,META-CAM-009,Meta Ads,META-ACC-001,Meta Campaign 09,Conversions,721.57,56125,36499,2169,235,111,19442.59,USD,2026-02-13 23:30:00
2026-02-14,META-CAM-009,Meta Ads,META-ACC-001,Meta Campaign 09,Conversions,474.72,45569,35379,2009,252,117,13000.39,USD,2026-02-14 23:30:00
2026-02-15,META-CAM-009,Meta Ads,META-ACC-001,Meta Campaign 09,Conversions,379.28,31414,22120,981,68,36,3234.96,USD,2026-02-15 23:30:00
2026-02-16,META-CAM-009,Meta Ads,META-ACC-001,Meta Campaign 09,Conversions,691.28,74449,62714,2898,284,139,11727.29,USD,2026-02-16 23:30:00
2026-02-17,META-CAM-009,Meta Ads,META-ACC-001,Meta Campaign 09,Conversions,835.54,90566,78062,2051,155,80,14674.29,USD,2026-02-17 23:30:00
2026-02-18,META-CAM-009,Meta Ads,META-ACC-001,Meta Campaign 09,Conversions,717.24,73472,62678,1738,71,39,5609.78,USD,2026-02-18 23:30:00
2026-02-19,META-CAM-009,Meta Ads,META-ACC-001,Meta Campaign 09,Conversions,731.24,93724,72154,1398,138,73,11141.92,USD,2026-02-19 23:30:00
2026-02-20,META-CAM-009,Meta Ads,META-ACC-001,Meta Campaign 09,Conversions,772.57,71130,53785,2714,256,116,16543.49,USD,2026-02-20 23:30:00
2026-02-21,META-CAM-009,Meta Ads,META-ACC-001,Meta Campaign 09,Conversions,405.33,43545,38095,547,36,23,4176.87,USD,2026-02-21 23:30:00
2026-02-22,META-CAM-009,Meta Ads,META-ACC-001,Meta Campaign 09,Conversions,544.0,48825,30080,745,40,17,1746.88,USD,2026-02-22 23:30:00
2026-02-23,META-CAM-009,Meta Ads,META-ACC-001,Meta Campaign 09,Conversions,1069.27,86065,77105,2041,131,75,5023.79,USD,2026-02-23 23:30:00
2026-02-24,META-CAM-009,Meta Ads,META-ACC-001,Meta Campaign 09,Conversions,717.97,52967,32913,1920,260,114,8233.71,USD,2026-02-24 23:30:00
2026-02-25,META-CAM-009,Meta Ads,META-ACC-001,Meta Campaign 09,Conversions,766.33,81137,71152,2199,209,90,17297.5,USD,2026-02-25 23:30:00
2026-02-26,META-CAM-009,Meta Ads,META-ACC-001,Meta Campaign 09,Conversions,1056.0,79790,66689,1319,108,49,4049.83,USD,2026-02-26 23:30:00
2026-02-27,META-CAM-009,Meta Ads,META-ACC-001,Meta Campaign 09,Conversions,840.62,82800,49068,1355,75,41,7060.87,USD,2026-02-27 23:30:00
2026-02-28,META-CAM-009,Meta Ads,META-ACC-001,Meta Campaign 09,Conversions,453.99,37667,32772,1501,159,89,9282.35,USD,2026-02-28 23:30:00
2026-03-01,META-CAM-009,Meta Ads,META-ACC-001,Meta Campaign 09,Conversions,524.73,97363,73015,3643,220,103,8836.2,USD,2026-03-01 23:30:00
2026-03-02,META-CAM-009,Meta Ads,META-ACC-001,Meta Campaign 09,Conversions,807.09,83577,65406,2905,261,149,26080.23,USD,2026-03-02 23:30:00
2026-03-03,META-CAM-009,Meta Ads,META-ACC-001,Meta Campaign 09,Conversions,876.07,121563,80345,3289,283,146,21005.76,USD,2026-03-03 23:30:00
2026-03-04,META-CAM-009,Meta Ads,META-ACC-001,Meta Campaign 09,Conversions,899.26,127277,96015,3123,318,161,26790.03,USD,2026-03-04 23:30:00
2026-03-05,META-CAM-009,Meta Ads,META-ACC-001,Meta Campaign 09,Conversions,794.7,114408,93088,2851,329,187,18292.25,USD,2026-03-05 23:30:00
2026-03-06,META-CAM-009,Meta Ads,META-ACC-001,Meta Campaign 09,Conversions,788.42,142272,96260,3221,259,132,25099.57,USD,2026-03-06 23:30:00
2026-03-07,META-CAM-009,Meta Ads,META-ACC-001,Meta Campaign 09,Conversions,504.83,61881,36713,2146,174,76,15032.03,USD,2026-03-07 23:30:00
2026-03-08,META-CAM-009,Meta Ads,META-ACC-001,Meta Campaign 09,Conversions,402.14,55197,31662,1140,92,55,6999.33,USD,2026-03-08 23:30:00
2026-03-09,META-CAM-009,Meta Ads,META-ACC-001,Meta Campaign 09,Conversions,879.94,81831,69442,2146,169,75,12343.76,USD,2026-03-09 23:30:00
2026-03-10,META-CAM-009,Meta Ads,META-ACC-001,Meta Campaign 09,Conversions,807.93,96281,65342,2251,237,126,14742.46,USD,2026-03-10 23:30:00
2026-03-11,META-CAM-009,Meta Ads,META-ACC-001,Meta Campaign 09,Conversions,970.1,88337,69746,2066,201,129,28022.86,USD,2026-03-11 23:30:00
2026-03-12,META-CAM-009,Meta Ads,META-ACC-001,Meta Campaign 09,Conversions,782.04,114725,98479,3684,159,103,19314.33,USD,2026-03-12 23:30:00
2026-03-13,META-CAM-009,Meta Ads,META-ACC-001,Meta Campaign 09,Conversions,1059.46,90315,69418,3847,342,171,24184.54,USD,2026-03-13 23:30:00
2026-03-14,META-CAM-009,Meta Ads,META-ACC-001,Meta Campaign 09,Conversions,378.61,39311,32522,861,102,34,6627.16,USD,2026-03-14 23:30:00
2026-03-15,META-CAM-009,Meta Ads,META-ACC-001,Meta Campaign 09,Conversions,496.16,76941,51652,1891,150,62,6270.47,USD,2026-03-15 23:30:00
2026-03-16,META-CAM-009,Meta Ads,META-ACC-001,Meta Campaign 09,Conversions,985.59,176493,99700,5362,477,244,49070.13,USD,2026-03-16 23:30:00
2026-03-17,META-CAM-009,Meta Ads,META-ACC-001,Meta Campaign 09,Conversions,863.54,138587,94215,3884,223,117,22743.88,USD,2026-03-17 23:30:00
2026-03-18,META-CAM-009,Meta Ads,META-ACC-001,Meta Campaign 09,Conversions,751.97,78785,63313,3128,153,89,11323.02,USD,2026-03-18 23:30:00
2026-03-19,META-CAM-009,Meta Ads,META-ACC-001,Meta Campaign 09,Conversions,929.95,86401,76051,3588,314,149,20426.98,USD,2026-03-19 23:30:00
2026-03-20,META-CAM-009,Meta Ads,META-ACC-001,Meta Campaign 09,Conversions,691.74,56498,39388,2423,320,159,18506.36,USD,2026-03-20 23:30:00
2026-03-21,META-CAM-009,Meta Ads,META-ACC-001,Meta Campaign 09,Conversions,690.0,81339,48707,1920,220,116,10123.86,USD,2026-03-21 23:30:00
2026-03-22,META-CAM-009,Meta Ads,META-ACC-001,Meta Campaign 09,Conversions,595.21,96880,64927,2134,109,51,4220.88,USD,2026-03-22 23:30:00
2026-03-23,META-CAM-009,Meta Ads,META-ACC-001,Meta Campaign 09,Conversions,815.29,103637,69120,4422,491,229,21299.12,USD,2026-03-23 23:30:00
2026-03-24,META-CAM-009,Meta Ads,META-ACC-001,Meta Campaign 09,Conversions,831.58,76407,43714,1884,194,103,15556.45,USD,2026-03-24 23:30:00
2026-03-25,META-CAM-009,Meta Ads,META-ACC-001,Meta Campaign 09,Conversions,918.36,80540,49607,1942,91,46,9482.97,USD,2026-03-25 23:30:00
2026-03-26,META-CAM-009,Meta Ads,META-ACC-001,Meta Campaign 09,Conversions,934.59,92370,81581,4039,411,211,30515.69,USD,2026-03-26 23:30:00
2026-03-27,META-CAM-009,Meta Ads,META-ACC-001,Meta Campaign 09,Conversions,987.5,103824,86834,3318,293,169,29791.55,USD,2026-03-27 23:30:00
2026-03-28,META-CAM-009,Meta Ads,META-ACC-001,Meta Campaign 09,Conversions,619.11,46181,34752,903,81,44,8687.38,USD,2026-03-28 23:30:00
2026-03-29,META-CAM-009,Meta Ads,META-ACC-001,Meta Campaign 09,Conversions,546.43,40754,35574,1710,199,92,12650.36,USD,2026-03-29 23:30:00
2026-03-30,META-CAM-009,Meta Ads,META-ACC-001,Meta Campaign 09,Conversions,1017.0,101542,62296,2982,246,112,8818.06,USD,2026-03-30 23:30:00
2026-03-31,META-CAM-009,Meta Ads,META-ACC-001,Meta Campaign 09,Conversions,680.25,90393,56283,2648,310,127,17438.08,USD,2026-03-31 23:30:00
2026-04-01,META-CAM-009,Meta Ads,META-ACC-001,Meta Campaign 09,Conversions,787.46,82188,63255,1816,199,139,12517.17,USD,2026-04-01 23:30:00
2026-04-02,META-CAM-009,Meta Ads,META-ACC-001,Meta Campaign 09,Conversions,785.06,59275,39827,1596,157,80,13775.92,USD,2026-04-02 23:30:00
2026-04-03,META-CAM-009,Meta Ads,META-ACC-001,Meta Campaign 09,Conversions,957.39,89340,77701,1701,110,52,7183.75,USD,2026-04-03 23:30:00
2026-04-04,META-CAM-009,Meta Ads,META-ACC-001,Meta Campaign 09,Conversions,554.9,98004,59506,3439,346,191,40273.25,USD,2026-04-04 23:30:00
2026-04-05,META-CAM-009,Meta Ads,META-ACC-001,Meta Campaign 09,Conversions,444.36,56665,44316,1612,183,77,13175.87,USD,2026-04-05 23:30:00
2026-04-06,META-CAM-009,Meta Ads,META-ACC-001,Meta Campaign 09,Conversions,882.48,99737,68352,4311,285,129,20221.66,USD,2026-04-06 23:30:00
2026-04-07,META-CAM-009,Meta Ads,META-ACC-001,Meta Campaign 09,Conversions,644.15,97527,74896,2618,207,106,9460.06,USD,2026-04-07 23:30:00
2026-04-08,META-CAM-009,Meta Ads,META-ACC-001,Meta Campaign 09,Conversions,647.48,75012,55760,2875,264,121,23689.77,USD,2026-04-08 23:30:00
2026-04-09,META-CAM-009,Meta Ads,META-ACC-001,Meta Campaign 09,Conversions,884.49,112492,83079,2262,133,61,7859.73,USD,2026-04-09 23:30:00
2026-04-10,META-CAM-009,Meta Ads,META-ACC-001,Meta Campaign 09,Conversions,712.78,109386,95839,2943,358,171,21697.68,USD,2026-04-10 23:30:00
2026-04-11,META-CAM-009,Meta Ads,META-ACC-001,Meta Campaign 09,Conversions,639.3,107062,59161,3257,165,80,12475.21,USD,2026-04-11 23:30:00
2026-04-12,META-CAM-009,Meta Ads,META-ACC-001,Meta Campaign 09,Conversions,587.39,68584,50899,1361,165,91,12178.52,USD,2026-04-12 23:30:00
2026-04-13,META-CAM-009,Meta Ads,META-ACC-001,Meta Campaign 09,Conversions,723.01,69679,60736,838,54,25,5087.98,USD,2026-04-13 23:30:00
2026-04-14,META-CAM-009,Meta Ads,META-ACC-001,Meta Campaign 09,Conversions,1030.9,129905,82321,2945,268,129,15769.41,USD,2026-04-14 23:30:00
2026-04-15,META-CAM-009,Meta Ads,META-ACC-001,Meta Campaign 09,Conversions,986.79,161348,129851,6929,736,394,26233.81,USD,2026-04-15 23:30:00
2026-04-16,META-CAM-009,Meta Ads,META-ACC-001,Meta Campaign 09,Conversions,712.2,138483,103622,5301,208,99,10444.17,USD,2026-04-16 23:30:00
2026-04-17,META-CAM-009,Meta Ads,META-ACC-001,Meta Campaign 09,Conversions,743.4,106385,82604,2711,126,76,15258.71,USD,2026-04-17 23:30:00
2026-04-18,META-CAM-009,Meta Ads,META-ACC-001,Meta Campaign 09,Conversions,430.23,74542,58520,2224,286,117,7954.19,USD,2026-04-18 23:30:00
2026-04-19,META-CAM-009,Meta Ads,META-ACC-001,Meta Campaign 09,Conversions,540.29,78064,53473,3023,185,97,7364.26,USD,2026-04-19 23:30:00
2026-04-20,META-CAM-009,Meta Ads,META-ACC-001,Meta Campaign 09,Conversions,644.28,48753,28473,1454,111,54,6015.53,USD,2026-04-20 23:30:00
2026-04-21,META-CAM-009,Meta Ads,META-ACC-001,Meta Campaign 09,Conversions,967.6,126350,84593,3301,422,202,33421.79,USD,2026-04-21 23:30:00
2026-04-22,META-CAM-009,Meta Ads,META-ACC-001,Meta Campaign 09,Conversions,905.37,71195,60699,3176,230,102,16978.27,USD,2026-04-22 23:30:00
2026-04-23,META-CAM-009,Meta Ads,META-ACC-001,Meta Campaign 09,Conversions,920.31,146961,115886,2028,150,84,7501.84,USD,2026-04-23 23:30:00
2026-04-24,META-CAM-009,Meta Ads,META-ACC-001,Meta Campaign 09,Conversions,663.79,51425,31008,668,97,50,7640.13,USD,2026-04-24 23:30:00
2026-04-25,META-CAM-009,Meta Ads,META-ACC-001,Meta Campaign 09,Conversions,468.51,33598,27002,773,40,28,1741.14,USD,2026-04-25 23:30:00
2026-04-26,META-CAM-009,Meta Ads,META-ACC-001,Meta Campaign 09,Conversions,406.86,37173,33262,681,50,26,2970.43,USD,2026-04-26 23:30:00
2026-04-27,META-CAM-009,Meta Ads,META-ACC-001,Meta Campaign 09,Conversions,919.2,71314,51107,1656,128,78,10012.8,USD,2026-04-27 23:30:00
2026-04-28,META-CAM-009,Meta Ads,META-ACC-001,Meta Campaign 09,Conversions,866.25,65248,51479,1833,80,31,2794.73,USD,2026-04-28 23:30:00
2026-04-29,META-CAM-009,Meta Ads,META-ACC-001,Meta Campaign 09,Conversions,913.55,105499,79958,3312,209,79,12653.26,USD,2026-04-29 23:30:00
2026-04-30,META-CAM-009,Meta Ads,META-ACC-001,Meta Campaign 09,Conversions,1042.22,203871,121201,4749,576,311,46706.61,USD,2026-04-30 23:30:00
2026-05-01,META-CAM-009,Meta Ads,META-ACC-001,Meta Campaign 09,Conversions,707.19,67181,39012,2602,281,134,12659.22,USD,2026-05-01 23:30:00
2026-05-02,META-CAM-009,Meta Ads,META-ACC-001,Meta Campaign 09,Conversions,635.32,50056,42320,1556,99,39,6955.16,USD,2026-05-02 23:30:00
2026-05-03,META-CAM-009,Meta Ads,META-ACC-001,Meta Campaign 09,Conversions,498.03,38059,21983,807,26,15,2912.42,USD,2026-05-03 23:30:00
2026-05-04,META-CAM-009,Meta Ads,META-ACC-001,Meta Campaign 09,Conversions,906.78,65976,59222,2830,345,164,31705.1,USD,2026-05-04 23:30:00
2026-05-05,META-CAM-009,Meta Ads,META-ACC-001,Meta Campaign 09,Conversions,1042.03,116832,87980,3424,312,177,16786.05,USD,2026-05-05 23:30:00
2026-05-06,META-CAM-009,Meta Ads,META-ACC-001,Meta Campaign 09,Conversions,860.46,73325,51210,1253,140,78,16800.85,USD,2026-05-06 23:30:00
2026-05-07,META-CAM-009,Meta Ads,META-ACC-001,Meta Campaign 09,Conversions,859.15,77428,66552,2262,116,64,13311.86,USD,2026-05-07 23:30:00
2026-05-08,META-CAM-009,Meta Ads,META-ACC-001,Meta Campaign 09,Conversions,677.37,53005,36911,1068,120,50,5219.31,USD,2026-05-08 23:30:00
2026-05-09,META-CAM-009,Meta Ads,META-ACC-001,Meta Campaign 09,Conversions,508.62,51290,28530,897,45,30,2359.09,USD,2026-05-09 23:30:00
2026-05-10,META-CAM-009,Meta Ads,META-ACC-001,Meta Campaign 09,Conversions,672.08,55507,39941,1015,70,39,4616.17,USD,2026-05-10 23:30:00
2026-05-11,META-CAM-009,Meta Ads,META-ACC-001,Meta Campaign 09,Conversions,583.49,46528,40770,1041,82,53,6136.23,USD,2026-05-11 23:30:00
2026-05-12,META-CAM-009,Meta Ads,META-ACC-001,Meta Campaign 09,Conversions,897.3,151921,120526,4033,192,90,16080.98,USD,2026-05-12 23:30:00
2026-05-13,META-CAM-009,Meta Ads,META-ACC-001,Meta Campaign 09,Conversions,793.76,81957,64924,1495,109,53,4912.98,USD,2026-05-13 23:30:00
2026-05-14,META-CAM-009,Meta Ads,META-ACC-001,Meta Campaign 09,Conversions,886.04,148950,102252,3793,372,194,33479.21,USD,2026-05-14 23:30:00
2026-05-15,META-CAM-009,Meta Ads,META-ACC-001,Meta Campaign 09,Conversions,591.92,48840,28067,982,67,27,4923.8,USD,2026-05-15 23:30:00
2026-05-16,META-CAM-009,Meta Ads,META-ACC-001,Meta Campaign 09,Conversions,553.38,66480,43072,1948,175,81,13387.95,USD,2026-05-16 23:30:00
2026-05-17,META-CAM-009,Meta Ads,META-ACC-001,Meta Campaign 09,Conversions,697.12,73837,55320,1683,163,68,8219.41,USD,2026-05-17 23:30:00
2026-05-18,META-CAM-009,Meta Ads,META-ACC-001,Meta Campaign 09,Conversions,870.03,91890,63935,3551,175,90,18610.89,USD,2026-05-18 23:30:00
2026-05-19,META-CAM-009,Meta Ads,META-ACC-001,Meta Campaign 09,Conversions,716.64,64390,42071,2107,108,59,8676.46,USD,2026-05-19 23:30:00
2026-05-20,META-CAM-009,Meta Ads,META-ACC-001,Meta Campaign 09,Conversions,847.88,62449,37446,1821,93,49,4292.76,USD,2026-05-20 23:30:00
2026-05-21,META-CAM-009,Meta Ads,META-ACC-001,Meta Campaign 09,Conversions,979.61,94052,59364,4083,523,246,52850.5,USD,2026-05-21 23:30:00
2026-05-22,META-CAM-009,Meta Ads,META-ACC-001,Meta Campaign 09,Conversions,690.77,74142,47933,2473,212,100,12165.79,USD,2026-05-22 23:30:00
2026-05-23,META-CAM-009,Meta Ads,META-ACC-001,Meta Campaign 09,Conversions,389.51,77517,51862,2388,165,77,16447.15,USD,2026-05-23 23:30:00
2026-05-24,META-CAM-009,Meta Ads,META-ACC-001,Meta Campaign 09,Conversions,638.72,58000,43022,1666,192,90,7386.01,USD,2026-05-24 23:30:00
2026-05-25,META-CAM-009,Meta Ads,META-ACC-001,Meta Campaign 09,Conversions,791.92,70184,47627,2323,239,114,12375.21,USD,2026-05-25 23:30:00
2026-05-26,META-CAM-009,Meta Ads,META-ACC-001,Meta Campaign 09,Conversions,1028.91,76213,66796,1778,176,82,15014.39,USD,2026-05-26 23:30:00
2026-05-27,META-CAM-009,Meta Ads,META-ACC-001,Meta Campaign 09,Conversions,824.16,134345,101477,4098,525,267,19778.36,USD,2026-05-27 23:30:00
2026-05-28,META-CAM-009,Meta Ads,META-ACC-001,Meta Campaign 09,Conversions,997.33,163102,122226,2761,318,133,21965.84,USD,2026-05-28 23:30:00
2026-05-29,META-CAM-009,Meta Ads,META-ACC-001,Meta Campaign 09,Conversions,965.87,89871,75610,2072,244,127,11787.47,USD,2026-05-29 23:30:00
2026-05-30,META-CAM-009,Meta Ads,META-ACC-001,Meta Campaign 09,Conversions,473.97,35356,25417,1445,157,77,6559.77,USD,2026-05-30 23:30:00
2026-05-31,META-CAM-009,Meta Ads,META-ACC-001,Meta Campaign 09,Conversions,396.84,61808,35797,2156,194,127,19055.71,USD,2026-05-31 23:30:00
2026-06-01,META-CAM-009,Meta Ads,META-ACC-001,Meta Campaign 09,Conversions,878.61,154409,138956,4815,541,283,36830.71,USD,2026-06-01 23:30:00
2026-06-02,META-CAM-009,Meta Ads,META-ACC-001,Meta Campaign 09,Conversions,943.56,145615,94519,4989,600,305,34139.87,USD,2026-06-02 23:30:00
2026-06-03,META-CAM-009,Meta Ads,META-ACC-001,Meta Campaign 09,Conversions,762.33,54488,43330,1242,103,46,9374.9,USD,2026-06-03 23:30:00
2026-06-04,META-CAM-009,Meta Ads,META-ACC-001,Meta Campaign 09,Conversions,903.78,167702,102249,4081,307,137,13285.19,USD,2026-06-04 23:30:00
2026-06-05,META-CAM-009,Meta Ads,META-ACC-001,Meta Campaign 09,Conversions,884.48,160531,93263,5206,492,261,27836.4,USD,2026-06-05 23:30:00
2026-06-06,META-CAM-009,Meta Ads,META-ACC-001,Meta Campaign 09,Conversions,399.45,32213,19929,788,46,21,2884.02,USD,2026-06-06 23:30:00
2026-06-07,META-CAM-009,Meta Ads,META-ACC-001,Meta Campaign 09,Conversions,575.35,69727,48495,1255,143,61,6279.5,USD,2026-06-07 23:30:00
2026-06-08,META-CAM-009,Meta Ads,META-ACC-001,Meta Campaign 09,Conversions,990.43,79922,62059,2883,270,129,25169.0,USD,2026-06-08 23:30:00
2026-06-09,META-CAM-009,Meta Ads,META-ACC-001,Meta Campaign 09,Conversions,674.19,62404,46519,2135,213,112,8669.42,USD,2026-06-09 23:30:00
2026-06-10,META-CAM-009,Meta Ads,META-ACC-001,Meta Campaign 09,Conversions,597.43,62842,50149,1306,115,39,2512.59,USD,2026-06-10 23:30:00
2026-06-11,META-CAM-009,Meta Ads,META-ACC-001,Meta Campaign 09,Conversions,631.83,49757,33834,823,65,30,2934.79,USD,2026-06-11 23:30:00
2026-06-12,META-CAM-009,Meta Ads,META-ACC-001,Meta Campaign 09,Conversions,727.67,92588,71025,3162,243,120,19595.98,USD,2026-06-12 23:30:00
2026-06-13,META-CAM-009,Meta Ads,META-ACC-001,Meta Campaign 09,Conversions,553.27,82207,45775,1570,102,45,6958.0,USD,2026-06-13 23:30:00
2026-06-14,META-CAM-009,Meta Ads,META-ACC-001,Meta Campaign 09,Conversions,427.91,62060,51139,871,89,36,5856.44,USD,2026-06-14 23:30:00
2026-06-15,META-CAM-009,Meta Ads,META-ACC-001,Meta Campaign 09,Conversions,947.4,75997,62378,2583,158,92,19314.74,USD,2026-06-15 23:30:00
2026-06-16,META-CAM-009,Meta Ads,META-ACC-001,Meta Campaign 09,Conversions,932.41,74692,63908,2239,118,72,12574.33,USD,2026-06-16 23:30:00
2026-06-17,META-CAM-009,Meta Ads,META-ACC-001,Meta Campaign 09,Conversions,613.7,78767,63553,3103,218,113,23074.59,USD,2026-06-17 23:30:00
2026-06-18,META-CAM-009,Meta Ads,META-ACC-001,Meta Campaign 09,Conversions,1068.22,78248,53115,2097,185,71,8542.9,USD,2026-06-18 23:30:00
2026-06-19,META-CAM-009,Meta Ads,META-ACC-001,Meta Campaign 09,Conversions,733.57,55352,36953,1437,171,83,10755.94,USD,2026-06-19 23:30:00
2026-06-20,META-CAM-009,Meta Ads,META-ACC-001,Meta Campaign 09,Conversions,498.03,46897,28781,1161,119,60,11431.68,USD,2026-06-20 23:30:00
2026-06-21,META-CAM-009,Meta Ads,META-ACC-001,Meta Campaign 09,Conversions,668.19,79666,47555,3108,301,135,27676.93,USD,2026-06-21 23:30:00
2026-06-22,META-CAM-009,Meta Ads,META-ACC-001,Meta Campaign 09,Conversions,636.46,103939,75445,1407,167,74,14380.7,USD,2026-06-22 23:30:00
2026-02-06,META-CAM-010,Meta Ads,META-ACC-001,Meta Campaign 10,Website Traffic,856.52,76872,63387,2201,266,132,11940.53,USD,2026-02-06 23:30:00
2026-02-07,META-CAM-010,Meta Ads,META-ACC-001,Meta Campaign 10,Website Traffic,426.03,43469,25323,1291,133,78,13029.5,USD,2026-02-07 23:30:00
2026-02-08,META-CAM-010,Meta Ads,META-ACC-001,Meta Campaign 10,Website Traffic,473.98,46601,29585,1956,96,50,8739.11,USD,2026-02-08 23:30:00
2026-02-09,META-CAM-010,Meta Ads,META-ACC-001,Meta Campaign 10,Website Traffic,816.11,69861,45380,1192,74,41,6750.96,USD,2026-02-09 23:30:00
2026-02-10,META-CAM-010,Meta Ads,META-ACC-001,Meta Campaign 10,Website Traffic,528.72,62820,54648,945,97,47,6628.33,USD,2026-02-10 23:30:00
2026-02-11,META-CAM-010,Meta Ads,META-ACC-001,Meta Campaign 10,Website Traffic,754.69,75755,62793,2021,102,53,8040.3,USD,2026-02-11 23:30:00
2026-02-12,META-CAM-010,Meta Ads,META-ACC-001,Meta Campaign 10,Website Traffic,556.2,46059,37069,874,97,48,6243.29,USD,2026-02-12 23:30:00
2026-02-13,META-CAM-010,Meta Ads,META-ACC-001,Meta Campaign 10,Website Traffic,907.8,67137,59112,1912,129,58,9423.71,USD,2026-02-13 23:30:00
2026-02-14,META-CAM-010,Meta Ads,META-ACC-001,Meta Campaign 10,Website Traffic,521.49,59854,38501,1838,213,118,12986.67,USD,2026-02-14 23:30:00
2026-02-15,META-CAM-010,Meta Ads,META-ACC-001,Meta Campaign 10,Website Traffic,596.64,43357,35831,1238,149,80,8005.66,USD,2026-02-15 23:30:00
2026-02-16,META-CAM-010,Meta Ads,META-ACC-001,Meta Campaign 10,Website Traffic,766.86,60662,35205,884,110,46,10131.78,USD,2026-02-16 23:30:00
2026-02-17,META-CAM-010,Meta Ads,META-ACC-001,Meta Campaign 10,Website Traffic,598.25,57176,43778,1597,183,115,13086.98,USD,2026-02-17 23:30:00
2026-02-18,META-CAM-010,Meta Ads,META-ACC-001,Meta Campaign 10,Website Traffic,696.05,79490,53253,3511,163,95,11557.13,USD,2026-02-18 23:30:00
2026-02-19,META-CAM-010,Meta Ads,META-ACC-001,Meta Campaign 10,Website Traffic,581.1,64419,57164,1233,48,25,2489.89,USD,2026-02-19 23:30:00
2026-02-20,META-CAM-010,Meta Ads,META-ACC-001,Meta Campaign 10,Website Traffic,578.8,70243,49000,2383,112,61,9904.84,USD,2026-02-20 23:30:00
2026-02-21,META-CAM-010,Meta Ads,META-ACC-001,Meta Campaign 10,Website Traffic,362.14,27215,16169,1110,106,45,6676.05,USD,2026-02-21 23:30:00
2026-02-22,META-CAM-010,Meta Ads,META-ACC-001,Meta Campaign 10,Website Traffic,467.2,52176,39430,906,90,53,4284.04,USD,2026-02-22 23:30:00
2026-02-23,META-CAM-010,Meta Ads,META-ACC-001,Meta Campaign 10,Website Traffic,713.79,60585,36124,1385,132,63,11770.75,USD,2026-02-23 23:30:00
2026-02-24,META-CAM-010,Meta Ads,META-ACC-001,Meta Campaign 10,Website Traffic,563.54,42062,26729,1096,146,62,7753.54,USD,2026-02-24 23:30:00
2026-02-25,META-CAM-010,Meta Ads,META-ACC-001,Meta Campaign 10,Website Traffic,667.65,59389,49336,2154,137,89,5726.76,USD,2026-02-25 23:30:00
2026-02-26,META-CAM-010,Meta Ads,META-ACC-001,Meta Campaign 10,Website Traffic,571.46,56961,34737,1964,225,118,13748.4,USD,2026-02-26 23:30:00
2026-02-27,META-CAM-010,Meta Ads,META-ACC-001,Meta Campaign 10,Website Traffic,748.02,63958,39057,1980,153,68,9446.54,USD,2026-02-27 23:30:00
2026-02-28,META-CAM-010,Meta Ads,META-ACC-001,Meta Campaign 10,Website Traffic,351.36,41135,24640,1016,66,36,6985.78,USD,2026-02-28 23:30:00
2026-03-01,META-CAM-010,Meta Ads,META-ACC-001,Meta Campaign 10,Website Traffic,446.98,56991,32543,1326,92,55,6617.51,USD,2026-03-01 23:30:00
2026-03-02,META-CAM-010,Meta Ads,META-ACC-001,Meta Campaign 10,Website Traffic,583.99,94128,70977,2713,179,79,15911.6,USD,2026-03-02 23:30:00
2026-03-03,META-CAM-010,Meta Ads,META-ACC-001,Meta Campaign 10,Website Traffic,875.49,118518,99431,1691,180,84,13364.53,USD,2026-03-03 23:30:00
2026-03-04,META-CAM-010,Meta Ads,META-ACC-001,Meta Campaign 10,Website Traffic,890.43,112878,73725,4330,447,219,28736.72,USD,2026-03-04 23:30:00
2026-03-05,META-CAM-010,Meta Ads,META-ACC-001,Meta Campaign 10,Website Traffic,589.29,110568,61865,4536,540,267,33343.48,USD,2026-03-05 23:30:00
2026-03-06,META-CAM-010,Meta Ads,META-ACC-001,Meta Campaign 10,Website Traffic,552.66,51828,41433,1773,133,69,6933.45,USD,2026-03-06 23:30:00
2026-03-07,META-CAM-010,Meta Ads,META-ACC-001,Meta Campaign 10,Website Traffic,609.05,67666,47657,1578,176,88,15661.72,USD,2026-03-07 23:30:00
2026-03-08,META-CAM-010,Meta Ads,META-ACC-001,Meta Campaign 10,Website Traffic,586.66,55210,34880,972,108,55,8150.49,USD,2026-03-08 23:30:00
2026-03-09,META-CAM-010,Meta Ads,META-ACC-001,Meta Campaign 10,Website Traffic,764.19,81678,47847,2218,247,117,7844.6,USD,2026-03-09 23:30:00
2026-03-10,META-CAM-010,Meta Ads,META-ACC-001,Meta Campaign 10,Website Traffic,690.31,85950,54044,1225,134,63,10693.14,USD,2026-03-10 23:30:00
2026-03-11,META-CAM-010,Meta Ads,META-ACC-001,Meta Campaign 10,Website Traffic,554.16,106757,71092,3314,163,83,5575.97,USD,2026-03-11 23:30:00
2026-03-12,META-CAM-010,Meta Ads,META-ACC-001,Meta Campaign 10,Website Traffic,883.11,126851,101788,2584,115,65,6644.97,USD,2026-03-12 23:30:00
2026-03-13,META-CAM-010,Meta Ads,META-ACC-001,Meta Campaign 10,Website Traffic,520.92,37934,26239,1475,66,17,1885.61,USD,2026-03-13 23:30:00
2026-03-14,META-CAM-010,Meta Ads,META-ACC-001,Meta Campaign 10,Website Traffic,492.47,41236,28288,687,30,16,2567.06,USD,2026-03-14 23:30:00
2026-03-15,META-CAM-010,Meta Ads,META-ACC-001,Meta Campaign 10,Website Traffic,428.87,58469,50347,2446,164,81,15313.0,USD,2026-03-15 23:30:00
2026-03-16,META-CAM-010,Meta Ads,META-ACC-001,Meta Campaign 10,Website Traffic,793.37,83033,70104,2348,249,132,11999.35,USD,2026-03-16 23:30:00
2026-03-17,META-CAM-010,Meta Ads,META-ACC-001,Meta Campaign 10,Website Traffic,568.36,51243,28667,2103,239,130,14619.53,USD,2026-03-17 23:30:00
2026-03-18,META-CAM-010,Meta Ads,META-ACC-001,Meta Campaign 10,Website Traffic,543.72,48909,42210,1687,171,66,13456.54,USD,2026-03-18 23:30:00
2026-03-19,META-CAM-010,Meta Ads,META-ACC-001,Meta Campaign 10,Website Traffic,885.08,78979,61541,3011,201,102,10312.66,USD,2026-03-19 23:30:00
2026-03-20,META-CAM-010,Meta Ads,META-ACC-001,Meta Campaign 10,Website Traffic,605.31,112525,84508,2478,265,140,12121.72,USD,2026-03-20 23:30:00
2026-03-21,META-CAM-010,Meta Ads,META-ACC-001,Meta Campaign 10,Website Traffic,360.41,56332,42729,1571,118,67,8649.17,USD,2026-03-21 23:30:00
2026-03-22,META-CAM-010,Meta Ads,META-ACC-001,Meta Campaign 10,Website Traffic,582.98,57044,39092,2422,262,146,29311.21,USD,2026-03-22 23:30:00
2026-03-23,META-CAM-010,Meta Ads,META-ACC-001,Meta Campaign 10,Website Traffic,875.82,69316,53501,3029,268,152,19449.15,USD,2026-03-23 23:30:00
2026-03-24,META-CAM-010,Meta Ads,META-ACC-001,Meta Campaign 10,Website Traffic,588.4,54944,42075,993,56,26,4535.98,USD,2026-03-24 23:30:00
2026-03-25,META-CAM-010,Meta Ads,META-ACC-001,Meta Campaign 10,Website Traffic,937.27,116314,65279,4482,459,181,24128.82,USD,2026-03-25 23:30:00
2026-03-26,META-CAM-010,Meta Ads,META-ACC-001,Meta Campaign 10,Website Traffic,654.26,126005,107507,1662,218,101,22478.66,USD,2026-03-26 23:30:00
2026-03-27,META-CAM-010,Meta Ads,META-ACC-001,Meta Campaign 10,Website Traffic,715.81,61072,50571,2035,221,106,15700.86,USD,2026-03-27 23:30:00
2026-03-28,META-CAM-010,Meta Ads,META-ACC-001,Meta Campaign 10,Website Traffic,398.65,31432,25756,1031,94,57,8969.89,USD,2026-03-28 23:30:00
2026-03-29,META-CAM-010,Meta Ads,META-ACC-001,Meta Campaign 10,Website Traffic,386.68,64035,43933,1015,88,31,3819.75,USD,2026-03-29 23:30:00
2026-03-30,META-CAM-010,Meta Ads,META-ACC-001,Meta Campaign 10,Website Traffic,805.97,62478,47335,2322,166,70,6704.74,USD,2026-03-30 23:30:00
2026-03-31,META-CAM-010,Meta Ads,META-ACC-001,Meta Campaign 10,Website Traffic,881.94,79866,53074,1775,177,87,12976.97,USD,2026-03-31 23:30:00
2026-04-01,META-CAM-010,Meta Ads,META-ACC-001,Meta Campaign 10,Website Traffic,555.93,59936,47384,2115,268,123,14734.68,USD,2026-04-01 23:30:00
2026-04-02,META-CAM-010,Meta Ads,META-ACC-001,Meta Campaign 10,Website Traffic,619.92,44487,39164,1883,206,99,20204.22,USD,2026-04-02 23:30:00
2026-04-03,META-CAM-010,Meta Ads,META-ACC-001,Meta Campaign 10,Website Traffic,551.33,79395,66870,3031,197,87,17050.29,USD,2026-04-03 23:30:00
2026-04-04,META-CAM-010,Meta Ads,META-ACC-001,Meta Campaign 10,Website Traffic,513.67,69262,46697,2753,318,123,17967.08,USD,2026-04-04 23:30:00
2026-04-05,META-CAM-010,Meta Ads,META-ACC-001,Meta Campaign 10,Website Traffic,347.43,30054,20342,953,122,59,5311.98,USD,2026-04-05 23:30:00
2026-04-06,META-CAM-010,Meta Ads,META-ACC-001,Meta Campaign 10,Website Traffic,728.58,86997,58721,2281,101,39,2933.06,USD,2026-04-06 23:30:00
2026-04-07,META-CAM-010,Meta Ads,META-ACC-001,Meta Campaign 10,Website Traffic,857.3,161211,143043,2688,174,104,12879.02,USD,2026-04-07 23:30:00
2026-04-08,META-CAM-010,Meta Ads,META-ACC-001,Meta Campaign 10,Website Traffic,535.61,105827,85503,2714,275,150,25038.51,USD,2026-04-08 23:30:00
2026-04-09,META-CAM-010,Meta Ads,META-ACC-001,Meta Campaign 10,Website Traffic,621.67,53264,32370,2119,158,77,5573.76,USD,2026-04-09 23:30:00
2026-04-10,META-CAM-010,Meta Ads,META-ACC-001,Meta Campaign 10,Website Traffic,557.05,52514,38129,1391,142,78,11917.17,USD,2026-04-10 23:30:00
2026-04-11,META-CAM-010,Meta Ads,META-ACC-001,Meta Campaign 10,Website Traffic,368.3,27352,20185,843,63,34,2291.11,USD,2026-04-11 23:30:00
2026-04-12,META-CAM-010,Meta Ads,META-ACC-001,Meta Campaign 10,Website Traffic,587.95,58106,42381,1708,129,70,8895.47,USD,2026-04-12 23:30:00
2026-04-13,META-CAM-010,Meta Ads,META-ACC-001,Meta Campaign 10,Website Traffic,862.11,78987,52272,2960,356,166,18220.62,USD,2026-04-13 23:30:00
2026-04-14,META-CAM-010,Meta Ads,META-ACC-001,Meta Campaign 10,Website Traffic,528.48,100093,65015,3283,237,103,20471.46,USD,2026-04-14 23:30:00
2026-04-15,META-CAM-010,Meta Ads,META-ACC-001,Meta Campaign 10,Website Traffic,901.11,78430,49586,1510,186,85,9359.47,USD,2026-04-15 23:30:00
2026-04-16,META-CAM-010,Meta Ads,META-ACC-001,Meta Campaign 10,Website Traffic,808.63,67097,45706,886,75,37,5608.53,USD,2026-04-16 23:30:00
2026-04-17,META-CAM-010,Meta Ads,META-ACC-001,Meta Campaign 10,Website Traffic,728.09,68618,61617,3082,407,220,24676.35,USD,2026-04-17 23:30:00
2026-04-18,META-CAM-010,Meta Ads,META-ACC-001,Meta Campaign 10,Website Traffic,577.77,49798,29953,1236,139,65,8442.13,USD,2026-04-18 23:30:00
2026-04-19,META-CAM-010,Meta Ads,META-ACC-001,Meta Campaign 10,Website Traffic,595.51,42683,37449,1780,169,91,17440.64,USD,2026-04-19 23:30:00
2026-04-20,META-CAM-010,Meta Ads,META-ACC-001,Meta Campaign 10,Website Traffic,821.7,75160,46660,3072,338,153,18646.95,USD,2026-04-20 23:30:00
2026-04-21,META-CAM-010,Meta Ads,META-ACC-001,Meta Campaign 10,Website Traffic,665.9,67210,58949,1768,168,84,8469.13,USD,2026-04-21 23:30:00
2026-04-22,META-CAM-010,Meta Ads,META-ACC-001,Meta Campaign 10,Website Traffic,640.53,77721,66890,1835,147,75,5636.92,USD,2026-04-22 23:30:00
2026-04-23,META-CAM-010,Meta Ads,META-ACC-001,Meta Campaign 10,Website Traffic,554.99,43131,26195,1745,154,60,4193.87,USD,2026-04-23 23:30:00
2026-04-24,META-CAM-010,Meta Ads,META-ACC-001,Meta Campaign 10,Website Traffic,803.3,78334,61176,1802,209,108,17666.27,USD,2026-04-24 23:30:00
2026-04-25,META-CAM-010,Meta Ads,META-ACC-001,Meta Campaign 10,Website Traffic,376.49,28362,22329,1271,69,36,6860.11,USD,2026-04-25 23:30:00
2026-04-26,META-CAM-010,Meta Ads,META-ACC-001,Meta Campaign 10,Website Traffic,469.27,44376,28084,963,109,56,8991.47,USD,2026-04-26 23:30:00
2026-04-27,META-CAM-010,Meta Ads,META-ACC-001,Meta Campaign 10,Website Traffic,885.89,93847,80035,3079,293,151,29613.41,USD,2026-04-27 23:30:00
2026-04-28,META-CAM-010,Meta Ads,META-ACC-001,Meta Campaign 10,Website Traffic,884.91,116301,93829,3986,414,217,27737.51,USD,2026-04-28 23:30:00
2026-04-29,META-CAM-010,Meta Ads,META-ACC-001,Meta Campaign 10,Website Traffic,829.56,78515,64646,1164,77,44,5552.86,USD,2026-04-29 23:30:00
2026-04-30,META-CAM-010,Meta Ads,META-ACC-001,Meta Campaign 10,Website Traffic,943.97,142595,111357,3898,400,228,46201.42,USD,2026-04-30 23:30:00
2026-05-01,META-CAM-010,Meta Ads,META-ACC-001,Meta Campaign 10,Website Traffic,937.04,78223,51027,3185,242,119,13949.72,USD,2026-05-01 23:30:00
2026-05-02,META-CAM-010,Meta Ads,META-ACC-001,Meta Campaign 10,Website Traffic,385.99,59215,42175,1843,142,75,9904.63,USD,2026-05-02 23:30:00
2026-05-03,META-CAM-010,Meta Ads,META-ACC-001,Meta Campaign 10,Website Traffic,341.52,34967,30766,1536,176,96,16420.78,USD,2026-05-03 23:30:00
2026-05-04,META-CAM-010,Meta Ads,META-ACC-001,Meta Campaign 10,Website Traffic,912.63,104252,77876,2835,258,130,11330.97,USD,2026-05-04 23:30:00
2026-05-05,META-CAM-010,Meta Ads,META-ACC-001,Meta Campaign 10,Website Traffic,715.93,64828,57970,1996,191,95,9271.66,USD,2026-05-05 23:30:00
2026-05-06,META-CAM-010,Meta Ads,META-ACC-001,Meta Campaign 10,Website Traffic,859.94,69215,57951,1004,102,31,4132.39,USD,2026-05-06 23:30:00
2026-05-07,META-CAM-010,Meta Ads,META-ACC-001,Meta Campaign 10,Website Traffic,621.93,54840,47598,1454,167,86,8700.15,USD,2026-05-07 23:30:00
2026-05-08,META-CAM-010,Meta Ads,META-ACC-001,Meta Campaign 10,Website Traffic,600.02,65264,53619,1089,55,21,2795.89,USD,2026-05-08 23:30:00
2026-05-09,META-CAM-010,Meta Ads,META-ACC-001,Meta Campaign 10,Website Traffic,400.49,42519,34336,645,74,42,6841.77,USD,2026-05-09 23:30:00
2026-05-10,META-CAM-010,Meta Ads,META-ACC-001,Meta Campaign 10,Website Traffic,452.39,42988,35276,629,24,12,1435.24,USD,2026-05-10 23:30:00
2026-05-11,META-CAM-010,Meta Ads,META-ACC-001,Meta Campaign 10,Website Traffic,904.77,147865,118648,4950,594,319,30739.83,USD,2026-05-11 23:30:00
2026-05-12,META-CAM-010,Meta Ads,META-ACC-001,Meta Campaign 10,Website Traffic,578.42,47092,33774,1379,93,52,5182.72,USD,2026-05-12 23:30:00
2026-05-13,META-CAM-010,Meta Ads,META-ACC-001,Meta Campaign 10,Website Traffic,618.78,44299,33893,1609,178,81,6035.71,USD,2026-05-13 23:30:00
2026-05-14,META-CAM-010,Meta Ads,META-ACC-001,Meta Campaign 10,Website Traffic,744.39,105246,79240,2927,123,69,12152.51,USD,2026-05-14 23:30:00
2026-05-15,META-CAM-010,Meta Ads,META-ACC-001,Meta Campaign 10,Website Traffic,765.82,71885,39712,1085,137,77,14654.17,USD,2026-05-15 23:30:00
2026-05-16,META-CAM-010,Meta Ads,META-ACC-001,Meta Campaign 10,Website Traffic,388.11,30196,25449,418,46,27,3550.52,USD,2026-05-16 23:30:00
2026-05-17,META-CAM-010,Meta Ads,META-ACC-001,Meta Campaign 10,Website Traffic,542.87,47443,29951,1571,100,48,10057.85,USD,2026-05-17 23:30:00
2026-05-18,META-CAM-010,Meta Ads,META-ACC-001,Meta Campaign 10,Website Traffic,601.11,66818,51646,2170,260,123,9910.3,USD,2026-05-18 23:30:00
2026-05-19,META-CAM-010,Meta Ads,META-ACC-001,Meta Campaign 10,Website Traffic,666.09,92851,61062,3760,389,194,21303.71,USD,2026-05-19 23:30:00
2026-05-20,META-CAM-010,Meta Ads,META-ACC-001,Meta Campaign 10,Website Traffic,565.52,47346,28031,1579,97,45,3920.21,USD,2026-05-20 23:30:00
2026-05-21,META-CAM-010,Meta Ads,META-ACC-001,Meta Campaign 10,Website Traffic,564.08,51802,36049,1453,158,90,13396.55,USD,2026-05-21 23:30:00
2026-05-22,META-CAM-010,Meta Ads,META-ACC-001,Meta Campaign 10,Website Traffic,720.47,75716,61726,2831,242,134,26081.82,USD,2026-05-22 23:30:00
2026-05-23,META-CAM-010,Meta Ads,META-ACC-001,Meta Campaign 10,Website Traffic,335.65,33406,25590,576,42,19,3097.82,USD,2026-05-23 23:30:00
2026-05-24,META-CAM-010,Meta Ads,META-ACC-001,Meta Campaign 10,Website Traffic,437.08,66332,36850,2560,261,114,14844.12,USD,2026-05-24 23:30:00
2026-05-25,META-CAM-010,Meta Ads,META-ACC-001,Meta Campaign 10,Website Traffic,784.73,140072,105740,2427,91,45,7719.95,USD,2026-05-25 23:30:00
2026-05-26,META-CAM-010,Meta Ads,META-ACC-001,Meta Campaign 10,Website Traffic,837.56,105987,78678,2786,145,70,13476.76,USD,2026-05-26 23:30:00
2026-05-27,META-CAM-010,Meta Ads,META-ACC-001,Meta Campaign 10,Website Traffic,906.93,161037,91248,2328,191,108,18715.13,USD,2026-05-27 23:30:00
2026-05-28,META-CAM-010,Meta Ads,META-ACC-001,Meta Campaign 10,Website Traffic,543.16,51687,42447,681,72,46,6952.43,USD,2026-05-28 23:30:00
2026-05-29,META-CAM-010,Meta Ads,META-ACC-001,Meta Campaign 10,Website Traffic,939.61,98520,65736,4201,267,129,18439.03,USD,2026-05-29 23:30:00
2026-05-30,META-CAM-010,Meta Ads,META-ACC-001,Meta Campaign 10,Website Traffic,335.1,45315,39163,1723,137,56,8781.63,USD,2026-05-30 23:30:00
2026-05-31,META-CAM-010,Meta Ads,META-ACC-001,Meta Campaign 10,Website Traffic,362.3,32077,18126,1221,54,38,3515.19,USD,2026-05-31 23:30:00
2026-06-01,META-CAM-010,Meta Ads,META-ACC-001,Meta Campaign 10,Website Traffic,870.91,62470,38608,804,35,15,1787.85,USD,2026-06-01 23:30:00
2026-06-02,META-CAM-010,Meta Ads,META-ACC-001,Meta Campaign 10,Website Traffic,706.99,62853,44249,2383,267,164,16395.98,USD,2026-06-02 23:30:00
2026-06-03,META-CAM-010,Meta Ads,META-ACC-001,Meta Campaign 10,Website Traffic,528.81,42180,30301,1196,53,32,2915.3,USD,2026-06-03 23:30:00
2026-06-04,META-CAM-010,Meta Ads,META-ACC-001,Meta Campaign 10,Website Traffic,609.87,43671,38431,1077,130,61,12598.06,USD,2026-06-04 23:30:00
2026-06-05,META-CAM-010,Meta Ads,META-ACC-001,Meta Campaign 10,Website Traffic,606.9,45850,38090,1972,82,36,5268.99,USD,2026-06-05 23:30:00
2026-06-06,META-CAM-010,Meta Ads,META-ACC-001,Meta Campaign 10,Website Traffic,468.23,75139,53203,1339,117,71,8688.64,USD,2026-06-06 23:30:00
2026-06-07,META-CAM-010,Meta Ads,META-ACC-001,Meta Campaign 10,Website Traffic,489.27,46992,34032,976,116,56,4897.04,USD,2026-06-07 23:30:00
2026-06-08,META-CAM-010,Meta Ads,META-ACC-001,Meta Campaign 10,Website Traffic,539.44,40908,23804,1427,104,51,6002.23,USD,2026-06-08 23:30:00
2026-06-09,META-CAM-010,Meta Ads,META-ACC-001,Meta Campaign 10,Website Traffic,881.51,85203,67456,3606,472,233,44874.53,USD,2026-06-09 23:30:00
2026-06-10,META-CAM-010,Meta Ads,META-ACC-001,Meta Campaign 10,Website Traffic,641.83,93362,62695,3336,327,140,20467.08,USD,2026-06-10 23:30:00
2026-06-11,META-CAM-010,Meta Ads,META-ACC-001,Meta Campaign 10,Website Traffic,728.84,77462,53694,3421,348,187,37962.5,USD,2026-06-11 23:30:00
2026-06-12,META-CAM-010,Meta Ads,META-ACC-001,Meta Campaign 10,Website Traffic,623.68,104352,79088,1848,210,123,12171.28,USD,2026-06-12 23:30:00
2026-06-13,META-CAM-010,Meta Ads,META-ACC-001,Meta Campaign 10,Website Traffic,389.31,33061,23780,696,66,61,4536.11,USD,2026-06-13 23:30:00
2026-06-14,META-CAM-010,Meta Ads,META-ACC-001,Meta Campaign 10,Website Traffic,362.37,37470,22458,1602,107,66,8143.51,USD,2026-06-14 23:30:00
