date,query,page,country,device,search_type,query_type,clicks,impressions,ctr,average_position
2026-01-01,marketing analytics dashboard,/insights,India,DESKTOP,WEB,Brand,54,685,0.0788,10.23
2026-01-01,digital marketing agency,/blog/digital-marketing-agency,USA,MOBILE,WEB,Non-Brand,33,590,0.0559,6.22
2026-01-01,marketing performance dashboard,/insights,India,DESKTOP,WEB,Non-Brand,10,295,0.0339,9.71
2026-01-01,best marketing dashboard,/insights,India,MOBILE,WEB,Non-Brand,37,870,0.0425,5.07
2026-01-01,google ads roi,/blog/google-ads-roi,USA,DESKTOP,WEB,Non-Brand,25,305,0.082,21.1
2026-01-01,meta ads roi,/blog/meta-ads-roi,UK,MOBILE,WEB,Non-Brand,13,187,0.0695,30.03
2026-01-01,linkedin ads analytics,/insights,India,DESKTOP,WEB,Non-Brand,22,644,0.0342,34.71
2026-01-01,marketing kpi dashboard,/insights,USA,DESKTOP,WEB,Non-Brand,58,690,0.0841,11.6
2026-01-01,campaign roi calculator,/blog/campaign-roi-calculator,USA,DESKTOP,WEB,Non-Brand,25,393,0.0636,25.84
2026-01-01,marketing reporting tools,/blog/marketing-reporting-tools,USA,DESKTOP,WEB,Non-Brand,8,175,0.0457,14.85
2026-01-01,marketing attribution,/blog/marketing-attribution,India,MOBILE,WEB,Non-Brand,15,543,0.0276,24.62
2026-01-01,performance marketing analytics,/insights,USA,MOBILE,WEB,Non-Brand,40,796,0.0503,20.3
2026-01-01,paid media dashboard,/insights,USA,MOBILE,WEB,Non-Brand,19,372,0.0511,15.39
2026-01-01,marketing data pipeline,/blog/marketing-data-pipeline,India,DESKTOP,WEB,Non-Brand,15,197,0.0761,5.87
2026-01-01,digital campaign analytics,/insights,India,DESKTOP,WEB,Non-Brand,26,372,0.0699,14.42
2026-01-01,marketing insights,/blog/marketing-insights,UK,DESKTOP,WEB,Non-Brand,17,850,0.02,30.8
2026-01-01,seo marketing dashboard,/insights,India,MOBILE,WEB,Non-Brand,22,736,0.0299,25.69
2026-01-01,customer acquisition cost,/blog/customer-acquisition-cost,USA,DESKTOP,WEB,Non-Brand,29,393,0.0738,10.39
2026-01-01,roas dashboard,/insights,USA,MOBILE,WEB,Non-Brand,6,243,0.0247,23.71
2026-01-01,marketing roi,/blog/marketing-roi,USA,DESKTOP,WEB,Non-Brand,44,536,0.0821,6.17
2026-01-02,marketing analytics dashboard,/insights,India,TABLET,WEB,Brand,50,621,0.0805,6.75
2026-01-02,digital marketing agency,/blog/digital-marketing-agency,USA,DESKTOP,WEB,Non-Brand,9,125,0.072,27.05
2026-01-02,marketing performance dashboard,/insights,India,DESKTOP,WEB,Non-Brand,11,647,0.017,31.87
2026-01-02,best marketing dashboard,/insights,USA,DESKTOP,WEB,Non-Brand,13,205,0.0634,11.46
2026-01-02,google ads roi,/blog/google-ads-roi,USA,TABLET,WEB,Non-Brand,7,224,0.0312,6.4
2026-01-02,meta ads roi,/blog/meta-ads-roi,India,MOBILE,WEB,Non-Brand,22,870,0.0253,30.54
2026-01-02,linkedin ads analytics,/insights,India,MOBILE,WEB,Non-Brand,9,493,0.0183,20.48
2026-01-02,marketing kpi dashboard,/insights,India,DESKTOP,WEB,Non-Brand,45,829,0.0543,15.68
2026-01-02,campaign roi calculator,/blog/campaign-roi-calculator,India,TABLET,WEB,Non-Brand,53,711,0.0745,7.29
2026-01-02,marketing reporting tools,/blog/marketing-reporting-tools,UK,DESKTOP,WEB,Non-Brand,15,342,0.0439,6.12
2026-01-02,marketing attribution,/blog/marketing-attribution,Canada,TABLET,WEB,Non-Brand,14,478,0.0293,25.5
2026-01-02,performance marketing analytics,/insights,USA,DESKTOP,WEB,Non-Brand,17,227,0.0749,17.48
2026-01-02,paid media dashboard,/insights,USA,MOBILE,WEB,Non-Brand,56,884,0.0633,31.79
2026-01-02,marketing data pipeline,/blog/marketing-data-pipeline,USA,MOBILE,WEB,Non-Brand,47,610,0.077,33.0
2026-01-02,digital campaign analytics,/insights,India,TABLET,WEB,Non-Brand,29,309,0.0939,33.01
2026-01-02,marketing insights,/blog/marketing-insights,Canada,MOBILE,WEB,Non-Brand,11,132,0.0833,7.19
2026-01-02,seo marketing dashboard,/insights,India,MOBILE,WEB,Non-Brand,46,761,0.0604,9.16
2026-01-02,customer acquisition cost,/blog/customer-acquisition-cost,USA,DESKTOP,WEB,Non-Brand,37,411,0.09,12.83
2026-01-02,roas dashboard,/insights,UK,MOBILE,WEB,Non-Brand,27,814,0.0332,21.69
2026-01-02,marketing roi,/blog/marketing-roi,UK,MOBILE,WEB,Non-Brand,33,712,0.0463,12.28
2026-01-03,marketing analytics dashboard,/insights,UK,DESKTOP,WEB,Brand,69,848,0.0814,20.57
2026-01-03,digital marketing agency,/blog/digital-marketing-agency,USA,DESKTOP,WEB,Non-Brand,50,573,0.0873,28.09
2026-01-03,marketing performance dashboard,/insights,India,MOBILE,WEB,Non-Brand,7,82,0.0854,20.95
2026-01-03,best marketing dashboard,/insights,USA,MOBILE,WEB,Non-Brand,24,596,0.0403,11.23
2026-01-03,google ads roi,/blog/google-ads-roi,India,MOBILE,WEB,Non-Brand,71,845,0.084,5.78
2026-01-03,meta ads roi,/blog/meta-ads-roi,Canada,TABLET,WEB,Non-Brand,30,529,0.0567,10.2
2026-01-03,linkedin ads analytics,/insights,India,DESKTOP,WEB,Non-Brand,21,537,0.0391,33.56
2026-01-03,marketing kpi dashboard,/insights,India,DESKTOP,WEB,Non-Brand,4,163,0.0245,31.31
2026-01-03,campaign roi calculator,/blog/campaign-roi-calculator,India,DESKTOP,WEB,Non-Brand,9,452,0.0199,34.4
2026-01-03,marketing reporting tools,/blog/marketing-reporting-tools,UK,MOBILE,WEB,Non-Brand,55,688,0.0799,24.7
2026-01-03,marketing attribution,/blog/marketing-attribution,Canada,MOBILE,WEB,Non-Brand,12,240,0.05,34.18
2026-01-03,performance marketing analytics,/insights,UK,MOBILE,WEB,Non-Brand,51,673,0.0758,3.24
2026-01-03,paid media dashboard,/insights,India,DESKTOP,WEB,Non-Brand,20,283,0.0707,32.59
2026-01-03,marketing data pipeline,/blog/marketing-data-pipeline,USA,DESKTOP,WEB,Non-Brand,22,382,0.0576,13.54
2026-01-03,digital campaign analytics,/insights,India,TABLET,WEB,Non-Brand,13,700,0.0186,8.27
2026-01-03,marketing insights,/blog/marketing-insights,India,MOBILE,WEB,Non-Brand,17,706,0.0241,16.56
2026-01-03,seo marketing dashboard,/insights,India,DESKTOP,WEB,Non-Brand,17,635,0.0268,23.83
2026-01-03,customer acquisition cost,/blog/customer-acquisition-cost,USA,DESKTOP,WEB,Non-Brand,19,359,0.0529,14.41
2026-01-03,roas dashboard,/insights,USA,DESKTOP,WEB,Non-Brand,47,633,0.0742,24.48
2026-01-03,marketing roi,/blog/marketing-roi,India,DESKTOP,WEB,Non-Brand,41,456,0.0899,32.47
2026-01-04,marketing analytics dashboard,/insights,Canada,DESKTOP,WEB,Brand,25,621,0.0403,32.37
2026-01-04,digital marketing agency,/blog/digital-marketing-agency,India,MOBILE,WEB,Non-Brand,5,322,0.0155,29.61
2026-01-04,marketing performance dashboard,/insights,Canada,MOBILE,WEB,Non-Brand,46,890,0.0517,15.51
2026-01-04,best marketing dashboard,/insights,USA,MOBILE,WEB,Non-Brand,39,523,0.0746,20.27
2026-01-04,google ads roi,/blog/google-ads-roi,USA,DESKTOP,WEB,Non-Brand,19,293,0.0648,16.82
2026-01-04,meta ads roi,/blog/meta-ads-roi,USA,MOBILE,WEB,Non-Brand,20,846,0.0236,26.88
2026-01-04,linkedin ads analytics,/insights,USA,MOBILE,WEB,Non-Brand,2,118,0.0169,34.23
2026-01-04,marketing kpi dashboard,/insights,India,MOBILE,WEB,Non-Brand,4,315,0.0127,25.57
2026-01-04,campaign roi calculator,/blog/campaign-roi-calculator,UK,MOBILE,WEB,Non-Brand,41,548,0.0748,13.21
2026-01-04,marketing reporting tools,/blog/marketing-reporting-tools,USA,DESKTOP,WEB,Non-Brand,3,83,0.0361,34.29
2026-01-04,marketing attribution,/blog/marketing-attribution,India,MOBILE,WEB,Non-Brand,12,195,0.0615,4.81
2026-01-04,performance marketing analytics,/insights,USA,DESKTOP,WEB,Non-Brand,37,459,0.0806,19.01
2026-01-04,paid media dashboard,/insights,USA,DESKTOP,WEB,Non-Brand,21,375,0.056,6.99
2026-01-04,marketing data pipeline,/blog/marketing-data-pipeline,USA,MOBILE,WEB,Non-Brand,6,404,0.0149,29.53
2026-01-04,digital campaign analytics,/insights,USA,MOBILE,WEB,Non-Brand,16,629,0.0254,28.62
2026-01-04,marketing insights,/blog/marketing-insights,USA,TABLET,WEB,Non-Brand,6,109,0.055,4.83
2026-01-04,seo marketing dashboard,/insights,India,MOBILE,WEB,Non-Brand,20,388,0.0515,6.03
2026-01-04,customer acquisition cost,/blog/customer-acquisition-cost,USA,MOBILE,WEB,Non-Brand,20,423,0.0473,12.61
2026-01-04,roas dashboard,/insights,UK,MOBILE,WEB,Non-Brand,26,730,0.0356,3.91
2026-01-04,marketing roi,/blog/marketing-roi,UK,DESKTOP,WEB,Non-Brand,36,589,0.0611,15.25
2026-01-05,marketing analytics dashboard,/insights,USA,MOBILE,WEB,Brand,31,582,0.0533,4.1
2026-01-05,digital marketing agency,/blog/digital-marketing-agency,UK,MOBILE,WEB,Non-Brand,49,847,0.0579,27.02
2026-01-05,marketing performance dashboard,/insights,USA,MOBILE,WEB,Non-Brand,23,665,0.0346,2.55
2026-01-05,best marketing dashboard,/insights,USA,MOBILE,WEB,Non-Brand,13,148,0.0878,21.58
2026-01-05,google ads roi,/blog/google-ads-roi,India,MOBILE,WEB,Non-Brand,8,312,0.0256,13.88
2026-01-05,meta ads roi,/blog/meta-ads-roi,USA,DESKTOP,WEB,Non-Brand,12,191,0.0628,17.54
2026-01-05,linkedin ads analytics,/insights,USA,DESKTOP,WEB,Non-Brand,19,882,0.0215,17.25
2026-01-05,marketing kpi dashboard,/insights,UK,MOBILE,WEB,Non-Brand,17,322,0.0528,32.55
2026-01-05,campaign roi calculator,/blog/campaign-roi-calculator,UK,MOBILE,WEB,Non-Brand,19,649,0.0293,6.68
2026-01-05,marketing reporting tools,/blog/marketing-reporting-tools,USA,MOBILE,WEB,Non-Brand,14,429,0.0326,16.19
2026-01-05,marketing attribution,/blog/marketing-attribution,India,DESKTOP,WEB,Non-Brand,54,698,0.0774,13.41
2026-01-05,performance marketing analytics,/insights,USA,DESKTOP,WEB,Non-Brand,18,741,0.0243,22.7
2026-01-05,paid media dashboard,/insights,USA,TABLET,WEB,Non-Brand,47,823,0.0571,28.7
2026-01-05,marketing data pipeline,/blog/marketing-data-pipeline,India,DESKTOP,WEB,Non-Brand,6,137,0.0438,21.24
2026-01-05,digital campaign analytics,/insights,UK,DESKTOP,WEB,Non-Brand,56,701,0.0799,15.65
2026-01-05,marketing insights,/blog/marketing-insights,USA,DESKTOP,WEB,Non-Brand,14,523,0.0268,3.46
2026-01-05,seo marketing dashboard,/insights,India,MOBILE,WEB,Non-Brand,36,513,0.0702,23.88
2026-01-05,customer acquisition cost,/blog/customer-acquisition-cost,Canada,MOBILE,WEB,Non-Brand,4,103,0.0388,16.47
2026-01-05,roas dashboard,/insights,India,MOBILE,WEB,Non-Brand,7,125,0.056,17.61
2026-01-05,marketing roi,/blog/marketing-roi,USA,MOBILE,WEB,Non-Brand,32,672,0.0476,23.92
2026-01-06,marketing analytics dashboard,/insights,USA,DESKTOP,WEB,Brand,44,662,0.0665,19.01
2026-01-06,digital marketing agency,/blog/digital-marketing-agency,USA,DESKTOP,WEB,Non-Brand,25,541,0.0462,11.04
2026-01-06,marketing performance dashboard,/insights,UK,MOBILE,WEB,Non-Brand,1,107,0.0093,9.09
2026-01-06,best marketing dashboard,/insights,UK,MOBILE,WEB,Non-Brand,34,462,0.0736,14.53
2026-01-06,google ads roi,/blog/google-ads-roi,UK,MOBILE,WEB,Non-Brand,24,257,0.0934,4.15
2026-01-06,meta ads roi,/blog/meta-ads-roi,UK,DESKTOP,WEB,Non-Brand,13,611,0.0213,19.75
2026-01-06,linkedin ads analytics,/insights,UK,MOBILE,WEB,Non-Brand,5,257,0.0195,18.05
2026-01-06,marketing kpi dashboard,/insights,India,DESKTOP,WEB,Non-Brand,7,389,0.018,15.08
2026-01-06,campaign roi calculator,/blog/campaign-roi-calculator,UK,DESKTOP,WEB,Non-Brand,4,242,0.0165,30.07
2026-01-06,marketing reporting tools,/blog/marketing-reporting-tools,India,DESKTOP,WEB,Non-Brand,2,141,0.0142,10.11
2026-01-06,marketing attribution,/blog/marketing-attribution,India,DESKTOP,WEB,Non-Brand,40,623,0.0642,27.65
2026-01-06,performance marketing analytics,/insights,UK,DESKTOP,WEB,Non-Brand,13,696,0.0187,24.09
2026-01-06,paid media dashboard,/insights,USA,MOBILE,WEB,Non-Brand,8,375,0.0213,16.65
2026-01-06,marketing data pipeline,/blog/marketing-data-pipeline,USA,MOBILE,WEB,Non-Brand,53,677,0.0783,17.21
2026-01-06,digital campaign analytics,/insights,India,DESKTOP,WEB,Non-Brand,34,540,0.063,9.76
2026-01-06,marketing insights,/blog/marketing-insights,USA,MOBILE,WEB,Non-Brand,7,154,0.0455,10.86
2026-01-06,seo marketing dashboard,/insights,USA,DESKTOP,WEB,Non-Brand,47,529,0.0888,25.64
2026-01-06,customer acquisition cost,/blog/customer-acquisition-cost,Canada,DESKTOP,WEB,Non-Brand,24,292,0.0822,19.71
2026-01-06,roas dashboard,/insights,USA,DESKTOP,WEB,Non-Brand,19,255,0.0745,18.73
2026-01-06,marketing roi,/blog/marketing-roi,UK,DESKTOP,WEB,Non-Brand,21,560,0.0375,32.75
2026-01-07,marketing analytics dashboard,/insights,UK,MOBILE,WEB,Brand,10,762,0.0131,19.53
2026-01-07,digital marketing agency,/blog/digital-marketing-agency,USA,DESKTOP,WEB,Non-Brand,69,764,0.0903,16.48
2026-01-07,marketing performance dashboard,/insights,USA,MOBILE,WEB,Non-Brand,16,721,0.0222,18.53
2026-01-07,best marketing dashboard,/insights,India,DESKTOP,WEB,Non-Brand,19,670,0.0284,34.88
2026-01-07,google ads roi,/blog/google-ads-roi,USA,DESKTOP,WEB,Non-Brand,12,700,0.0171,28.5
2026-01-07,meta ads roi,/blog/meta-ads-roi,UK,MOBILE,WEB,Non-Brand,21,231,0.0909,24.22
2026-01-07,linkedin ads analytics,/insights,USA,MOBILE,WEB,Non-Brand,13,317,0.041,9.74
2026-01-07,marketing kpi dashboard,/insights,India,DESKTOP,WEB,Non-Brand,28,549,0.051,23.87
2026-01-07,campaign roi calculator,/blog/campaign-roi-calculator,India,DESKTOP,WEB,Non-Brand,5,169,0.0296,20.79
2026-01-07,marketing reporting tools,/blog/marketing-reporting-tools,India,MOBILE,WEB,Non-Brand,18,499,0.0361,18.76
2026-01-07,marketing attribution,/blog/marketing-attribution,USA,DESKTOP,WEB,Non-Brand,6,212,0.0283,5.18
2026-01-07,performance marketing analytics,/insights,India,DESKTOP,WEB,Non-Brand,8,280,0.0286,10.43
2026-01-07,paid media dashboard,/insights,India,DESKTOP,WEB,Non-Brand,11,170,0.0647,32.04
2026-01-07,marketing data pipeline,/blog/marketing-data-pipeline,UK,DESKTOP,WEB,Non-Brand,9,531,0.0169,7.15
2026-01-07,digital campaign analytics,/insights,India,MOBILE,WEB,Non-Brand,18,230,0.0783,22.7
2026-01-07,marketing insights,/blog/marketing-insights,UK,MOBILE,WEB,Non-Brand,18,495,0.0364,19.58
2026-01-07,seo marketing dashboard,/insights,USA,DESKTOP,WEB,Non-Brand,70,758,0.0923,17.13
2026-01-07,customer acquisition cost,/blog/customer-acquisition-cost,India,DESKTOP,WEB,Non-Brand,21,579,0.0363,25.3
2026-01-07,roas dashboard,/insights,Canada,DESKTOP,WEB,Non-Brand,43,720,0.0597,9.2
2026-01-07,marketing roi,/blog/marketing-roi,USA,MOBILE,WEB,Non-Brand,22,619,0.0355,24.52
2026-01-08,marketing analytics dashboard,/insights,India,MOBILE,WEB,Brand,6,328,0.0183,17.36
2026-01-08,digital marketing agency,/blog/digital-marketing-agency,USA,DESKTOP,WEB,Non-Brand,70,838,0.0835,28.63
2026-01-08,marketing performance dashboard,/insights,India,MOBILE,WEB,Non-Brand,7,470,0.0149,31.25
2026-01-08,best marketing dashboard,/insights,Canada,DESKTOP,WEB,Non-Brand,8,442,0.0181,23.26
2026-01-08,google ads roi,/blog/google-ads-roi,USA,TABLET,WEB,Non-Brand,40,859,0.0466,32.41
2026-01-08,meta ads roi,/blog/meta-ads-roi,USA,MOBILE,WEB,Non-Brand,2,156,0.0128,32.34
2026-01-08,linkedin ads analytics,/insights,USA,TABLET,WEB,Non-Brand,7,104,0.0673,15.16
2026-01-08,marketing kpi dashboard,/insights,USA,DESKTOP,WEB,Non-Brand,40,869,0.046,7.52
2026-01-08,campaign roi calculator,/blog/campaign-roi-calculator,India,TABLET,WEB,Non-Brand,11,225,0.0489,29.46
2026-01-08,marketing reporting tools,/blog/marketing-reporting-tools,UK,DESKTOP,WEB,Non-Brand,31,628,0.0494,30.34
2026-01-08,marketing attribution,/blog/marketing-attribution,USA,MOBILE,WEB,Non-Brand,61,680,0.0897,6.91
2026-01-08,performance marketing analytics,/insights,USA,MOBILE,WEB,Non-Brand,8,538,0.0149,34.69
2026-01-08,paid media dashboard,/insights,USA,MOBILE,WEB,Non-Brand,28,326,0.0859,6.17
2026-01-08,marketing data pipeline,/blog/marketing-data-pipeline,India,TABLET,WEB,Non-Brand,13,376,0.0346,10.18
2026-01-08,digital campaign analytics,/insights,USA,DESKTOP,WEB,Non-Brand,19,392,0.0485,33.75
2026-01-08,marketing insights,/blog/marketing-insights,India,DESKTOP,WEB,Non-Brand,5,390,0.0128,7.83
2026-01-08,seo marketing dashboard,/insights,USA,MOBILE,WEB,Non-Brand,3,230,0.013,17.11
2026-01-08,customer acquisition cost,/blog/customer-acquisition-cost,USA,DESKTOP,WEB,Non-Brand,29,670,0.0433,19.4
2026-01-08,roas dashboard,/insights,USA,DESKTOP,WEB,Non-Brand,7,595,0.0118,14.31
2026-01-08,marketing roi,/blog/marketing-roi,USA,DESKTOP,WEB,Non-Brand,34,427,0.0796,9.5
2026-01-09,marketing analytics dashboard,/insights,USA,MOBILE,WEB,Brand,26,524,0.0496,27.08
2026-01-09,digital marketing agency,/blog/digital-marketing-agency,USA,DESKTOP,WEB,Non-Brand,9,111,0.0811,6.34
2026-01-09,marketing performance dashboard,/insights,India,DESKTOP,WEB,Non-Brand,26,377,0.069,30.87
2026-01-09,best marketing dashboard,/insights,Canada,MOBILE,WEB,Non-Brand,22,593,0.0371,18.51
2026-01-09,google ads roi,/blog/google-ads-roi,USA,DESKTOP,WEB,Non-Brand,11,683,0.0161,16.89
2026-01-09,meta ads roi,/blog/meta-ads-roi,India,MOBILE,WEB,Non-Brand,40,710,0.0563,22.81
2026-01-09,linkedin ads analytics,/insights,UK,MOBILE,WEB,Non-Brand,7,483,0.0145,15.14
2026-01-09,marketing kpi dashboard,/insights,USA,MOBILE,WEB,Non-Brand,17,467,0.0364,4.81
2026-01-09,campaign roi calculator,/blog/campaign-roi-calculator,UK,DESKTOP,WEB,Non-Brand,3,142,0.0211,11.56
2026-01-09,marketing reporting tools,/blog/marketing-reporting-tools,India,DESKTOP,WEB,Non-Brand,12,432,0.0278,5.61
2026-01-09,marketing attribution,/blog/marketing-attribution,UK,DESKTOP,WEB,Non-Brand,37,483,0.0766,29.29
2026-01-09,performance marketing analytics,/insights,USA,DESKTOP,WEB,Non-Brand,9,253,0.0356,23.65
2026-01-09,paid media dashboard,/insights,USA,DESKTOP,WEB,Non-Brand,42,640,0.0656,23.85
2026-01-09,marketing data pipeline,/blog/marketing-data-pipeline,UK,MOBILE,WEB,Non-Brand,32,506,0.0632,29.58
2026-01-09,digital campaign analytics,/insights,India,MOBILE,WEB,Non-Brand,22,495,0.0444,9.68
2026-01-09,marketing insights,/blog/marketing-insights,UK,MOBILE,WEB,Non-Brand,15,373,0.0402,20.16
2026-01-09,seo marketing dashboard,/insights,USA,MOBILE,WEB,Non-Brand,79,855,0.0924,13.15
2026-01-09,customer acquisition cost,/blog/customer-acquisition-cost,India,DESKTOP,WEB,Non-Brand,4,152,0.0263,27.14
2026-01-09,roas dashboard,/insights,USA,DESKTOP,WEB,Non-Brand,28,522,0.0536,11.1
2026-01-09,marketing roi,/blog/marketing-roi,India,MOBILE,WEB,Non-Brand,3,176,0.017,26.35
2026-01-10,marketing analytics dashboard,/insights,USA,DESKTOP,WEB,Brand,18,397,0.0453,9.12
2026-01-10,digital marketing agency,/blog/digital-marketing-agency,India,DESKTOP,WEB,Non-Brand,33,492,0.0671,24.29
2026-01-10,marketing performance dashboard,/insights,Canada,DESKTOP,WEB,Non-Brand,59,864,0.0683,13.34
2026-01-10,best marketing dashboard,/insights,UK,DESKTOP,WEB,Non-Brand,28,363,0.0771,33.84
2026-01-10,google ads roi,/blog/google-ads-roi,USA,MOBILE,WEB,Non-Brand,36,674,0.0534,8.61
2026-01-10,meta ads roi,/blog/meta-ads-roi,USA,MOBILE,WEB,Non-Brand,52,826,0.063,16.97
2026-01-10,linkedin ads analytics,/insights,Canada,MOBILE,WEB,Non-Brand,5,260,0.0192,23.5
2026-01-10,marketing kpi dashboard,/insights,UK,DESKTOP,WEB,Non-Brand,15,366,0.041,15.07
2026-01-10,campaign roi calculator,/blog/campaign-roi-calculator,UK,MOBILE,WEB,Non-Brand,2,95,0.0211,9.11
2026-01-10,marketing reporting tools,/blog/marketing-reporting-tools,India,DESKTOP,WEB,Non-Brand,7,100,0.07,27.67
2026-01-10,marketing attribution,/blog/marketing-attribution,Canada,DESKTOP,WEB,Non-Brand,11,187,0.0588,20.14
2026-01-10,performance marketing analytics,/insights,USA,DESKTOP,WEB,Non-Brand,59,698,0.0845,31.03
2026-01-10,paid media dashboard,/insights,India,MOBILE,WEB,Non-Brand,66,857,0.077,29.51
2026-01-10,marketing data pipeline,/blog/marketing-data-pipeline,UK,DESKTOP,WEB,Non-Brand,18,813,0.0221,5.2
2026-01-10,digital campaign analytics,/insights,India,MOBILE,WEB,Non-Brand,17,231,0.0736,3.53
2026-01-10,marketing insights,/blog/marketing-insights,USA,MOBILE,WEB,Non-Brand,61,786,0.0776,30.17
2026-01-10,seo marketing dashboard,/insights,India,DESKTOP,WEB,Non-Brand,8,156,0.0513,26.11
2026-01-10,customer acquisition cost,/blog/customer-acquisition-cost,India,DESKTOP,WEB,Non-Brand,12,192,0.0625,10.99
2026-01-10,roas dashboard,/insights,USA,DESKTOP,WEB,Non-Brand,29,690,0.042,30.79
2026-01-10,marketing roi,/blog/marketing-roi,UK,DESKTOP,WEB,Non-Brand,38,536,0.0709,21.79
2026-01-11,marketing analytics dashboard,/insights,India,MOBILE,WEB,Brand,69,794,0.0869,8.96
2026-01-11,digital marketing agency,/blog/digital-marketing-agency,USA,MOBILE,WEB,Non-Brand,43,683,0.063,9.32
2026-01-11,marketing performance dashboard,/insights,Canada,DESKTOP,WEB,Non-Brand,26,610,0.0426,26.66
2026-01-11,best marketing dashboard,/insights,India,MOBILE,WEB,Non-Brand,62,709,0.0874,13.37
2026-01-11,google ads roi,/blog/google-ads-roi,India,DESKTOP,WEB,Non-Brand,29,371,0.0782,16.08
2026-01-11,meta ads roi,/blog/meta-ads-roi,USA,DESKTOP,WEB,Non-Brand,23,268,0.0858,31.87
2026-01-11,linkedin ads analytics,/insights,USA,MOBILE,WEB,Non-Brand,4,335,0.0119,32.58
2026-01-11,marketing kpi dashboard,/insights,USA,MOBILE,WEB,Non-Brand,51,854,0.0597,7.93
2026-01-11,campaign roi calculator,/blog/campaign-roi-calculator,USA,DESKTOP,WEB,Non-Brand,34,831,0.0409,5.24
2026-01-11,marketing reporting tools,/blog/marketing-reporting-tools,India,DESKTOP,WEB,Non-Brand,18,523,0.0344,25.43
2026-01-11,marketing attribution,/blog/marketing-attribution,USA,DESKTOP,WEB,Non-Brand,49,551,0.0889,5.99
2026-01-11,performance marketing analytics,/insights,USA,DESKTOP,WEB,Non-Brand,10,182,0.0549,29.89
2026-01-11,paid media dashboard,/insights,India,DESKTOP,WEB,Non-Brand,51,596,0.0856,25.43
2026-01-11,marketing data pipeline,/blog/marketing-data-pipeline,India,DESKTOP,WEB,Non-Brand,45,584,0.0771,32.76
2026-01-11,digital campaign analytics,/insights,UK,DESKTOP,WEB,Non-Brand,6,135,0.0444,34.38
2026-01-11,marketing insights,/blog/marketing-insights,USA,DESKTOP,WEB,Non-Brand,16,878,0.0182,3.2
2026-01-11,seo marketing dashboard,/insights,India,DESKTOP,WEB,Non-Brand,17,274,0.062,27.67
2026-01-11,customer acquisition cost,/blog/customer-acquisition-cost,USA,DESKTOP,WEB,Non-Brand,38,500,0.076,31.0
2026-01-11,roas dashboard,/insights,India,DESKTOP,WEB,Non-Brand,22,237,0.0928,24.9
2026-01-11,marketing roi,/blog/marketing-roi,India,DESKTOP,WEB,Non-Brand,14,163,0.0859,28.8
2026-01-12,marketing analytics dashboard,/insights,USA,MOBILE,WEB,Brand,22,252,0.0873,31.31
2026-01-12,digital marketing agency,/blog/digital-marketing-agency,USA,DESKTOP,WEB,Non-Brand,28,340,0.0824,32.4
2026-01-12,marketing performance dashboard,/insights,USA,MOBILE,WEB,Non-Brand,34,821,0.0414,7.63
2026-01-12,best marketing dashboard,/insights,India,MOBILE,WEB,Non-Brand,58,681,0.0852,26.2
2026-01-12,google ads roi,/blog/google-ads-roi,India,MOBILE,WEB,Non-Brand,22,454,0.0485,10.94
2026-01-12,meta ads roi,/blog/meta-ads-roi,India,DESKTOP,WEB,Non-Brand,13,542,0.024,15.38
2026-01-12,linkedin ads analytics,/insights,India,MOBILE,WEB,Non-Brand,22,355,0.062,14.06
2026-01-12,marketing kpi dashboard,/insights,UK,DESKTOP,WEB,Non-Brand,14,444,0.0315,3.32
2026-01-12,campaign roi calculator,/blog/campaign-roi-calculator,USA,DESKTOP,WEB,Non-Brand,23,322,0.0714,27.75
2026-01-12,marketing reporting tools,/blog/marketing-reporting-tools,India,MOBILE,WEB,Non-Brand,18,226,0.0796,2.84
2026-01-12,marketing attribution,/blog/marketing-attribution,India,DESKTOP,WEB,Non-Brand,12,533,0.0225,28.73
2026-01-12,performance marketing analytics,/insights,USA,MOBILE,WEB,Non-Brand,28,365,0.0767,34.47
2026-01-12,paid media dashboard,/insights,USA,MOBILE,WEB,Non-Brand,13,140,0.0929,6.37
2026-01-12,marketing data pipeline,/blog/marketing-data-pipeline,USA,MOBILE,WEB,Non-Brand,4,344,0.0116,4.2
2026-01-12,digital campaign analytics,/insights,Canada,DESKTOP,WEB,Non-Brand,13,314,0.0414,30.43
2026-01-12,marketing insights,/blog/marketing-insights,USA,MOBILE,WEB,Non-Brand,19,418,0.0455,26.21
2026-01-12,seo marketing dashboard,/insights,USA,MOBILE,WEB,Non-Brand,32,424,0.0755,15.5
2026-01-12,customer acquisition cost,/blog/customer-acquisition-cost,USA,MOBILE,WEB,Non-Brand,51,579,0.0881,27.15
2026-01-12,roas dashboard,/insights,USA,DESKTOP,WEB,Non-Brand,10,356,0.0281,22.52
2026-01-12,marketing roi,/blog/marketing-roi,USA,DESKTOP,WEB,Non-Brand,3,186,0.0161,8.01
2026-01-13,marketing analytics dashboard,/insights,USA,DESKTOP,WEB,Brand,6,436,0.0138,13.91
2026-01-13,digital marketing agency,/blog/digital-marketing-agency,UK,DESKTOP,WEB,Non-Brand,9,142,0.0634,27.0
2026-01-13,marketing performance dashboard,/insights,USA,DESKTOP,WEB,Non-Brand,35,688,0.0509,3.57
2026-01-13,best marketing dashboard,/insights,USA,MOBILE,WEB,Non-Brand,22,748,0.0294,20.66
2026-01-13,google ads roi,/blog/google-ads-roi,UK,DESKTOP,WEB,Non-Brand,9,307,0.0293,9.87
2026-01-13,meta ads roi,/blog/meta-ads-roi,USA,DESKTOP,WEB,Non-Brand,9,121,0.0744,23.13
2026-01-13,linkedin ads analytics,/insights,USA,DESKTOP,WEB,Non-Brand,36,467,0.0771,20.11
2026-01-13,marketing kpi dashboard,/insights,USA,MOBILE,WEB,Non-Brand,50,553,0.0904,6.41
2026-01-13,campaign roi calculator,/blog/campaign-roi-calculator,USA,DESKTOP,WEB,Non-Brand,9,204,0.0441,31.26
2026-01-13,marketing reporting tools,/blog/marketing-reporting-tools,USA,DESKTOP,WEB,Non-Brand,50,894,0.0559,26.45
2026-01-13,marketing attribution,/blog/marketing-attribution,USA,MOBILE,WEB,Non-Brand,16,462,0.0346,12.14
2026-01-13,performance marketing analytics,/insights,USA,DESKTOP,WEB,Non-Brand,39,751,0.0519,29.16
2026-01-13,paid media dashboard,/insights,India,MOBILE,WEB,Non-Brand,48,513,0.0936,32.97
2026-01-13,marketing data pipeline,/blog/marketing-data-pipeline,USA,DESKTOP,WEB,Non-Brand,8,350,0.0229,19.67
2026-01-13,digital campaign analytics,/insights,USA,DESKTOP,WEB,Non-Brand,10,176,0.0568,31.97
2026-01-13,marketing insights,/blog/marketing-insights,UK,MOBILE,WEB,Non-Brand,54,896,0.0603,29.28
2026-01-13,seo marketing dashboard,/insights,USA,MOBILE,WEB,Non-Brand,18,258,0.0698,11.58
2026-01-13,customer acquisition cost,/blog/customer-acquisition-cost,India,DESKTOP,WEB,Non-Brand,17,675,0.0252,4.41
2026-01-13,roas dashboard,/insights,UK,MOBILE,WEB,Non-Brand,14,567,0.0247,32.4
2026-01-13,marketing roi,/blog/marketing-roi,UK,MOBILE,WEB,Non-Brand,24,293,0.0819,24.76
2026-01-14,marketing analytics dashboard,/insights,USA,DESKTOP,WEB,Brand,10,290,0.0345,28.49
2026-01-14,digital marketing agency,/blog/digital-marketing-agency,India,MOBILE,WEB,Non-Brand,41,685,0.0599,12.08
2026-01-14,marketing performance dashboard,/insights,India,DESKTOP,WEB,Non-Brand,7,237,0.0295,22.07
2026-01-14,best marketing dashboard,/insights,USA,MOBILE,WEB,Non-Brand,7,637,0.011,12.87
2026-01-14,google ads roi,/blog/google-ads-roi,USA,DESKTOP,WEB,Non-Brand,18,725,0.0248,22.3
2026-01-14,meta ads roi,/blog/meta-ads-roi,USA,TABLET,WEB,Non-Brand,7,213,0.0329,6.97
2026-01-14,linkedin ads analytics,/insights,India,DESKTOP,WEB,Non-Brand,56,668,0.0838,5.17
2026-01-14,marketing kpi dashboard,/insights,India,DESKTOP,WEB,Non-Brand,11,355,0.031,25.35
2026-01-14,campaign roi calculator,/blog/campaign-roi-calculator,India,DESKTOP,WEB,Non-Brand,23,337,0.0682,16.57
2026-01-14,marketing reporting tools,/blog/marketing-reporting-tools,UK,TABLET,WEB,Non-Brand,9,482,0.0187,25.61
2026-01-14,marketing attribution,/blog/marketing-attribution,UK,DESKTOP,WEB,Non-Brand,18,210,0.0857,23.12
2026-01-14,performance marketing analytics,/insights,USA,MOBILE,WEB,Non-Brand,47,769,0.0611,29.16
2026-01-14,paid media dashboard,/insights,USA,MOBILE,WEB,Non-Brand,17,268,0.0634,3.68
2026-01-14,marketing data pipeline,/blog/marketing-data-pipeline,USA,DESKTOP,WEB,Non-Brand,7,109,0.0642,6.51
2026-01-14,digital campaign analytics,/insights,UK,MOBILE,WEB,Non-Brand,23,654,0.0352,14.23
2026-01-14,marketing insights,/blog/marketing-insights,India,MOBILE,WEB,Non-Brand,12,504,0.0238,29.22
2026-01-14,seo marketing dashboard,/insights,USA,MOBILE,WEB,Non-Brand,35,757,0.0462,16.56
2026-01-14,customer acquisition cost,/blog/customer-acquisition-cost,USA,MOBILE,WEB,Non-Brand,48,786,0.0611,6.59
2026-01-14,roas dashboard,/insights,UK,DESKTOP,WEB,Non-Brand,19,318,0.0597,19.76
2026-01-14,marketing roi,/blog/marketing-roi,Canada,DESKTOP,WEB,Non-Brand,44,724,0.0608,12.86
2026-01-15,marketing analytics dashboard,/insights,USA,MOBILE,WEB,Brand,49,851,0.0576,34.61
2026-01-15,digital marketing agency,/blog/digital-marketing-agency,USA,DESKTOP,WEB,Non-Brand,21,337,0.0623,32.02
2026-01-15,marketing performance dashboard,/insights,UK,MOBILE,WEB,Non-Brand,27,755,0.0358,30.35
2026-01-15,best marketing dashboard,/insights,India,DESKTOP,WEB,Non-Brand,49,592,0.0828,31.4
2026-01-15,google ads roi,/blog/google-ads-roi,India,DESKTOP,WEB,Non-Brand,4,318,0.0126,19.9
2026-01-15,meta ads roi,/blog/meta-ads-roi,UK,DESKTOP,WEB,Non-Brand,26,367,0.0708,15.73
2026-01-15,linkedin ads analytics,/insights,USA,DESKTOP,WEB,Non-Brand,14,258,0.0543,31.87
2026-01-15,marketing kpi dashboard,/insights,USA,MOBILE,WEB,Non-Brand,3,90,0.0333,29.1
2026-01-15,campaign roi calculator,/blog/campaign-roi-calculator,India,DESKTOP,WEB,Non-Brand,68,817,0.0832,20.62
2026-01-15,marketing reporting tools,/blog/marketing-reporting-tools,USA,DESKTOP,WEB,Non-Brand,33,593,0.0556,28.39
2026-01-15,marketing attribution,/blog/marketing-attribution,India,MOBILE,WEB,Non-Brand,3,205,0.0146,27.39
2026-01-15,performance marketing analytics,/insights,India,MOBILE,WEB,Non-Brand,48,617,0.0778,10.82
2026-01-15,paid media dashboard,/insights,UK,DESKTOP,WEB,Non-Brand,8,158,0.0506,18.62
2026-01-15,marketing data pipeline,/blog/marketing-data-pipeline,UK,MOBILE,WEB,Non-Brand,31,693,0.0447,13.63
2026-01-15,digital campaign analytics,/insights,USA,MOBILE,WEB,Non-Brand,15,401,0.0374,8.32
2026-01-15,marketing insights,/blog/marketing-insights,USA,DESKTOP,WEB,Non-Brand,8,90,0.0889,16.38
2026-01-15,seo marketing dashboard,/insights,India,MOBILE,WEB,Non-Brand,59,746,0.0791,5.66
2026-01-15,customer acquisition cost,/blog/customer-acquisition-cost,UK,MOBILE,WEB,Non-Brand,34,379,0.0897,13.07
2026-01-15,roas dashboard,/insights,India,DESKTOP,WEB,Non-Brand,32,583,0.0549,12.1
2026-01-15,marketing roi,/blog/marketing-roi,USA,DESKTOP,WEB,Non-Brand,10,241,0.0415,25.04
2026-01-16,marketing analytics dashboard,/insights,USA,MOBILE,WEB,Brand,34,860,0.0395,29.81
2026-01-16,digital marketing agency,/blog/digital-marketing-agency,UK,MOBILE,WEB,Non-Brand,55,612,0.0899,31.83
2026-01-16,marketing performance dashboard,/insights,USA,MOBILE,WEB,Non-Brand,55,841,0.0654,4.25
2026-01-16,best marketing dashboard,/insights,India,DESKTOP,WEB,Non-Brand,34,826,0.0412,7.73
2026-01-16,google ads roi,/blog/google-ads-roi,USA,DESKTOP,WEB,Non-Brand,10,477,0.021,33.3
2026-01-16,meta ads roi,/blog/meta-ads-roi,India,DESKTOP,WEB,Non-Brand,46,552,0.0833,4.84
2026-01-16,linkedin ads analytics,/insights,Canada,MOBILE,WEB,Non-Brand,13,408,0.0319,16.89
2026-01-16,marketing kpi dashboard,/insights,India,DESKTOP,WEB,Non-Brand,35,785,0.0446,28.18
2026-01-16,campaign roi calculator,/blog/campaign-roi-calculator,India,MOBILE,WEB,Non-Brand,28,464,0.0603,7.45
2026-01-16,marketing reporting tools,/blog/marketing-reporting-tools,UK,DESKTOP,WEB,Non-Brand,52,678,0.0767,31.76
2026-01-16,marketing attribution,/blog/marketing-attribution,Canada,DESKTOP,WEB,Non-Brand,35,485,0.0722,5.96
2026-01-16,performance marketing analytics,/insights,USA,DESKTOP,WEB,Non-Brand,7,137,0.0511,29.95
2026-01-16,paid media dashboard,/insights,India,DESKTOP,WEB,Non-Brand,23,308,0.0747,15.35
2026-01-16,marketing data pipeline,/blog/marketing-data-pipeline,USA,DESKTOP,WEB,Non-Brand,45,781,0.0576,12.0
2026-01-16,digital campaign analytics,/insights,India,DESKTOP,WEB,Non-Brand,11,323,0.0341,10.44
2026-01-16,marketing insights,/blog/marketing-insights,UK,DESKTOP,WEB,Non-Brand,42,899,0.0467,30.18
2026-01-16,seo marketing dashboard,/insights,Canada,DESKTOP,WEB,Non-Brand,30,830,0.0361,8.99
2026-01-16,customer acquisition cost,/blog/customer-acquisition-cost,Canada,MOBILE,WEB,Non-Brand,22,580,0.0379,7.3
2026-01-16,roas dashboard,/insights,Canada,DESKTOP,WEB,Non-Brand,12,170,0.0706,21.97
2026-01-16,marketing roi,/blog/marketing-roi,USA,MOBILE,WEB,Non-Brand,35,696,0.0503,14.2
2026-01-17,marketing analytics dashboard,/insights,India,MOBILE,WEB,Brand,6,304,0.0197,34.33
2026-01-17,digital marketing agency,/blog/digital-marketing-agency,India,DESKTOP,WEB,Non-Brand,19,260,0.0731,11.71
2026-01-17,marketing performance dashboard,/insights,USA,DESKTOP,WEB,Non-Brand,5,279,0.0179,14.44
2026-01-17,best marketing dashboard,/insights,USA,DESKTOP,WEB,Non-Brand,24,485,0.0495,3.13
2026-01-17,google ads roi,/blog/google-ads-roi,Canada,MOBILE,WEB,Non-Brand,17,338,0.0503,7.76
2026-01-17,meta ads roi,/blog/meta-ads-roi,USA,MOBILE,WEB,Non-Brand,61,685,0.0891,6.23
2026-01-17,linkedin ads analytics,/insights,India,DESKTOP,WEB,Non-Brand,21,239,0.0879,29.02
2026-01-17,marketing kpi dashboard,/insights,USA,DESKTOP,WEB,Non-Brand,9,482,0.0187,14.27
2026-01-17,campaign roi calculator,/blog/campaign-roi-calculator,USA,MOBILE,WEB,Non-Brand,53,676,0.0784,8.5
2026-01-17,marketing reporting tools,/blog/marketing-reporting-tools,UK,DESKTOP,WEB,Non-Brand,5,128,0.0391,27.22
2026-01-17,marketing attribution,/blog/marketing-attribution,USA,DESKTOP,WEB,Non-Brand,49,540,0.0907,3.05
2026-01-17,performance marketing analytics,/insights,UK,DESKTOP,WEB,Non-Brand,19,580,0.0328,22.19
2026-01-17,paid media dashboard,/insights,Canada,DESKTOP,WEB,Non-Brand,24,872,0.0275,18.0
2026-01-17,marketing data pipeline,/blog/marketing-data-pipeline,UK,MOBILE,WEB,Non-Brand,44,872,0.0505,22.23
2026-01-17,digital campaign analytics,/insights,USA,DESKTOP,WEB,Non-Brand,4,87,0.046,14.04
2026-01-17,marketing insights,/blog/marketing-insights,USA,DESKTOP,WEB,Non-Brand,16,277,0.0578,6.95
2026-01-17,seo marketing dashboard,/insights,Canada,MOBILE,WEB,Non-Brand,43,464,0.0927,8.58
2026-01-17,customer acquisition cost,/blog/customer-acquisition-cost,USA,DESKTOP,WEB,Non-Brand,39,669,0.0583,23.09
2026-01-17,roas dashboard,/insights,USA,MOBILE,WEB,Non-Brand,13,263,0.0494,27.6
2026-01-17,marketing roi,/blog/marketing-roi,India,MOBILE,WEB,Non-Brand,28,541,0.0518,23.21
2026-01-18,marketing analytics dashboard,/insights,India,DESKTOP,WEB,Brand,12,508,0.0236,28.72
2026-01-18,digital marketing agency,/blog/digital-marketing-agency,UK,TABLET,WEB,Non-Brand,65,834,0.0779,4.36
2026-01-18,marketing performance dashboard,/insights,USA,MOBILE,WEB,Non-Brand,41,861,0.0476,6.02
2026-01-18,best marketing dashboard,/insights,USA,MOBILE,WEB,Non-Brand,16,371,0.0431,31.87
2026-01-18,google ads roi,/blog/google-ads-roi,USA,DESKTOP,WEB,Non-Brand,34,685,0.0496,14.43
2026-01-18,meta ads roi,/blog/meta-ads-roi,India,MOBILE,WEB,Non-Brand,28,741,0.0378,13.41
2026-01-18,linkedin ads analytics,/insights,India,DESKTOP,WEB,Non-Brand,7,116,0.0603,28.82
2026-01-18,marketing kpi dashboard,/insights,USA,DESKTOP,WEB,Non-Brand,4,276,0.0145,6.36
2026-01-18,campaign roi calculator,/blog/campaign-roi-calculator,USA,MOBILE,WEB,Non-Brand,12,503,0.0239,13.77
2026-01-18,marketing reporting tools,/blog/marketing-reporting-tools,USA,DESKTOP,WEB,Non-Brand,34,572,0.0594,29.36
2026-01-18,marketing attribution,/blog/marketing-attribution,India,DESKTOP,WEB,Non-Brand,25,803,0.0311,10.23
2026-01-18,performance marketing analytics,/insights,USA,MOBILE,WEB,Non-Brand,8,237,0.0338,3.03
2026-01-18,paid media dashboard,/insights,USA,MOBILE,WEB,Non-Brand,39,653,0.0597,26.86
2026-01-18,marketing data pipeline,/blog/marketing-data-pipeline,India,MOBILE,WEB,Non-Brand,18,373,0.0483,18.49
2026-01-18,digital campaign analytics,/insights,USA,DESKTOP,WEB,Non-Brand,14,220,0.0636,20.34
2026-01-18,marketing insights,/blog/marketing-insights,India,DESKTOP,WEB,Non-Brand,60,711,0.0844,28.04
2026-01-18,seo marketing dashboard,/insights,Canada,MOBILE,WEB,Non-Brand,15,705,0.0213,34.81
2026-01-18,customer acquisition cost,/blog/customer-acquisition-cost,USA,MOBILE,WEB,Non-Brand,24,430,0.0558,15.45
2026-01-18,roas dashboard,/insights,USA,DESKTOP,WEB,Non-Brand,10,498,0.0201,23.37
2026-01-18,marketing roi,/blog/marketing-roi,USA,DESKTOP,WEB,Non-Brand,11,251,0.0438,10.12
2026-01-19,marketing analytics dashboard,/insights,India,DESKTOP,WEB,Brand,10,244,0.041,24.28
2026-01-19,digital marketing agency,/blog/digital-marketing-agency,USA,DESKTOP,WEB,Non-Brand,37,564,0.0656,11.57
2026-01-19,marketing performance dashboard,/insights,Canada,DESKTOP,WEB,Non-Brand,18,753,0.0239,22.35
2026-01-19,best marketing dashboard,/insights,USA,DESKTOP,WEB,Non-Brand,50,789,0.0634,31.04
2026-01-19,google ads roi,/blog/google-ads-roi,India,MOBILE,WEB,Non-Brand,31,809,0.0383,11.03
2026-01-19,meta ads roi,/blog/meta-ads-roi,UK,DESKTOP,WEB,Non-Brand,38,548,0.0693,33.65
2026-01-19,linkedin ads analytics,/insights,Canada,DESKTOP,WEB,Non-Brand,25,753,0.0332,22.14
2026-01-19,marketing kpi dashboard,/insights,USA,DESKTOP,WEB,Non-Brand,28,739,0.0379,2.71
2026-01-19,campaign roi calculator,/blog/campaign-roi-calculator,USA,MOBILE,WEB,Non-Brand,33,402,0.0821,18.23
2026-01-19,marketing reporting tools,/blog/marketing-reporting-tools,USA,DESKTOP,WEB,Non-Brand,50,695,0.0719,10.34
2026-01-19,marketing attribution,/blog/marketing-attribution,USA,MOBILE,WEB,Non-Brand,13,331,0.0393,16.6
2026-01-19,performance marketing analytics,/insights,India,MOBILE,WEB,Non-Brand,6,434,0.0138,26.19
2026-01-19,paid media dashboard,/insights,UK,DESKTOP,WEB,Non-Brand,38,785,0.0484,25.57
2026-01-19,marketing data pipeline,/blog/marketing-data-pipeline,UK,DESKTOP,WEB,Non-Brand,21,302,0.0695,23.43
2026-01-19,digital campaign analytics,/insights,India,MOBILE,WEB,Non-Brand,37,791,0.0468,2.86
2026-01-19,marketing insights,/blog/marketing-insights,India,MOBILE,WEB,Non-Brand,40,764,0.0524,15.86
2026-01-19,seo marketing dashboard,/insights,USA,MOBILE,WEB,Non-Brand,8,206,0.0388,18.43
2026-01-19,customer acquisition cost,/blog/customer-acquisition-cost,USA,DESKTOP,WEB,Non-Brand,9,159,0.0566,15.57
2026-01-19,roas dashboard,/insights,India,DESKTOP,WEB,Non-Brand,11,253,0.0435,5.91
2026-01-19,marketing roi,/blog/marketing-roi,USA,DESKTOP,WEB,Non-Brand,20,611,0.0327,9.73
2026-01-20,marketing analytics dashboard,/insights,India,MOBILE,WEB,Brand,44,840,0.0524,31.16
2026-01-20,digital marketing agency,/blog/digital-marketing-agency,India,DESKTOP,WEB,Non-Brand,41,515,0.0796,3.99
2026-01-20,marketing performance dashboard,/insights,USA,DESKTOP,WEB,Non-Brand,42,890,0.0472,12.42
2026-01-20,best marketing dashboard,/insights,USA,MOBILE,WEB,Non-Brand,27,547,0.0494,21.84
2026-01-20,google ads roi,/blog/google-ads-roi,India,DESKTOP,WEB,Non-Brand,42,601,0.0699,13.01
2026-01-20,meta ads roi,/blog/meta-ads-roi,USA,TABLET,WEB,Non-Brand,23,712,0.0323,30.49
2026-01-20,linkedin ads analytics,/insights,India,DESKTOP,WEB,Non-Brand,61,649,0.094,27.34
2026-01-20,marketing kpi dashboard,/insights,USA,DESKTOP,WEB,Non-Brand,51,699,0.073,15.63
2026-01-20,campaign roi calculator,/blog/campaign-roi-calculator,India,DESKTOP,WEB,Non-Brand,21,486,0.0432,27.1
2026-01-20,marketing reporting tools,/blog/marketing-reporting-tools,UK,MOBILE,WEB,Non-Brand,39,499,0.0782,13.6
2026-01-20,marketing attribution,/blog/marketing-attribution,India,DESKTOP,WEB,Non-Brand,40,536,0.0746,29.67
2026-01-20,performance marketing analytics,/insights,USA,DESKTOP,WEB,Non-Brand,13,225,0.0578,3.29
2026-01-20,paid media dashboard,/insights,USA,DESKTOP,WEB,Non-Brand,19,841,0.0226,24.43
2026-01-20,marketing data pipeline,/blog/marketing-data-pipeline,India,DESKTOP,WEB,Non-Brand,35,825,0.0424,12.31
2026-01-20,digital campaign analytics,/insights,India,DESKTOP,WEB,Non-Brand,14,207,0.0676,27.02
2026-01-20,marketing insights,/blog/marketing-insights,USA,DESKTOP,WEB,Non-Brand,72,827,0.0871,23.52
2026-01-20,seo marketing dashboard,/insights,USA,MOBILE,WEB,Non-Brand,17,438,0.0388,22.23
2026-01-20,customer acquisition cost,/blog/customer-acquisition-cost,India,DESKTOP,WEB,Non-Brand,57,646,0.0882,32.76
2026-01-20,roas dashboard,/insights,USA,MOBILE,WEB,Non-Brand,48,865,0.0555,18.44
2026-01-20,marketing roi,/blog/marketing-roi,USA,MOBILE,WEB,Non-Brand,31,467,0.0664,22.12
2026-01-21,marketing analytics dashboard,/insights,USA,DESKTOP,WEB,Brand,54,705,0.0766,27.96
2026-01-21,digital marketing agency,/blog/digital-marketing-agency,India,MOBILE,WEB,Non-Brand,58,722,0.0803,20.29
2026-01-21,marketing performance dashboard,/insights,India,DESKTOP,WEB,Non-Brand,12,567,0.0212,8.83
2026-01-21,best marketing dashboard,/insights,USA,DESKTOP,WEB,Non-Brand,52,690,0.0754,27.26
2026-01-21,google ads roi,/blog/google-ads-roi,India,MOBILE,WEB,Non-Brand,40,584,0.0685,23.9
2026-01-21,meta ads roi,/blog/meta-ads-roi,India,MOBILE,WEB,Non-Brand,27,730,0.037,22.45
2026-01-21,linkedin ads analytics,/insights,India,MOBILE,WEB,Non-Brand,33,453,0.0728,31.11
2026-01-21,marketing kpi dashboard,/insights,India,DESKTOP,WEB,Non-Brand,24,845,0.0284,11.8
2026-01-21,campaign roi calculator,/blog/campaign-roi-calculator,USA,DESKTOP,WEB,Non-Brand,41,517,0.0793,17.9
2026-01-21,marketing reporting tools,/blog/marketing-reporting-tools,USA,DESKTOP,WEB,Non-Brand,9,357,0.0252,9.79
2026-01-21,marketing attribution,/blog/marketing-attribution,UK,DESKTOP,WEB,Non-Brand,4,238,0.0168,3.08
2026-01-21,performance marketing analytics,/insights,USA,DESKTOP,WEB,Non-Brand,2,186,0.0108,16.72
2026-01-21,paid media dashboard,/insights,USA,DESKTOP,WEB,Non-Brand,13,581,0.0224,29.7
2026-01-21,marketing data pipeline,/blog/marketing-data-pipeline,India,MOBILE,WEB,Non-Brand,30,361,0.0831,5.72
2026-01-21,digital campaign analytics,/insights,UK,DESKTOP,WEB,Non-Brand,39,644,0.0606,5.21
2026-01-21,marketing insights,/blog/marketing-insights,India,DESKTOP,WEB,Non-Brand,37,625,0.0592,18.66
2026-01-21,seo marketing dashboard,/insights,USA,DESKTOP,WEB,Non-Brand,16,530,0.0302,7.92
2026-01-21,customer acquisition cost,/blog/customer-acquisition-cost,USA,DESKTOP,WEB,Non-Brand,29,336,0.0863,14.88
2026-01-21,roas dashboard,/insights,India,DESKTOP,WEB,Non-Brand,31,830,0.0373,29.54
2026-01-21,marketing roi,/blog/marketing-roi,USA,MOBILE,WEB,Non-Brand,10,193,0.0518,8.0
2026-01-22,marketing analytics dashboard,/insights,USA,MOBILE,WEB,Brand,9,230,0.0391,18.04
2026-01-22,digital marketing agency,/blog/digital-marketing-agency,UK,MOBILE,WEB,Non-Brand,51,645,0.0791,15.75
2026-01-22,marketing performance dashboard,/insights,India,MOBILE,WEB,Non-Brand,7,180,0.0389,34.34
2026-01-22,best marketing dashboard,/insights,India,MOBILE,WEB,Non-Brand,14,635,0.022,19.79
2026-01-22,google ads roi,/blog/google-ads-roi,USA,DESKTOP,WEB,Non-Brand,11,399,0.0276,29.07
2026-01-22,meta ads roi,/blog/meta-ads-roi,USA,DESKTOP,WEB,Non-Brand,20,428,0.0467,9.31
2026-01-22,linkedin ads analytics,/insights,USA,MOBILE,WEB,Non-Brand,11,821,0.0134,20.82
2026-01-22,marketing kpi dashboard,/insights,UK,MOBILE,WEB,Non-Brand,9,576,0.0156,20.01
2026-01-22,campaign roi calculator,/blog/campaign-roi-calculator,UK,MOBILE,WEB,Non-Brand,25,541,0.0462,19.03
2026-01-22,marketing reporting tools,/blog/marketing-reporting-tools,India,DESKTOP,WEB,Non-Brand,23,314,0.0732,6.01
2026-01-22,marketing attribution,/blog/marketing-attribution,USA,MOBILE,WEB,Non-Brand,8,327,0.0245,30.31
2026-01-22,performance marketing analytics,/insights,USA,DESKTOP,WEB,Non-Brand,11,697,0.0158,13.43
2026-01-22,paid media dashboard,/insights,USA,DESKTOP,WEB,Non-Brand,20,302,0.0662,6.13
2026-01-22,marketing data pipeline,/blog/marketing-data-pipeline,India,DESKTOP,WEB,Non-Brand,40,524,0.0763,29.01
2026-01-22,digital campaign analytics,/insights,USA,MOBILE,WEB,Non-Brand,11,720,0.0153,16.4
2026-01-22,marketing insights,/blog/marketing-insights,UK,DESKTOP,WEB,Non-Brand,14,170,0.0824,31.47
2026-01-22,seo marketing dashboard,/insights,India,MOBILE,WEB,Non-Brand,12,238,0.0504,13.9
2026-01-22,customer acquisition cost,/blog/customer-acquisition-cost,Canada,MOBILE,WEB,Non-Brand,8,109,0.0734,12.54
2026-01-22,roas dashboard,/insights,UK,MOBILE,WEB,Non-Brand,14,647,0.0216,7.74
2026-01-22,marketing roi,/blog/marketing-roi,USA,DESKTOP,WEB,Non-Brand,11,158,0.0696,4.41
2026-01-23,marketing analytics dashboard,/insights,India,DESKTOP,WEB,Brand,5,450,0.0111,27.57
2026-01-23,digital marketing agency,/blog/digital-marketing-agency,USA,DESKTOP,WEB,Non-Brand,24,897,0.0268,31.97
2026-01-23,marketing performance dashboard,/insights,UK,DESKTOP,WEB,Non-Brand,13,884,0.0147,32.44
2026-01-23,best marketing dashboard,/insights,UK,TABLET,WEB,Non-Brand,21,250,0.084,34.91
2026-01-23,google ads roi,/blog/google-ads-roi,India,DESKTOP,WEB,Non-Brand,25,623,0.0401,24.15
2026-01-23,meta ads roi,/blog/meta-ads-roi,USA,MOBILE,WEB,Non-Brand,9,363,0.0248,29.23
2026-01-23,linkedin ads analytics,/insights,USA,DESKTOP,WEB,Non-Brand,33,729,0.0453,17.61
2026-01-23,marketing kpi dashboard,/insights,UK,DESKTOP,WEB,Non-Brand,17,450,0.0378,23.73
2026-01-23,campaign roi calculator,/blog/campaign-roi-calculator,India,DESKTOP,WEB,Non-Brand,20,365,0.0548,11.43
2026-01-23,marketing reporting tools,/blog/marketing-reporting-tools,USA,MOBILE,WEB,Non-Brand,10,470,0.0213,11.63
2026-01-23,marketing attribution,/blog/marketing-attribution,USA,DESKTOP,WEB,Non-Brand,49,567,0.0864,18.73
2026-01-23,performance marketing analytics,/insights,India,MOBILE,WEB,Non-Brand,25,373,0.067,4.55
2026-01-23,paid media dashboard,/insights,India,DESKTOP,WEB,Non-Brand,39,416,0.0938,3.04
2026-01-23,marketing data pipeline,/blog/marketing-data-pipeline,India,DESKTOP,WEB,Non-Brand,11,144,0.0764,33.31
2026-01-23,digital campaign analytics,/insights,Canada,DESKTOP,WEB,Non-Brand,3,89,0.0337,33.87
2026-01-23,marketing insights,/blog/marketing-insights,UK,MOBILE,WEB,Non-Brand,45,488,0.0922,5.37
2026-01-23,seo marketing dashboard,/insights,USA,DESKTOP,WEB,Non-Brand,43,536,0.0802,11.71
2026-01-23,customer acquisition cost,/blog/customer-acquisition-cost,India,DESKTOP,WEB,Non-Brand,55,778,0.0707,8.9
2026-01-23,roas dashboard,/insights,UK,DESKTOP,WEB,Non-Brand,18,648,0.0278,21.03
2026-01-23,marketing roi,/blog/marketing-roi,Canada,MOBILE,WEB,Non-Brand,32,843,0.038,9.47
2026-01-24,marketing analytics dashboard,/insights,USA,MOBILE,WEB,Brand,15,744,0.0202,30.77
2026-01-24,digital marketing agency,/blog/digital-marketing-agency,India,MOBILE,WEB,Non-Brand,26,753,0.0345,31.7
2026-01-24,marketing performance dashboard,/insights,India,MOBILE,WEB,Non-Brand,3,127,0.0236,22.11
2026-01-24,best marketing dashboard,/insights,India,DESKTOP,WEB,Non-Brand,13,220,0.0591,17.94
2026-01-24,google ads roi,/blog/google-ads-roi,USA,TABLET,WEB,Non-Brand,38,420,0.0905,18.03
2026-01-24,meta ads roi,/blog/meta-ads-roi,USA,MOBILE,WEB,Non-Brand,18,655,0.0275,5.7
2026-01-24,linkedin ads analytics,/insights,USA,MOBILE,WEB,Non-Brand,18,229,0.0786,26.64
2026-01-24,marketing kpi dashboard,/insights,USA,DESKTOP,WEB,Non-Brand,7,446,0.0157,3.47
2026-01-24,campaign roi calculator,/blog/campaign-roi-calculator,India,DESKTOP,WEB,Non-Brand,54,864,0.0625,5.67
2026-01-24,marketing reporting tools,/blog/marketing-reporting-tools,USA,DESKTOP,WEB,Non-Brand,27,293,0.0922,29.36
2026-01-24,marketing attribution,/blog/marketing-attribution,India,MOBILE,WEB,Non-Brand,22,780,0.0282,4.31
2026-01-24,performance marketing analytics,/insights,USA,TABLET,WEB,Non-Brand,2,107,0.0187,19.81
2026-01-24,paid media dashboard,/insights,India,DESKTOP,WEB,Non-Brand,34,437,0.0778,9.41
2026-01-24,marketing data pipeline,/blog/marketing-data-pipeline,USA,DESKTOP,WEB,Non-Brand,15,190,0.0789,26.85
2026-01-24,digital campaign analytics,/insights,USA,MOBILE,WEB,Non-Brand,24,326,0.0736,10.39
2026-01-24,marketing insights,/blog/marketing-insights,India,MOBILE,WEB,Non-Brand,11,485,0.0227,32.5
2026-01-24,seo marketing dashboard,/insights,USA,DESKTOP,WEB,Non-Brand,74,803,0.0922,17.4
2026-01-24,customer acquisition cost,/blog/customer-acquisition-cost,Canada,MOBILE,WEB,Non-Brand,10,206,0.0485,31.84
2026-01-24,roas dashboard,/insights,USA,DESKTOP,WEB,Non-Brand,67,832,0.0805,12.33
2026-01-24,marketing roi,/blog/marketing-roi,India,DESKTOP,WEB,Non-Brand,16,679,0.0236,25.29
2026-01-25,marketing analytics dashboard,/insights,India,DESKTOP,WEB,Brand,11,213,0.0516,14.42
2026-01-25,digital marketing agency,/blog/digital-marketing-agency,USA,DESKTOP,WEB,Non-Brand,28,394,0.0711,32.93
2026-01-25,marketing performance dashboard,/insights,USA,DESKTOP,WEB,Non-Brand,8,120,0.0667,30.96
2026-01-25,best marketing dashboard,/insights,UK,MOBILE,WEB,Non-Brand,12,273,0.044,21.21
2026-01-25,google ads roi,/blog/google-ads-roi,USA,DESKTOP,WEB,Non-Brand,51,620,0.0823,25.46
2026-01-25,meta ads roi,/blog/meta-ads-roi,Canada,DESKTOP,WEB,Non-Brand,53,769,0.0689,23.59
2026-01-25,linkedin ads analytics,/insights,USA,MOBILE,WEB,Non-Brand,7,193,0.0363,8.66
2026-01-25,marketing kpi dashboard,/insights,UK,DESKTOP,WEB,Non-Brand,53,886,0.0598,22.34
2026-01-25,campaign roi calculator,/blog/campaign-roi-calculator,UK,DESKTOP,WEB,Non-Brand,36,494,0.0729,34.37
2026-01-25,marketing reporting tools,/blog/marketing-reporting-tools,India,DESKTOP,WEB,Non-Brand,4,157,0.0255,28.83
2026-01-25,marketing attribution,/blog/marketing-attribution,USA,MOBILE,WEB,Non-Brand,20,428,0.0467,16.34
2026-01-25,performance marketing analytics,/insights,India,DESKTOP,WEB,Non-Brand,21,386,0.0544,33.27
2026-01-25,paid media dashboard,/insights,USA,DESKTOP,WEB,Non-Brand,12,559,0.0215,18.25
2026-01-25,marketing data pipeline,/blog/marketing-data-pipeline,USA,MOBILE,WEB,Non-Brand,2,209,0.0096,30.02
2026-01-25,digital campaign analytics,/insights,USA,MOBILE,WEB,Non-Brand,21,371,0.0566,17.82
2026-01-25,marketing insights,/blog/marketing-insights,India,MOBILE,WEB,Non-Brand,38,611,0.0622,18.97
2026-01-25,seo marketing dashboard,/insights,India,MOBILE,WEB,Non-Brand,10,693,0.0144,13.69
2026-01-25,customer acquisition cost,/blog/customer-acquisition-cost,USA,MOBILE,WEB,Non-Brand,25,286,0.0874,8.49
2026-01-25,roas dashboard,/insights,Canada,DESKTOP,WEB,Non-Brand,31,401,0.0773,31.35
2026-01-25,marketing roi,/blog/marketing-roi,USA,MOBILE,WEB,Non-Brand,25,382,0.0654,14.91
2026-01-26,marketing analytics dashboard,/insights,USA,DESKTOP,WEB,Brand,20,346,0.0578,14.17
2026-01-26,digital marketing agency,/blog/digital-marketing-agency,India,DESKTOP,WEB,Non-Brand,35,402,0.0871,4.33
2026-01-26,marketing performance dashboard,/insights,India,DESKTOP,WEB,Non-Brand,62,869,0.0713,2.74
2026-01-26,best marketing dashboard,/insights,USA,DESKTOP,WEB,Non-Brand,6,269,0.0223,8.42
2026-01-26,google ads roi,/blog/google-ads-roi,USA,TABLET,WEB,Non-Brand,71,893,0.0795,27.59
2026-01-26,meta ads roi,/blog/meta-ads-roi,USA,MOBILE,WEB,Non-Brand,5,194,0.0258,23.0
2026-01-26,linkedin ads analytics,/insights,USA,MOBILE,WEB,Non-Brand,25,868,0.0288,28.04
2026-01-26,marketing kpi dashboard,/insights,USA,DESKTOP,WEB,Non-Brand,6,427,0.0141,34.12
2026-01-26,campaign roi calculator,/blog/campaign-roi-calculator,UK,MOBILE,WEB,Non-Brand,52,710,0.0732,6.4
2026-01-26,marketing reporting tools,/blog/marketing-reporting-tools,USA,MOBILE,WEB,Non-Brand,61,722,0.0845,9.4
2026-01-26,marketing attribution,/blog/marketing-attribution,India,DESKTOP,WEB,Non-Brand,7,214,0.0327,22.64
2026-01-26,performance marketing analytics,/insights,USA,MOBILE,WEB,Non-Brand,6,151,0.0397,32.57
2026-01-26,paid media dashboard,/insights,UK,DESKTOP,WEB,Non-Brand,17,354,0.048,26.7
2026-01-26,marketing data pipeline,/blog/marketing-data-pipeline,UK,DESKTOP,WEB,Non-Brand,48,881,0.0545,25.89
2026-01-26,digital campaign analytics,/insights,UK,MOBILE,WEB,Non-Brand,59,739,0.0798,14.18
2026-01-26,marketing insights,/blog/marketing-insights,India,DESKTOP,WEB,Non-Brand,22,318,0.0692,3.29
2026-01-26,seo marketing dashboard,/insights,UK,MOBILE,WEB,Non-Brand,58,677,0.0857,26.53
2026-01-26,customer acquisition cost,/blog/customer-acquisition-cost,UK,TABLET,WEB,Non-Brand,28,309,0.0906,11.23
2026-01-26,roas dashboard,/insights,USA,MOBILE,WEB,Non-Brand,10,129,0.0775,15.95
2026-01-26,marketing roi,/blog/marketing-roi,USA,MOBILE,WEB,Non-Brand,56,711,0.0788,12.69
2026-01-27,marketing analytics dashboard,/insights,USA,MOBILE,WEB,Brand,4,101,0.0396,10.56
2026-01-27,digital marketing agency,/blog/digital-marketing-agency,India,MOBILE,WEB,Non-Brand,11,420,0.0262,3.59
2026-01-27,marketing performance dashboard,/insights,India,MOBILE,WEB,Non-Brand,28,730,0.0384,7.4
2026-01-27,best marketing dashboard,/insights,USA,TABLET,WEB,Non-Brand,46,718,0.0641,13.64
2026-01-27,google ads roi,/blog/google-ads-roi,India,DESKTOP,WEB,Non-Brand,33,860,0.0384,17.38
2026-01-27,meta ads roi,/blog/meta-ads-roi,India,MOBILE,WEB,Non-Brand,25,340,0.0735,2.52
2026-01-27,linkedin ads analytics,/insights,India,DESKTOP,WEB,Non-Brand,27,334,0.0808,14.83
2026-01-27,marketing kpi dashboard,/insights,UK,DESKTOP,WEB,Non-Brand,19,337,0.0564,11.99
2026-01-27,campaign roi calculator,/blog/campaign-roi-calculator,Canada,MOBILE,WEB,Non-Brand,17,269,0.0632,20.57
2026-01-27,marketing reporting tools,/blog/marketing-reporting-tools,UK,DESKTOP,WEB,Non-Brand,28,389,0.072,5.3
2026-01-27,marketing attribution,/blog/marketing-attribution,USA,DESKTOP,WEB,Non-Brand,5,144,0.0347,29.17
2026-01-27,performance marketing analytics,/insights,USA,MOBILE,WEB,Non-Brand,15,269,0.0558,13.11
2026-01-27,paid media dashboard,/insights,Canada,DESKTOP,WEB,Non-Brand,29,864,0.0336,28.75
2026-01-27,marketing data pipeline,/blog/marketing-data-pipeline,USA,MOBILE,WEB,Non-Brand,32,827,0.0387,22.8
2026-01-27,digital campaign analytics,/insights,USA,DESKTOP,WEB,Non-Brand,40,785,0.051,27.39
2026-01-27,marketing insights,/blog/marketing-insights,India,DESKTOP,WEB,Non-Brand,54,772,0.0699,26.68
2026-01-27,seo marketing dashboard,/insights,UK,MOBILE,WEB,Non-Brand,19,246,0.0772,16.06
2026-01-27,customer acquisition cost,/blog/customer-acquisition-cost,USA,DESKTOP,WEB,Non-Brand,3,181,0.0166,11.93
2026-01-27,roas dashboard,/insights,USA,MOBILE,WEB,Non-Brand,50,536,0.0933,3.03
2026-01-27,marketing roi,/blog/marketing-roi,USA,DESKTOP,WEB,Non-Brand,3,137,0.0219,2.59
2026-01-28,marketing analytics dashboard,/insights,USA,DESKTOP,WEB,Brand,27,496,0.0544,33.13
2026-01-28,digital marketing agency,/blog/digital-marketing-agency,UK,DESKTOP,WEB,Non-Brand,54,693,0.0779,21.24
2026-01-28,marketing performance dashboard,/insights,USA,DESKTOP,WEB,Non-Brand,10,209,0.0478,29.21
2026-01-28,best marketing dashboard,/insights,Canada,DESKTOP,WEB,Non-Brand,2,126,0.0159,34.87
2026-01-28,google ads roi,/blog/google-ads-roi,Canada,DESKTOP,WEB,Non-Brand,6,381,0.0157,15.87
2026-01-28,meta ads roi,/blog/meta-ads-roi,India,DESKTOP,WEB,Non-Brand,43,483,0.089,23.22
2026-01-28,linkedin ads analytics,/insights,India,DESKTOP,WEB,Non-Brand,30,769,0.039,28.15
2026-01-28,marketing kpi dashboard,/insights,USA,DESKTOP,WEB,Non-Brand,40,438,0.0913,20.08
2026-01-28,campaign roi calculator,/blog/campaign-roi-calculator,India,DESKTOP,WEB,Non-Brand,29,462,0.0628,21.57
2026-01-28,marketing reporting tools,/blog/marketing-reporting-tools,USA,MOBILE,WEB,Non-Brand,3,120,0.025,8.45
2026-01-28,marketing attribution,/blog/marketing-attribution,USA,MOBILE,WEB,Non-Brand,6,335,0.0179,4.26
2026-01-28,performance marketing analytics,/insights,UK,MOBILE,WEB,Non-Brand,55,665,0.0827,7.95
2026-01-28,paid media dashboard,/insights,Canada,TABLET,WEB,Non-Brand,22,395,0.0557,33.45
2026-01-28,marketing data pipeline,/blog/marketing-data-pipeline,USA,MOBILE,WEB,Non-Brand,3,311,0.0096,17.63
2026-01-28,digital campaign analytics,/insights,India,MOBILE,WEB,Non-Brand,49,627,0.0781,4.14
2026-01-28,marketing insights,/blog/marketing-insights,USA,DESKTOP,WEB,Non-Brand,17,876,0.0194,30.58
2026-01-28,seo marketing dashboard,/insights,USA,MOBILE,WEB,Non-Brand,2,81,0.0247,9.79
2026-01-28,customer acquisition cost,/blog/customer-acquisition-cost,USA,MOBILE,WEB,Non-Brand,56,704,0.0795,22.26
2026-01-28,roas dashboard,/insights,India,MOBILE,WEB,Non-Brand,14,314,0.0446,32.57
2026-01-28,marketing roi,/blog/marketing-roi,Canada,MOBILE,WEB,Non-Brand,24,354,0.0678,13.4
2026-01-29,marketing analytics dashboard,/insights,USA,MOBILE,WEB,Brand,44,503,0.0875,13.63
2026-01-29,digital marketing agency,/blog/digital-marketing-agency,UK,DESKTOP,WEB,Non-Brand,47,744,0.0632,20.31
2026-01-29,marketing performance dashboard,/insights,Canada,DESKTOP,WEB,Non-Brand,9,395,0.0228,27.55
2026-01-29,best marketing dashboard,/insights,USA,DESKTOP,WEB,Non-Brand,50,725,0.069,18.62
2026-01-29,google ads roi,/blog/google-ads-roi,USA,DESKTOP,WEB,Non-Brand,23,771,0.0298,30.68
2026-01-29,meta ads roi,/blog/meta-ads-roi,UK,DESKTOP,WEB,Non-Brand,16,677,0.0236,25.81
2026-01-29,linkedin ads analytics,/insights,USA,MOBILE,WEB,Non-Brand,4,338,0.0118,5.99
2026-01-29,marketing kpi dashboard,/insights,India,MOBILE,WEB,Non-Brand,5,152,0.0329,3.0
2026-01-29,campaign roi calculator,/blog/campaign-roi-calculator,Canada,DESKTOP,WEB,Non-Brand,44,824,0.0534,26.12
2026-01-29,marketing reporting tools,/blog/marketing-reporting-tools,India,MOBILE,WEB,Non-Brand,64,733,0.0873,7.88
2026-01-29,marketing attribution,/blog/marketing-attribution,India,MOBILE,WEB,Non-Brand,17,589,0.0289,15.75
2026-01-29,performance marketing analytics,/insights,India,DESKTOP,WEB,Non-Brand,12,734,0.0163,7.92
2026-01-29,paid media dashboard,/insights,UK,MOBILE,WEB,Non-Brand,62,744,0.0833,6.83
2026-01-29,marketing data pipeline,/blog/marketing-data-pipeline,USA,MOBILE,WEB,Non-Brand,35,454,0.0771,4.82
2026-01-29,digital campaign analytics,/insights,USA,TABLET,WEB,Non-Brand,25,561,0.0446,30.49
2026-01-29,marketing insights,/blog/marketing-insights,India,MOBILE,WEB,Non-Brand,26,338,0.0769,9.44
2026-01-29,seo marketing dashboard,/insights,USA,MOBILE,WEB,Non-Brand,18,397,0.0453,14.91
2026-01-29,customer acquisition cost,/blog/customer-acquisition-cost,USA,DESKTOP,WEB,Non-Brand,28,424,0.066,13.97
2026-01-29,roas dashboard,/insights,USA,MOBILE,WEB,Non-Brand,26,313,0.0831,3.9
2026-01-29,marketing roi,/blog/marketing-roi,Canada,DESKTOP,WEB,Non-Brand,52,773,0.0673,26.23
2026-01-30,marketing analytics dashboard,/insights,India,DESKTOP,WEB,Brand,7,170,0.0412,4.01
2026-01-30,digital marketing agency,/blog/digital-marketing-agency,UK,DESKTOP,WEB,Non-Brand,33,437,0.0755,27.65
2026-01-30,marketing performance dashboard,/insights,USA,MOBILE,WEB,Non-Brand,70,862,0.0812,18.5
2026-01-30,best marketing dashboard,/insights,UK,TABLET,WEB,Non-Brand,28,313,0.0895,10.99
2026-01-30,google ads roi,/blog/google-ads-roi,Canada,MOBILE,WEB,Non-Brand,50,632,0.0791,17.29
2026-01-30,meta ads roi,/blog/meta-ads-roi,India,DESKTOP,WEB,Non-Brand,4,239,0.0167,5.26
2026-01-30,linkedin ads analytics,/insights,India,DESKTOP,WEB,Non-Brand,67,744,0.0901,19.58
2026-01-30,marketing kpi dashboard,/insights,India,DESKTOP,WEB,Non-Brand,20,600,0.0333,11.96
2026-01-30,campaign roi calculator,/blog/campaign-roi-calculator,USA,DESKTOP,WEB,Non-Brand,10,124,0.0806,15.77
2026-01-30,marketing reporting tools,/blog/marketing-reporting-tools,USA,DESKTOP,WEB,Non-Brand,47,756,0.0622,14.61
2026-01-30,marketing attribution,/blog/marketing-attribution,India,DESKTOP,WEB,Non-Brand,21,334,0.0629,23.23
2026-01-30,performance marketing analytics,/insights,Canada,MOBILE,WEB,Non-Brand,8,386,0.0207,6.66
2026-01-30,paid media dashboard,/insights,Canada,MOBILE,WEB,Non-Brand,27,559,0.0483,20.02
2026-01-30,marketing data pipeline,/blog/marketing-data-pipeline,USA,MOBILE,WEB,Non-Brand,7,453,0.0155,26.63
2026-01-30,digital campaign analytics,/insights,UK,DESKTOP,WEB,Non-Brand,18,341,0.0528,27.94
2026-01-30,marketing insights,/blog/marketing-insights,India,DESKTOP,WEB,Non-Brand,40,550,0.0727,18.88
2026-01-30,seo marketing dashboard,/insights,India,DESKTOP,WEB,Non-Brand,19,348,0.0546,23.54
2026-01-30,customer acquisition cost,/blog/customer-acquisition-cost,UK,DESKTOP,WEB,Non-Brand,32,817,0.0392,23.86
2026-01-30,roas dashboard,/insights,USA,DESKTOP,WEB,Non-Brand,48,838,0.0573,9.17
2026-01-30,marketing roi,/blog/marketing-roi,India,DESKTOP,WEB,Non-Brand,17,326,0.0521,6.23
2026-01-31,marketing analytics dashboard,/insights,USA,TABLET,WEB,Brand,13,147,0.0884,18.86
2026-01-31,digital marketing agency,/blog/digital-marketing-agency,USA,DESKTOP,WEB,Non-Brand,41,448,0.0915,5.19
2026-01-31,marketing performance dashboard,/insights,USA,DESKTOP,WEB,Non-Brand,9,182,0.0495,22.71
2026-01-31,best marketing dashboard,/insights,USA,DESKTOP,WEB,Non-Brand,9,640,0.0141,8.19
2026-01-31,google ads roi,/blog/google-ads-roi,UK,DESKTOP,WEB,Non-Brand,36,455,0.0791,24.71
2026-01-31,meta ads roi,/blog/meta-ads-roi,India,DESKTOP,WEB,Non-Brand,11,132,0.0833,14.95
2026-01-31,linkedin ads analytics,/insights,USA,DESKTOP,WEB,Non-Brand,3,170,0.0176,19.43
2026-01-31,marketing kpi dashboard,/insights,India,DESKTOP,WEB,Non-Brand,5,342,0.0146,6.33
2026-01-31,campaign roi calculator,/blog/campaign-roi-calculator,USA,DESKTOP,WEB,Non-Brand,23,585,0.0393,12.55
2026-01-31,marketing reporting tools,/blog/marketing-reporting-tools,USA,DESKTOP,WEB,Non-Brand,16,579,0.0276,33.4
2026-01-31,marketing attribution,/blog/marketing-attribution,USA,MOBILE,WEB,Non-Brand,3,253,0.0119,22.92
2026-01-31,performance marketing analytics,/insights,UK,DESKTOP,WEB,Non-Brand,12,169,0.071,12.4
2026-01-31,paid media dashboard,/insights,UK,DESKTOP,WEB,Non-Brand,2,118,0.0169,29.49
2026-01-31,marketing data pipeline,/blog/marketing-data-pipeline,India,DESKTOP,WEB,Non-Brand,48,855,0.0561,14.83
2026-01-31,digital campaign analytics,/insights,UK,TABLET,WEB,Non-Brand,50,629,0.0795,24.05
2026-01-31,marketing insights,/blog/marketing-insights,India,DESKTOP,WEB,Non-Brand,30,358,0.0838,19.83
2026-01-31,seo marketing dashboard,/insights,USA,DESKTOP,WEB,Non-Brand,10,112,0.0893,4.89
2026-01-31,customer acquisition cost,/blog/customer-acquisition-cost,USA,DESKTOP,WEB,Non-Brand,9,378,0.0238,31.51
2026-01-31,roas dashboard,/insights,Canada,DESKTOP,WEB,Non-Brand,12,292,0.0411,28.79
2026-01-31,marketing roi,/blog/marketing-roi,USA,DESKTOP,WEB,Non-Brand,17,391,0.0435,14.58
2026-02-01,marketing analytics dashboard,/insights,UK,DESKTOP,WEB,Brand,6,222,0.027,25.75
2026-02-01,digital marketing agency,/blog/digital-marketing-agency,India,TABLET,WEB,Non-Brand,6,196,0.0306,8.12
2026-02-01,marketing performance dashboard,/insights,USA,MOBILE,WEB,Non-Brand,60,729,0.0823,5.48
2026-02-01,best marketing dashboard,/insights,India,MOBILE,WEB,Non-Brand,25,445,0.0562,6.63
2026-02-01,google ads roi,/blog/google-ads-roi,India,DESKTOP,WEB,Non-Brand,18,484,0.0372,18.1
2026-02-01,meta ads roi,/blog/meta-ads-roi,Canada,DESKTOP,WEB,Non-Brand,6,97,0.0619,20.27
2026-02-01,linkedin ads analytics,/insights,USA,DESKTOP,WEB,Non-Brand,14,495,0.0283,6.44
2026-02-01,marketing kpi dashboard,/insights,India,DESKTOP,WEB,Non-Brand,11,216,0.0509,15.8
2026-02-01,campaign roi calculator,/blog/campaign-roi-calculator,Canada,DESKTOP,WEB,Non-Brand,10,344,0.0291,16.74
2026-02-01,marketing reporting tools,/blog/marketing-reporting-tools,USA,DESKTOP,WEB,Non-Brand,58,762,0.0761,20.0
2026-02-01,marketing attribution,/blog/marketing-attribution,USA,DESKTOP,WEB,Non-Brand,9,126,0.0714,16.2
2026-02-01,performance marketing analytics,/insights,India,MOBILE,WEB,Non-Brand,67,748,0.0896,23.32
2026-02-01,paid media dashboard,/insights,UK,DESKTOP,WEB,Non-Brand,48,737,0.0651,19.53
2026-02-01,marketing data pipeline,/blog/marketing-data-pipeline,India,DESKTOP,WEB,Non-Brand,8,298,0.0268,21.73
2026-02-01,digital campaign analytics,/insights,India,DESKTOP,WEB,Non-Brand,9,234,0.0385,19.46
2026-02-01,marketing insights,/blog/marketing-insights,India,MOBILE,WEB,Non-Brand,46,732,0.0628,19.94
2026-02-01,seo marketing dashboard,/insights,USA,MOBILE,WEB,Non-Brand,18,894,0.0201,26.34
2026-02-01,customer acquisition cost,/blog/customer-acquisition-cost,USA,DESKTOP,WEB,Non-Brand,32,534,0.0599,24.68
2026-02-01,roas dashboard,/insights,India,DESKTOP,WEB,Non-Brand,17,284,0.0599,12.13
2026-02-01,marketing roi,/blog/marketing-roi,USA,DESKTOP,WEB,Non-Brand,12,660,0.0182,29.15
2026-02-02,marketing analytics dashboard,/insights,USA,DESKTOP,WEB,Brand,77,861,0.0894,12.8
2026-02-02,digital marketing agency,/blog/digital-marketing-agency,USA,DESKTOP,WEB,Non-Brand,16,554,0.0289,8.66
2026-02-02,marketing performance dashboard,/insights,India,MOBILE,WEB,Non-Brand,19,761,0.025,19.04
2026-02-02,best marketing dashboard,/insights,India,DESKTOP,WEB,Non-Brand,5,165,0.0303,26.13
2026-02-02,google ads roi,/blog/google-ads-roi,India,DESKTOP,WEB,Non-Brand,12,702,0.0171,28.33
2026-02-02,meta ads roi,/blog/meta-ads-roi,Canada,DESKTOP,WEB,Non-Brand,32,800,0.04,17.16
2026-02-02,linkedin ads analytics,/insights,India,MOBILE,WEB,Non-Brand,19,276,0.0688,23.35
2026-02-02,marketing kpi dashboard,/insights,India,DESKTOP,WEB,Non-Brand,26,339,0.0767,3.59
2026-02-02,campaign roi calculator,/blog/campaign-roi-calculator,USA,DESKTOP,WEB,Non-Brand,52,833,0.0624,18.12
2026-02-02,marketing reporting tools,/blog/marketing-reporting-tools,UK,DESKTOP,WEB,Non-Brand,3,118,0.0254,21.8
2026-02-02,marketing attribution,/blog/marketing-attribution,India,MOBILE,WEB,Non-Brand,6,480,0.0125,11.57
2026-02-02,performance marketing analytics,/insights,USA,MOBILE,WEB,Non-Brand,22,480,0.0458,34.68
2026-02-02,paid media dashboard,/insights,USA,DESKTOP,WEB,Non-Brand,15,172,0.0872,18.78
2026-02-02,marketing data pipeline,/blog/marketing-data-pipeline,India,MOBILE,WEB,Non-Brand,20,763,0.0262,2.62
2026-02-02,digital campaign analytics,/insights,USA,DESKTOP,WEB,Non-Brand,49,736,0.0666,28.78
2026-02-02,marketing insights,/blog/marketing-insights,India,DESKTOP,WEB,Non-Brand,32,412,0.0777,29.62
2026-02-02,seo marketing dashboard,/insights,USA,MOBILE,WEB,Non-Brand,59,809,0.0729,15.4
2026-02-02,customer acquisition cost,/blog/customer-acquisition-cost,USA,DESKTOP,WEB,Non-Brand,14,589,0.0238,18.94
2026-02-02,roas dashboard,/insights,UK,DESKTOP,WEB,Non-Brand,2,126,0.0159,31.54
2026-02-02,marketing roi,/blog/marketing-roi,Canada,DESKTOP,WEB,Non-Brand,12,828,0.0145,20.99
2026-02-03,marketing analytics dashboard,/insights,Canada,MOBILE,WEB,Brand,22,826,0.0266,31.93
2026-02-03,digital marketing agency,/blog/digital-marketing-agency,USA,DESKTOP,WEB,Non-Brand,9,161,0.0559,7.45
2026-02-03,marketing performance dashboard,/insights,USA,DESKTOP,WEB,Non-Brand,39,766,0.0509,30.7
2026-02-03,best marketing dashboard,/insights,USA,MOBILE,WEB,Non-Brand,6,238,0.0252,23.28
2026-02-03,google ads roi,/blog/google-ads-roi,UK,MOBILE,WEB,Non-Brand,8,242,0.0331,25.21
2026-02-03,meta ads roi,/blog/meta-ads-roi,India,DESKTOP,WEB,Non-Brand,18,585,0.0308,26.51
2026-02-03,linkedin ads analytics,/insights,Canada,DESKTOP,WEB,Non-Brand,19,322,0.059,32.35
2026-02-03,marketing kpi dashboard,/insights,USA,DESKTOP,WEB,Non-Brand,22,370,0.0595,13.24
2026-02-03,campaign roi calculator,/blog/campaign-roi-calculator,USA,DESKTOP,WEB,Non-Brand,9,481,0.0187,3.88
2026-02-03,marketing reporting tools,/blog/marketing-reporting-tools,UK,DESKTOP,WEB,Non-Brand,33,559,0.059,12.72
2026-02-03,marketing attribution,/blog/marketing-attribution,USA,DESKTOP,WEB,Non-Brand,12,186,0.0645,15.37
2026-02-03,performance marketing analytics,/insights,USA,DESKTOP,WEB,Non-Brand,41,762,0.0538,32.02
2026-02-03,paid media dashboard,/insights,India,MOBILE,WEB,Non-Brand,49,527,0.093,32.52
2026-02-03,marketing data pipeline,/blog/marketing-data-pipeline,USA,MOBILE,WEB,Non-Brand,37,854,0.0433,31.9
2026-02-03,digital campaign analytics,/insights,India,DESKTOP,WEB,Non-Brand,8,697,0.0115,13.99
2026-02-03,marketing insights,/blog/marketing-insights,UK,TABLET,WEB,Non-Brand,22,246,0.0894,13.93
2026-02-03,seo marketing dashboard,/insights,USA,MOBILE,WEB,Non-Brand,29,799,0.0363,17.34
2026-02-03,customer acquisition cost,/blog/customer-acquisition-cost,UK,MOBILE,WEB,Non-Brand,60,702,0.0855,29.97
2026-02-03,roas dashboard,/insights,UK,DESKTOP,WEB,Non-Brand,24,334,0.0719,18.72
2026-02-03,marketing roi,/blog/marketing-roi,UK,DESKTOP,WEB,Non-Brand,9,153,0.0588,17.96
2026-02-04,marketing analytics dashboard,/insights,UK,MOBILE,WEB,Brand,27,356,0.0758,33.2
2026-02-04,digital marketing agency,/blog/digital-marketing-agency,India,DESKTOP,WEB,Non-Brand,3,135,0.0222,23.88
2026-02-04,marketing performance dashboard,/insights,Canada,MOBILE,WEB,Non-Brand,34,404,0.0842,7.38
2026-02-04,best marketing dashboard,/insights,USA,MOBILE,WEB,Non-Brand,15,233,0.0644,31.97
2026-02-04,google ads roi,/blog/google-ads-roi,UK,DESKTOP,WEB,Non-Brand,51,742,0.0687,27.01
2026-02-04,meta ads roi,/blog/meta-ads-roi,USA,MOBILE,WEB,Non-Brand,21,255,0.0824,16.3
2026-02-04,linkedin ads analytics,/insights,UK,DESKTOP,WEB,Non-Brand,17,372,0.0457,25.94
2026-02-04,marketing kpi dashboard,/insights,India,DESKTOP,WEB,Non-Brand,15,875,0.0171,21.43
2026-02-04,campaign roi calculator,/blog/campaign-roi-calculator,UK,DESKTOP,WEB,Non-Brand,16,295,0.0542,25.75
2026-02-04,marketing reporting tools,/blog/marketing-reporting-tools,India,DESKTOP,WEB,Non-Brand,36,649,0.0555,15.49
2026-02-04,marketing attribution,/blog/marketing-attribution,Canada,MOBILE,WEB,Non-Brand,8,288,0.0278,13.83
2026-02-04,performance marketing analytics,/insights,India,DESKTOP,WEB,Non-Brand,8,244,0.0328,24.0
2026-02-04,paid media dashboard,/insights,Canada,DESKTOP,WEB,Non-Brand,9,505,0.0178,27.24
2026-02-04,marketing data pipeline,/blog/marketing-data-pipeline,India,MOBILE,WEB,Non-Brand,4,276,0.0145,5.0
2026-02-04,digital campaign analytics,/insights,India,DESKTOP,WEB,Non-Brand,21,373,0.0563,9.57
2026-02-04,marketing insights,/blog/marketing-insights,India,TABLET,WEB,Non-Brand,13,152,0.0855,17.76
2026-02-04,seo marketing dashboard,/insights,USA,MOBILE,WEB,Non-Brand,16,617,0.0259,10.76
2026-02-04,customer acquisition cost,/blog/customer-acquisition-cost,Canada,TABLET,WEB,Non-Brand,42,566,0.0742,23.01
2026-02-04,roas dashboard,/insights,Canada,MOBILE,WEB,Non-Brand,29,664,0.0437,30.63
2026-02-04,marketing roi,/blog/marketing-roi,India,DESKTOP,WEB,Non-Brand,26,335,0.0776,29.21
2026-02-05,marketing analytics dashboard,/insights,USA,MOBILE,WEB,Brand,35,520,0.0673,32.5
2026-02-05,digital marketing agency,/blog/digital-marketing-agency,UK,TABLET,WEB,Non-Brand,33,547,0.0603,16.39
2026-02-05,marketing performance dashboard,/insights,USA,TABLET,WEB,Non-Brand,8,642,0.0125,10.74
2026-02-05,best marketing dashboard,/insights,India,DESKTOP,WEB,Non-Brand,8,138,0.058,5.12
2026-02-05,google ads roi,/blog/google-ads-roi,USA,MOBILE,WEB,Non-Brand,27,855,0.0316,4.37
2026-02-05,meta ads roi,/blog/meta-ads-roi,India,MOBILE,WEB,Non-Brand,5,139,0.036,30.21
2026-02-05,linkedin ads analytics,/insights,USA,MOBILE,WEB,Non-Brand,39,625,0.0624,4.91
2026-02-05,marketing kpi dashboard,/insights,India,MOBILE,WEB,Non-Brand,15,353,0.0425,5.69
2026-02-05,campaign roi calculator,/blog/campaign-roi-calculator,UK,DESKTOP,WEB,Non-Brand,62,734,0.0845,5.86
2026-02-05,marketing reporting tools,/blog/marketing-reporting-tools,USA,DESKTOP,WEB,Non-Brand,12,758,0.0158,32.31
2026-02-05,marketing attribution,/blog/marketing-attribution,UK,MOBILE,WEB,Non-Brand,14,197,0.0711,13.32
2026-02-05,performance marketing analytics,/insights,India,MOBILE,WEB,Non-Brand,14,280,0.05,12.63
2026-02-05,paid media dashboard,/insights,USA,DESKTOP,WEB,Non-Brand,7,575,0.0122,26.09
2026-02-05,marketing data pipeline,/blog/marketing-data-pipeline,India,MOBILE,WEB,Non-Brand,9,444,0.0203,3.74
2026-02-05,digital campaign analytics,/insights,India,MOBILE,WEB,Non-Brand,29,480,0.0604,22.93
2026-02-05,marketing insights,/blog/marketing-insights,USA,MOBILE,WEB,Non-Brand,60,810,0.0741,18.72
2026-02-05,seo marketing dashboard,/insights,India,DESKTOP,WEB,Non-Brand,6,101,0.0594,11.39
2026-02-05,customer acquisition cost,/blog/customer-acquisition-cost,USA,TABLET,WEB,Non-Brand,48,560,0.0857,8.11
2026-02-05,roas dashboard,/insights,India,MOBILE,WEB,Non-Brand,6,402,0.0149,20.93
2026-02-05,marketing roi,/blog/marketing-roi,USA,MOBILE,WEB,Non-Brand,39,500,0.078,20.21
2026-02-06,marketing analytics dashboard,/insights,UK,DESKTOP,WEB,Brand,30,740,0.0405,22.24
2026-02-06,digital marketing agency,/blog/digital-marketing-agency,USA,TABLET,WEB,Non-Brand,2,204,0.0098,19.53
2026-02-06,marketing performance dashboard,/insights,USA,MOBILE,WEB,Non-Brand,23,623,0.0369,17.69
2026-02-06,best marketing dashboard,/insights,India,DESKTOP,WEB,Non-Brand,33,355,0.093,28.79
2026-02-06,google ads roi,/blog/google-ads-roi,USA,MOBILE,WEB,Non-Brand,19,243,0.0782,14.14
2026-02-06,meta ads roi,/blog/meta-ads-roi,USA,DESKTOP,WEB,Non-Brand,13,434,0.03,6.93
2026-02-06,linkedin ads analytics,/insights,UK,MOBILE,WEB,Non-Brand,54,659,0.0819,16.45
2026-02-06,marketing kpi dashboard,/insights,USA,DESKTOP,WEB,Non-Brand,7,578,0.0121,12.0
2026-02-06,campaign roi calculator,/blog/campaign-roi-calculator,India,MOBILE,WEB,Non-Brand,4,316,0.0127,25.31
2026-02-06,marketing reporting tools,/blog/marketing-reporting-tools,India,DESKTOP,WEB,Non-Brand,12,864,0.0139,28.03
2026-02-06,marketing attribution,/blog/marketing-attribution,USA,MOBILE,WEB,Non-Brand,22,300,0.0733,3.12
2026-02-06,performance marketing analytics,/insights,India,DESKTOP,WEB,Non-Brand,45,766,0.0587,16.05
2026-02-06,paid media dashboard,/insights,UK,MOBILE,WEB,Non-Brand,4,165,0.0242,18.87
2026-02-06,marketing data pipeline,/blog/marketing-data-pipeline,India,DESKTOP,WEB,Non-Brand,23,291,0.079,33.15
2026-02-06,digital campaign analytics,/insights,Canada,MOBILE,WEB,Non-Brand,64,806,0.0794,21.63
2026-02-06,marketing insights,/blog/marketing-insights,USA,MOBILE,WEB,Non-Brand,12,449,0.0267,11.49
2026-02-06,seo marketing dashboard,/insights,USA,DESKTOP,WEB,Non-Brand,33,765,0.0431,17.21
2026-02-06,customer acquisition cost,/blog/customer-acquisition-cost,Canada,DESKTOP,WEB,Non-Brand,32,364,0.0879,19.59
2026-02-06,roas dashboard,/insights,India,MOBILE,WEB,Non-Brand,11,441,0.0249,14.11
2026-02-06,marketing roi,/blog/marketing-roi,India,DESKTOP,WEB,Non-Brand,35,640,0.0547,28.77
2026-02-07,marketing analytics dashboard,/insights,USA,MOBILE,WEB,Brand,13,880,0.0148,6.79
2026-02-07,digital marketing agency,/blog/digital-marketing-agency,USA,DESKTOP,WEB,Non-Brand,19,399,0.0476,17.46
2026-02-07,marketing performance dashboard,/insights,India,DESKTOP,WEB,Non-Brand,47,807,0.0582,30.36
2026-02-07,best marketing dashboard,/insights,Canada,DESKTOP,WEB,Non-Brand,40,670,0.0597,5.12
2026-02-07,google ads roi,/blog/google-ads-roi,Canada,DESKTOP,WEB,Non-Brand,39,708,0.0551,24.2
2026-02-07,meta ads roi,/blog/meta-ads-roi,India,DESKTOP,WEB,Non-Brand,20,445,0.0449,10.74
2026-02-07,linkedin ads analytics,/insights,USA,DESKTOP,WEB,Non-Brand,8,121,0.0661,33.3
2026-02-07,marketing kpi dashboard,/insights,UK,MOBILE,WEB,Non-Brand,23,256,0.0898,26.19
2026-02-07,campaign roi calculator,/blog/campaign-roi-calculator,USA,MOBILE,WEB,Non-Brand,20,240,0.0833,18.41
2026-02-07,marketing reporting tools,/blog/marketing-reporting-tools,India,MOBILE,WEB,Non-Brand,43,874,0.0492,18.35
2026-02-07,marketing attribution,/blog/marketing-attribution,Canada,DESKTOP,WEB,Non-Brand,26,304,0.0855,2.79
2026-02-07,performance marketing analytics,/insights,Canada,DESKTOP,WEB,Non-Brand,17,249,0.0683,17.28
2026-02-07,paid media dashboard,/insights,USA,DESKTOP,WEB,Non-Brand,4,94,0.0426,34.77
2026-02-07,marketing data pipeline,/blog/marketing-data-pipeline,USA,MOBILE,WEB,Non-Brand,51,694,0.0735,21.52
2026-02-07,digital campaign analytics,/insights,USA,DESKTOP,WEB,Non-Brand,26,548,0.0474,19.12
2026-02-07,marketing insights,/blog/marketing-insights,USA,MOBILE,WEB,Non-Brand,8,372,0.0215,34.91
2026-02-07,seo marketing dashboard,/insights,India,MOBILE,WEB,Non-Brand,16,419,0.0382,22.38
2026-02-07,customer acquisition cost,/blog/customer-acquisition-cost,India,MOBILE,WEB,Non-Brand,29,321,0.0903,12.31
2026-02-07,roas dashboard,/insights,USA,DESKTOP,WEB,Non-Brand,51,566,0.0901,9.52
2026-02-07,marketing roi,/blog/marketing-roi,USA,DESKTOP,WEB,Non-Brand,43,834,0.0516,11.65
2026-02-08,marketing analytics dashboard,/insights,USA,DESKTOP,WEB,Brand,26,475,0.0547,3.85
2026-02-08,digital marketing agency,/blog/digital-marketing-agency,UK,DESKTOP,WEB,Non-Brand,44,700,0.0629,30.86
2026-02-08,marketing performance dashboard,/insights,UK,MOBILE,WEB,Non-Brand,48,773,0.0621,3.84
2026-02-08,best marketing dashboard,/insights,USA,MOBILE,WEB,Non-Brand,9,157,0.0573,26.74
2026-02-08,google ads roi,/blog/google-ads-roi,USA,DESKTOP,WEB,Non-Brand,24,783,0.0307,17.17
2026-02-08,meta ads roi,/blog/meta-ads-roi,Canada,MOBILE,WEB,Non-Brand,28,384,0.0729,11.17
2026-02-08,linkedin ads analytics,/insights,USA,MOBILE,WEB,Non-Brand,25,312,0.0801,9.03
2026-02-08,marketing kpi dashboard,/insights,UK,MOBILE,WEB,Non-Brand,6,91,0.0659,3.0
2026-02-08,campaign roi calculator,/blog/campaign-roi-calculator,USA,DESKTOP,WEB,Non-Brand,4,262,0.0153,34.71
2026-02-08,marketing reporting tools,/blog/marketing-reporting-tools,India,MOBILE,WEB,Non-Brand,17,663,0.0256,11.31
2026-02-08,marketing attribution,/blog/marketing-attribution,India,MOBILE,WEB,Non-Brand,59,704,0.0838,18.47
2026-02-08,performance marketing analytics,/insights,India,DESKTOP,WEB,Non-Brand,60,830,0.0723,23.44
2026-02-08,paid media dashboard,/insights,India,MOBILE,WEB,Non-Brand,10,432,0.0231,13.56
2026-02-08,marketing data pipeline,/blog/marketing-data-pipeline,USA,DESKTOP,WEB,Non-Brand,4,225,0.0178,26.38
2026-02-08,digital campaign analytics,/insights,USA,DESKTOP,WEB,Non-Brand,26,287,0.0906,27.84
2026-02-08,marketing insights,/blog/marketing-insights,USA,DESKTOP,WEB,Non-Brand,12,261,0.046,18.56
2026-02-08,seo marketing dashboard,/insights,Canada,MOBILE,WEB,Non-Brand,43,689,0.0624,13.81
2026-02-08,customer acquisition cost,/blog/customer-acquisition-cost,USA,MOBILE,WEB,Non-Brand,2,81,0.0247,34.79
2026-02-08,roas dashboard,/insights,UK,MOBILE,WEB,Non-Brand,43,860,0.05,17.64
2026-02-08,marketing roi,/blog/marketing-roi,USA,MOBILE,WEB,Non-Brand,10,314,0.0318,25.42
2026-02-09,marketing analytics dashboard,/insights,USA,DESKTOP,WEB,Brand,66,848,0.0778,14.96
2026-02-09,digital marketing agency,/blog/digital-marketing-agency,Canada,DESKTOP,WEB,Non-Brand,28,796,0.0352,12.2
2026-02-09,marketing performance dashboard,/insights,USA,DESKTOP,WEB,Non-Brand,12,319,0.0376,19.68
2026-02-09,best marketing dashboard,/insights,Canada,MOBILE,WEB,Non-Brand,12,173,0.0694,11.56
2026-02-09,google ads roi,/blog/google-ads-roi,USA,DESKTOP,WEB,Non-Brand,32,539,0.0594,18.73
2026-02-09,meta ads roi,/blog/meta-ads-roi,UK,DESKTOP,WEB,Non-Brand,48,697,0.0689,32.4
2026-02-09,linkedin ads analytics,/insights,USA,MOBILE,WEB,Non-Brand,3,116,0.0259,22.64
2026-02-09,marketing kpi dashboard,/insights,India,DESKTOP,WEB,Non-Brand,27,458,0.059,13.2
2026-02-09,campaign roi calculator,/blog/campaign-roi-calculator,USA,MOBILE,WEB,Non-Brand,45,543,0.0829,15.3
2026-02-09,marketing reporting tools,/blog/marketing-reporting-tools,Canada,MOBILE,WEB,Non-Brand,30,365,0.0822,21.24
2026-02-09,marketing attribution,/blog/marketing-attribution,India,DESKTOP,WEB,Non-Brand,59,673,0.0877,4.81
2026-02-09,performance marketing analytics,/insights,Canada,DESKTOP,WEB,Non-Brand,27,311,0.0868,20.7
2026-02-09,paid media dashboard,/insights,India,MOBILE,WEB,Non-Brand,11,209,0.0526,13.21
2026-02-09,marketing data pipeline,/blog/marketing-data-pipeline,India,DESKTOP,WEB,Non-Brand,35,660,0.053,16.05
2026-02-09,digital campaign analytics,/insights,India,DESKTOP,WEB,Non-Brand,18,294,0.0612,7.25
2026-02-09,marketing insights,/blog/marketing-insights,India,DESKTOP,WEB,Non-Brand,16,754,0.0212,3.45
2026-02-09,seo marketing dashboard,/insights,Canada,MOBILE,WEB,Non-Brand,12,889,0.0135,30.87
2026-02-09,customer acquisition cost,/blog/customer-acquisition-cost,USA,DESKTOP,WEB,Non-Brand,9,515,0.0175,10.41
2026-02-09,roas dashboard,/insights,USA,DESKTOP,WEB,Non-Brand,20,664,0.0301,15.83
2026-02-09,marketing roi,/blog/marketing-roi,USA,DESKTOP,WEB,Non-Brand,32,827,0.0387,13.03
2026-02-10,marketing analytics dashboard,/insights,India,DESKTOP,WEB,Brand,51,602,0.0847,21.24
2026-02-10,digital marketing agency,/blog/digital-marketing-agency,USA,DESKTOP,WEB,Non-Brand,3,212,0.0142,15.69
2026-02-10,marketing performance dashboard,/insights,India,DESKTOP,WEB,Non-Brand,14,771,0.0182,24.6
2026-02-10,best marketing dashboard,/insights,USA,DESKTOP,WEB,Non-Brand,46,597,0.0771,2.98
2026-02-10,google ads roi,/blog/google-ads-roi,India,MOBILE,WEB,Non-Brand,18,232,0.0776,12.24
2026-02-10,meta ads roi,/blog/meta-ads-roi,USA,DESKTOP,WEB,Non-Brand,30,672,0.0446,25.23
2026-02-10,linkedin ads analytics,/insights,India,MOBILE,WEB,Non-Brand,17,739,0.023,3.43
2026-02-10,marketing kpi dashboard,/insights,USA,DESKTOP,WEB,Non-Brand,9,264,0.0341,4.27
2026-02-10,campaign roi calculator,/blog/campaign-roi-calculator,USA,TABLET,WEB,Non-Brand,40,448,0.0893,21.07
2026-02-10,marketing reporting tools,/blog/marketing-reporting-tools,UK,DESKTOP,WEB,Non-Brand,9,330,0.0273,3.88
2026-02-10,marketing attribution,/blog/marketing-attribution,USA,MOBILE,WEB,Non-Brand,22,378,0.0582,8.09
2026-02-10,performance marketing analytics,/insights,Canada,DESKTOP,WEB,Non-Brand,29,683,0.0425,21.25
2026-02-10,paid media dashboard,/insights,USA,MOBILE,WEB,Non-Brand,6,229,0.0262,28.88
2026-02-10,marketing data pipeline,/blog/marketing-data-pipeline,USA,MOBILE,WEB,Non-Brand,23,660,0.0348,24.43
2026-02-10,digital campaign analytics,/insights,USA,MOBILE,WEB,Non-Brand,68,846,0.0804,26.27
2026-02-10,marketing insights,/blog/marketing-insights,India,MOBILE,WEB,Non-Brand,1,98,0.0102,33.36
2026-02-10,seo marketing dashboard,/insights,USA,DESKTOP,WEB,Non-Brand,7,446,0.0157,17.92
2026-02-10,customer acquisition cost,/blog/customer-acquisition-cost,UK,DESKTOP,WEB,Non-Brand,1,118,0.0085,20.55
2026-02-10,roas dashboard,/insights,USA,DESKTOP,WEB,Non-Brand,8,133,0.0602,27.37
2026-02-10,marketing roi,/blog/marketing-roi,USA,DESKTOP,WEB,Non-Brand,11,173,0.0636,14.94
2026-02-11,marketing analytics dashboard,/insights,India,DESKTOP,WEB,Brand,11,212,0.0519,13.54
2026-02-11,digital marketing agency,/blog/digital-marketing-agency,USA,MOBILE,WEB,Non-Brand,8,127,0.063,19.67
2026-02-11,marketing performance dashboard,/insights,UK,DESKTOP,WEB,Non-Brand,15,869,0.0173,13.09
2026-02-11,best marketing dashboard,/insights,USA,MOBILE,WEB,Non-Brand,44,644,0.0683,9.47
2026-02-11,google ads roi,/blog/google-ads-roi,USA,DESKTOP,WEB,Non-Brand,15,651,0.023,19.07
2026-02-11,meta ads roi,/blog/meta-ads-roi,USA,MOBILE,WEB,Non-Brand,26,533,0.0488,13.93
2026-02-11,linkedin ads analytics,/insights,USA,DESKTOP,WEB,Non-Brand,32,712,0.0449,18.59
2026-02-11,marketing kpi dashboard,/insights,India,MOBILE,WEB,Non-Brand,56,599,0.0935,17.87
2026-02-11,campaign roi calculator,/blog/campaign-roi-calculator,India,TABLET,WEB,Non-Brand,32,448,0.0714,10.84
2026-02-11,marketing reporting tools,/blog/marketing-reporting-tools,India,MOBILE,WEB,Non-Brand,44,559,0.0787,25.94
2026-02-11,marketing attribution,/blog/marketing-attribution,India,DESKTOP,WEB,Non-Brand,33,358,0.0922,9.67
2026-02-11,performance marketing analytics,/insights,USA,DESKTOP,WEB,Non-Brand,27,319,0.0846,34.06
2026-02-11,paid media dashboard,/insights,India,DESKTOP,WEB,Non-Brand,65,790,0.0823,26.92
2026-02-11,marketing data pipeline,/blog/marketing-data-pipeline,Canada,DESKTOP,WEB,Non-Brand,16,886,0.0181,6.57
2026-02-11,digital campaign analytics,/insights,USA,DESKTOP,WEB,Non-Brand,16,318,0.0503,4.44
2026-02-11,marketing insights,/blog/marketing-insights,UK,MOBILE,WEB,Non-Brand,27,517,0.0522,20.82
2026-02-11,seo marketing dashboard,/insights,UK,DESKTOP,WEB,Non-Brand,15,719,0.0209,19.65
2026-02-11,customer acquisition cost,/blog/customer-acquisition-cost,USA,DESKTOP,WEB,Non-Brand,70,874,0.0801,17.76
2026-02-11,roas dashboard,/insights,UK,MOBILE,WEB,Non-Brand,2,128,0.0156,5.51
2026-02-11,marketing roi,/blog/marketing-roi,USA,DESKTOP,WEB,Non-Brand,42,695,0.0604,23.71
2026-02-12,marketing analytics dashboard,/insights,India,DESKTOP,WEB,Brand,51,745,0.0685,3.25
2026-02-12,digital marketing agency,/blog/digital-marketing-agency,India,DESKTOP,WEB,Non-Brand,9,202,0.0446,5.08
2026-02-12,marketing performance dashboard,/insights,USA,DESKTOP,WEB,Non-Brand,17,315,0.054,6.0
2026-02-12,best marketing dashboard,/insights,India,DESKTOP,WEB,Non-Brand,31,699,0.0443,7.04
2026-02-12,google ads roi,/blog/google-ads-roi,India,DESKTOP,WEB,Non-Brand,23,870,0.0264,34.84
2026-02-12,meta ads roi,/blog/meta-ads-roi,India,DESKTOP,WEB,Non-Brand,11,151,0.0728,22.84
2026-02-12,linkedin ads analytics,/insights,USA,DESKTOP,WEB,Non-Brand,10,585,0.0171,25.24
2026-02-12,marketing kpi dashboard,/insights,India,DESKTOP,WEB,Non-Brand,30,508,0.0591,11.61
2026-02-12,campaign roi calculator,/blog/campaign-roi-calculator,India,DESKTOP,WEB,Non-Brand,30,757,0.0396,24.07
2026-02-12,marketing reporting tools,/blog/marketing-reporting-tools,India,DESKTOP,WEB,Non-Brand,17,305,0.0557,10.06
2026-02-12,marketing attribution,/blog/marketing-attribution,India,MOBILE,WEB,Non-Brand,32,545,0.0587,3.98
2026-02-12,performance marketing analytics,/insights,UK,DESKTOP,WEB,Non-Brand,29,465,0.0624,17.5
2026-02-12,paid media dashboard,/insights,USA,MOBILE,WEB,Non-Brand,4,344,0.0116,25.68
2026-02-12,marketing data pipeline,/blog/marketing-data-pipeline,UK,MOBILE,WEB,Non-Brand,2,149,0.0134,28.3
2026-02-12,digital campaign analytics,/insights,Canada,DESKTOP,WEB,Non-Brand,19,220,0.0864,12.34
2026-02-12,marketing insights,/blog/marketing-insights,USA,DESKTOP,WEB,Non-Brand,52,630,0.0825,22.62
2026-02-12,seo marketing dashboard,/insights,USA,DESKTOP,WEB,Non-Brand,22,519,0.0424,34.49
2026-02-12,customer acquisition cost,/blog/customer-acquisition-cost,USA,MOBILE,WEB,Non-Brand,22,421,0.0523,16.34
2026-02-12,roas dashboard,/insights,Canada,DESKTOP,WEB,Non-Brand,8,534,0.015,17.98
2026-02-12,marketing roi,/blog/marketing-roi,UK,MOBILE,WEB,Non-Brand,7,273,0.0256,11.4
2026-02-13,marketing analytics dashboard,/insights,India,MOBILE,WEB,Brand,13,224,0.058,32.1
2026-02-13,digital marketing agency,/blog/digital-marketing-agency,USA,DESKTOP,WEB,Non-Brand,54,630,0.0857,12.94
2026-02-13,marketing performance dashboard,/insights,USA,MOBILE,WEB,Non-Brand,29,565,0.0513,24.73
2026-02-13,best marketing dashboard,/insights,USA,MOBILE,WEB,Non-Brand,23,324,0.071,16.78
2026-02-13,google ads roi,/blog/google-ads-roi,USA,DESKTOP,WEB,Non-Brand,31,724,0.0428,22.5
2026-02-13,meta ads roi,/blog/meta-ads-roi,USA,DESKTOP,WEB,Non-Brand,9,315,0.0286,23.05
2026-02-13,linkedin ads analytics,/insights,UK,DESKTOP,WEB,Non-Brand,6,102,0.0588,3.07
2026-02-13,marketing kpi dashboard,/insights,USA,MOBILE,WEB,Non-Brand,19,238,0.0798,20.26
2026-02-13,campaign roi calculator,/blog/campaign-roi-calculator,UK,DESKTOP,WEB,Non-Brand,42,832,0.0505,13.23
2026-02-13,marketing reporting tools,/blog/marketing-reporting-tools,UK,MOBILE,WEB,Non-Brand,39,579,0.0674,7.47
2026-02-13,marketing attribution,/blog/marketing-attribution,USA,MOBILE,WEB,Non-Brand,59,667,0.0885,22.31
2026-02-13,performance marketing analytics,/insights,UK,DESKTOP,WEB,Non-Brand,38,601,0.0632,8.54
2026-02-13,paid media dashboard,/insights,India,DESKTOP,WEB,Non-Brand,33,459,0.0719,3.92
2026-02-13,marketing data pipeline,/blog/marketing-data-pipeline,India,MOBILE,WEB,Non-Brand,11,139,0.0791,33.43
2026-02-13,digital campaign analytics,/insights,India,DESKTOP,WEB,Non-Brand,9,140,0.0643,31.77
2026-02-13,marketing insights,/blog/marketing-insights,USA,DESKTOP,WEB,Non-Brand,24,884,0.0271,34.63
2026-02-13,seo marketing dashboard,/insights,UK,DESKTOP,WEB,Non-Brand,19,586,0.0324,32.42
2026-02-13,customer acquisition cost,/blog/customer-acquisition-cost,USA,MOBILE,WEB,Non-Brand,1,127,0.0079,13.88
2026-02-13,roas dashboard,/insights,India,DESKTOP,WEB,Non-Brand,49,802,0.0611,23.92
2026-02-13,marketing roi,/blog/marketing-roi,India,MOBILE,WEB,Non-Brand,28,319,0.0878,33.27
2026-02-14,marketing analytics dashboard,/insights,USA,MOBILE,WEB,Brand,14,226,0.0619,21.26
2026-02-14,digital marketing agency,/blog/digital-marketing-agency,USA,MOBILE,WEB,Non-Brand,59,726,0.0813,6.95
2026-02-14,marketing performance dashboard,/insights,USA,DESKTOP,WEB,Non-Brand,7,529,0.0132,25.28
2026-02-14,best marketing dashboard,/insights,UK,MOBILE,WEB,Non-Brand,38,768,0.0495,10.83
2026-02-14,google ads roi,/blog/google-ads-roi,UK,DESKTOP,WEB,Non-Brand,24,678,0.0354,24.74
2026-02-14,meta ads roi,/blog/meta-ads-roi,India,DESKTOP,WEB,Non-Brand,6,83,0.0723,3.75
2026-02-14,linkedin ads analytics,/insights,UK,MOBILE,WEB,Non-Brand,60,865,0.0694,16.83
2026-02-14,marketing kpi dashboard,/insights,USA,MOBILE,WEB,Non-Brand,58,795,0.073,7.95
2026-02-14,campaign roi calculator,/blog/campaign-roi-calculator,India,DESKTOP,WEB,Non-Brand,27,642,0.0421,10.16
2026-02-14,marketing reporting tools,/blog/marketing-reporting-tools,USA,DESKTOP,WEB,Non-Brand,39,567,0.0688,22.66
2026-02-14,marketing attribution,/blog/marketing-attribution,India,MOBILE,WEB,Non-Brand,31,681,0.0455,7.14
2026-02-14,performance marketing analytics,/insights,Canada,MOBILE,WEB,Non-Brand,5,83,0.0602,5.5
2026-02-14,paid media dashboard,/insights,India,MOBILE,WEB,Non-Brand,15,168,0.0893,32.01
2026-02-14,marketing data pipeline,/blog/marketing-data-pipeline,India,DESKTOP,WEB,Non-Brand,29,329,0.0881,23.98
2026-02-14,digital campaign analytics,/insights,Canada,MOBILE,WEB,Non-Brand,58,779,0.0745,8.05
2026-02-14,marketing insights,/blog/marketing-insights,India,MOBILE,WEB,Non-Brand,18,450,0.04,15.17
2026-02-14,seo marketing dashboard,/insights,USA,MOBILE,WEB,Non-Brand,22,574,0.0383,30.0
2026-02-14,customer acquisition cost,/blog/customer-acquisition-cost,USA,DESKTOP,WEB,Non-Brand,11,217,0.0507,9.13
2026-02-14,roas dashboard,/insights,India,DESKTOP,WEB,Non-Brand,1,163,0.0061,32.96
2026-02-14,marketing roi,/blog/marketing-roi,USA,DESKTOP,WEB,Non-Brand,24,561,0.0428,9.85
2026-02-15,marketing analytics dashboard,/insights,USA,MOBILE,WEB,Brand,20,517,0.0387,24.91
2026-02-15,digital marketing agency,/blog/digital-marketing-agency,India,DESKTOP,WEB,Non-Brand,33,575,0.0574,17.79
2026-02-15,marketing performance dashboard,/insights,USA,MOBILE,WEB,Non-Brand,31,780,0.0397,6.64
2026-02-15,best marketing dashboard,/insights,USA,DESKTOP,WEB,Non-Brand,43,752,0.0572,3.38
2026-02-15,google ads roi,/blog/google-ads-roi,UK,MOBILE,WEB,Non-Brand,79,886,0.0892,5.12
2026-02-15,meta ads roi,/blog/meta-ads-roi,India,DESKTOP,WEB,Non-Brand,42,637,0.0659,25.32
2026-02-15,linkedin ads analytics,/insights,Canada,MOBILE,WEB,Non-Brand,3,189,0.0159,32.23
2026-02-15,marketing kpi dashboard,/insights,USA,DESKTOP,WEB,Non-Brand,2,132,0.0152,19.67
2026-02-15,campaign roi calculator,/blog/campaign-roi-calculator,UK,DESKTOP,WEB,Non-Brand,20,271,0.0738,20.56
2026-02-15,marketing reporting tools,/blog/marketing-reporting-tools,USA,MOBILE,WEB,Non-Brand,24,830,0.0289,9.25
2026-02-15,marketing attribution,/blog/marketing-attribution,India,DESKTOP,WEB,Non-Brand,48,602,0.0797,5.87
2026-02-15,performance marketing analytics,/insights,USA,DESKTOP,WEB,Non-Brand,24,621,0.0386,25.14
2026-02-15,paid media dashboard,/insights,USA,TABLET,WEB,Non-Brand,23,753,0.0305,6.06
2026-02-15,marketing data pipeline,/blog/marketing-data-pipeline,USA,TABLET,WEB,Non-Brand,40,737,0.0543,7.51
2026-02-15,digital campaign analytics,/insights,Canada,DESKTOP,WEB,Non-Brand,63,753,0.0837,11.77
2026-02-15,marketing insights,/blog/marketing-insights,USA,DESKTOP,WEB,Non-Brand,20,248,0.0806,20.84
2026-02-15,seo marketing dashboard,/insights,USA,MOBILE,WEB,Non-Brand,53,631,0.084,24.45
2026-02-15,customer acquisition cost,/blog/customer-acquisition-cost,UK,MOBILE,WEB,Non-Brand,23,522,0.0441,6.42
2026-02-15,roas dashboard,/insights,India,MOBILE,WEB,Non-Brand,46,599,0.0768,6.56
2026-02-15,marketing roi,/blog/marketing-roi,UK,DESKTOP,WEB,Non-Brand,31,481,0.0644,29.07
2026-02-16,marketing analytics dashboard,/insights,UK,MOBILE,WEB,Brand,38,460,0.0826,14.13
2026-02-16,digital marketing agency,/blog/digital-marketing-agency,USA,DESKTOP,WEB,Non-Brand,34,406,0.0837,25.25
2026-02-16,marketing performance dashboard,/insights,Canada,MOBILE,WEB,Non-Brand,66,812,0.0813,13.96
2026-02-16,best marketing dashboard,/insights,UK,MOBILE,WEB,Non-Brand,24,357,0.0672,19.61
2026-02-16,google ads roi,/blog/google-ads-roi,UK,DESKTOP,WEB,Non-Brand,15,410,0.0366,4.43
2026-02-16,meta ads roi,/blog/meta-ads-roi,USA,DESKTOP,WEB,Non-Brand,42,799,0.0526,13.01
2026-02-16,linkedin ads analytics,/insights,Canada,MOBILE,WEB,Non-Brand,32,365,0.0877,8.31
2026-02-16,marketing kpi dashboard,/insights,UK,DESKTOP,WEB,Non-Brand,50,751,0.0666,28.89
2026-02-16,campaign roi calculator,/blog/campaign-roi-calculator,India,MOBILE,WEB,Non-Brand,43,835,0.0515,8.67
2026-02-16,marketing reporting tools,/blog/marketing-reporting-tools,UK,DESKTOP,WEB,Non-Brand,17,191,0.089,22.01
2026-02-16,marketing attribution,/blog/marketing-attribution,Canada,DESKTOP,WEB,Non-Brand,11,406,0.0271,26.35
2026-02-16,performance marketing analytics,/insights,Canada,MOBILE,WEB,Non-Brand,16,257,0.0623,30.79
2026-02-16,paid media dashboard,/insights,USA,DESKTOP,WEB,Non-Brand,6,114,0.0526,10.25
2026-02-16,marketing data pipeline,/blog/marketing-data-pipeline,USA,MOBILE,WEB,Non-Brand,14,152,0.0921,4.38
2026-02-16,digital campaign analytics,/insights,India,DESKTOP,WEB,Non-Brand,63,818,0.077,16.68
2026-02-16,marketing insights,/blog/marketing-insights,USA,DESKTOP,WEB,Non-Brand,3,169,0.0178,26.92
2026-02-16,seo marketing dashboard,/insights,India,DESKTOP,WEB,Non-Brand,11,379,0.029,34.35
2026-02-16,customer acquisition cost,/blog/customer-acquisition-cost,UK,MOBILE,WEB,Non-Brand,8,653,0.0123,13.54
2026-02-16,roas dashboard,/insights,USA,DESKTOP,WEB,Non-Brand,13,771,0.0169,17.03
2026-02-16,marketing roi,/blog/marketing-roi,USA,TABLET,WEB,Non-Brand,13,504,0.0258,24.12
2026-02-17,marketing analytics dashboard,/insights,USA,DESKTOP,WEB,Brand,1,89,0.0112,6.22
2026-02-17,digital marketing agency,/blog/digital-marketing-agency,India,DESKTOP,WEB,Non-Brand,40,553,0.0723,34.25
2026-02-17,marketing performance dashboard,/insights,India,DESKTOP,WEB,Non-Brand,75,882,0.085,15.71
2026-02-17,best marketing dashboard,/insights,USA,DESKTOP,WEB,Non-Brand,3,89,0.0337,20.18
2026-02-17,google ads roi,/blog/google-ads-roi,USA,MOBILE,WEB,Non-Brand,13,432,0.0301,20.41
2026-02-17,meta ads roi,/blog/meta-ads-roi,USA,MOBILE,WEB,Non-Brand,29,571,0.0508,29.96
2026-02-17,linkedin ads analytics,/insights,Canada,MOBILE,WEB,Non-Brand,15,248,0.0605,34.05
2026-02-17,marketing kpi dashboard,/insights,Canada,MOBILE,WEB,Non-Brand,8,174,0.046,14.02
2026-02-17,campaign roi calculator,/blog/campaign-roi-calculator,USA,DESKTOP,WEB,Non-Brand,19,675,0.0281,33.57
2026-02-17,marketing reporting tools,/blog/marketing-reporting-tools,USA,DESKTOP,WEB,Non-Brand,12,500,0.024,20.89
2026-02-17,marketing attribution,/blog/marketing-attribution,USA,DESKTOP,WEB,Non-Brand,15,263,0.057,13.17
2026-02-17,performance marketing analytics,/insights,India,MOBILE,WEB,Non-Brand,19,427,0.0445,34.23
2026-02-17,paid media dashboard,/insights,USA,DESKTOP,WEB,Non-Brand,29,337,0.0861,24.55
2026-02-17,marketing data pipeline,/blog/marketing-data-pipeline,USA,MOBILE,WEB,Non-Brand,46,607,0.0758,10.66
2026-02-17,digital campaign analytics,/insights,USA,DESKTOP,WEB,Non-Brand,20,485,0.0412,34.49
2026-02-17,marketing insights,/blog/marketing-insights,UK,DESKTOP,WEB,Non-Brand,16,499,0.0321,4.88
2026-02-17,seo marketing dashboard,/insights,USA,DESKTOP,WEB,Non-Brand,21,250,0.084,19.7
2026-02-17,customer acquisition cost,/blog/customer-acquisition-cost,UK,DESKTOP,WEB,Non-Brand,9,100,0.09,8.03
2026-02-17,roas dashboard,/insights,India,MOBILE,WEB,Non-Brand,24,441,0.0544,17.06
2026-02-17,marketing roi,/blog/marketing-roi,USA,MOBILE,WEB,Non-Brand,31,346,0.0896,8.82
2026-02-18,marketing analytics dashboard,/insights,India,MOBILE,WEB,Brand,7,104,0.0673,23.26
2026-02-18,digital marketing agency,/blog/digital-marketing-agency,India,MOBILE,WEB,Non-Brand,10,257,0.0389,22.89
2026-02-18,marketing performance dashboard,/insights,India,DESKTOP,WEB,Non-Brand,8,701,0.0114,27.0
2026-02-18,best marketing dashboard,/insights,India,DESKTOP,WEB,Non-Brand,26,471,0.0552,21.42
2026-02-18,google ads roi,/blog/google-ads-roi,USA,MOBILE,WEB,Non-Brand,9,116,0.0776,28.9
2026-02-18,meta ads roi,/blog/meta-ads-roi,India,DESKTOP,WEB,Non-Brand,29,670,0.0433,28.66
2026-02-18,linkedin ads analytics,/insights,Canada,MOBILE,WEB,Non-Brand,27,582,0.0464,2.75
2026-02-18,marketing kpi dashboard,/insights,Canada,MOBILE,WEB,Non-Brand,29,737,0.0393,13.09
2026-02-18,campaign roi calculator,/blog/campaign-roi-calculator,Canada,DESKTOP,WEB,Non-Brand,41,454,0.0903,27.63
2026-02-18,marketing reporting tools,/blog/marketing-reporting-tools,USA,MOBILE,WEB,Non-Brand,31,648,0.0478,18.71
2026-02-18,marketing attribution,/blog/marketing-attribution,UK,DESKTOP,WEB,Non-Brand,28,561,0.0499,13.34
2026-02-18,performance marketing analytics,/insights,USA,MOBILE,WEB,Non-Brand,5,178,0.0281,15.19
2026-02-18,paid media dashboard,/insights,India,MOBILE,WEB,Non-Brand,25,278,0.0899,26.54
2026-02-18,marketing data pipeline,/blog/marketing-data-pipeline,India,MOBILE,WEB,Non-Brand,44,731,0.0602,33.82
2026-02-18,digital campaign analytics,/insights,India,TABLET,WEB,Non-Brand,26,472,0.0551,34.36
2026-02-18,marketing insights,/blog/marketing-insights,Canada,MOBILE,WEB,Non-Brand,9,328,0.0274,14.83
2026-02-18,seo marketing dashboard,/insights,India,DESKTOP,WEB,Non-Brand,40,642,0.0623,33.13
2026-02-18,customer acquisition cost,/blog/customer-acquisition-cost,USA,DESKTOP,WEB,Non-Brand,33,391,0.0844,26.83
2026-02-18,roas dashboard,/insights,USA,DESKTOP,WEB,Non-Brand,46,881,0.0522,12.24
2026-02-18,marketing roi,/blog/marketing-roi,UK,DESKTOP,WEB,Non-Brand,26,279,0.0932,28.11
2026-02-19,marketing analytics dashboard,/insights,USA,MOBILE,WEB,Brand,44,584,0.0753,28.1
2026-02-19,digital marketing agency,/blog/digital-marketing-agency,India,DESKTOP,WEB,Non-Brand,26,310,0.0839,4.67
2026-02-19,marketing performance dashboard,/insights,India,TABLET,WEB,Non-Brand,3,124,0.0242,9.45
2026-02-19,best marketing dashboard,/insights,UK,MOBILE,WEB,Non-Brand,52,695,0.0748,28.3
2026-02-19,google ads roi,/blog/google-ads-roi,UK,MOBILE,WEB,Non-Brand,50,559,0.0894,14.38
2026-02-19,meta ads roi,/blog/meta-ads-roi,Canada,DESKTOP,WEB,Non-Brand,52,595,0.0874,19.17
2026-02-19,linkedin ads analytics,/insights,USA,MOBILE,WEB,Non-Brand,15,236,0.0636,28.64
2026-02-19,marketing kpi dashboard,/insights,Canada,DESKTOP,WEB,Non-Brand,9,146,0.0616,33.32
2026-02-19,campaign roi calculator,/blog/campaign-roi-calculator,USA,MOBILE,WEB,Non-Brand,41,897,0.0457,7.94
2026-02-19,marketing reporting tools,/blog/marketing-reporting-tools,USA,DESKTOP,WEB,Non-Brand,5,130,0.0385,6.19
2026-02-19,marketing attribution,/blog/marketing-attribution,India,DESKTOP,WEB,Non-Brand,8,365,0.0219,25.87
2026-02-19,performance marketing analytics,/insights,USA,DESKTOP,WEB,Non-Brand,12,867,0.0138,15.76
2026-02-19,paid media dashboard,/insights,UK,TABLET,WEB,Non-Brand,32,401,0.0798,5.44
2026-02-19,marketing data pipeline,/blog/marketing-data-pipeline,UK,MOBILE,WEB,Non-Brand,7,139,0.0504,28.15
2026-02-19,digital campaign analytics,/insights,USA,DESKTOP,WEB,Non-Brand,34,691,0.0492,26.36
2026-02-19,marketing insights,/blog/marketing-insights,India,DESKTOP,WEB,Non-Brand,38,524,0.0725,24.65
2026-02-19,seo marketing dashboard,/insights,Canada,DESKTOP,WEB,Non-Brand,14,449,0.0312,18.53
2026-02-19,customer acquisition cost,/blog/customer-acquisition-cost,USA,DESKTOP,WEB,Non-Brand,32,469,0.0682,19.76
2026-02-19,roas dashboard,/insights,India,MOBILE,WEB,Non-Brand,15,180,0.0833,9.42
2026-02-19,marketing roi,/blog/marketing-roi,Canada,DESKTOP,WEB,Non-Brand,16,217,0.0737,26.06
2026-02-20,marketing analytics dashboard,/insights,USA,DESKTOP,WEB,Brand,39,592,0.0659,12.25
2026-02-20,digital marketing agency,/blog/digital-marketing-agency,USA,MOBILE,WEB,Non-Brand,11,335,0.0328,16.42
2026-02-20,marketing performance dashboard,/insights,UK,DESKTOP,WEB,Non-Brand,16,250,0.064,4.46
2026-02-20,best marketing dashboard,/insights,UK,MOBILE,WEB,Non-Brand,42,851,0.0494,26.22
2026-02-20,google ads roi,/blog/google-ads-roi,USA,MOBILE,WEB,Non-Brand,34,523,0.065,12.18
2026-02-20,meta ads roi,/blog/meta-ads-roi,USA,MOBILE,WEB,Non-Brand,35,776,0.0451,28.34
2026-02-20,linkedin ads analytics,/insights,USA,DESKTOP,WEB,Non-Brand,48,570,0.0842,31.36
2026-02-20,marketing kpi dashboard,/insights,India,DESKTOP,WEB,Non-Brand,6,163,0.0368,24.01
2026-02-20,campaign roi calculator,/blog/campaign-roi-calculator,India,TABLET,WEB,Non-Brand,9,158,0.057,7.76
2026-02-20,marketing reporting tools,/blog/marketing-reporting-tools,Canada,DESKTOP,WEB,Non-Brand,18,369,0.0488,20.79
2026-02-20,marketing attribution,/blog/marketing-attribution,India,MOBILE,WEB,Non-Brand,25,320,0.0781,16.36
2026-02-20,performance marketing analytics,/insights,India,DESKTOP,WEB,Non-Brand,32,504,0.0635,33.72
2026-02-20,paid media dashboard,/insights,USA,MOBILE,WEB,Non-Brand,11,133,0.0827,29.91
2026-02-20,marketing data pipeline,/blog/marketing-data-pipeline,India,MOBILE,WEB,Non-Brand,56,715,0.0783,12.36
2026-02-20,digital campaign analytics,/insights,India,MOBILE,WEB,Non-Brand,22,348,0.0632,12.11
2026-02-20,marketing insights,/blog/marketing-insights,USA,DESKTOP,WEB,Non-Brand,16,589,0.0272,20.32
2026-02-20,seo marketing dashboard,/insights,India,TABLET,WEB,Non-Brand,33,543,0.0608,5.81
2026-02-20,customer acquisition cost,/blog/customer-acquisition-cost,USA,MOBILE,WEB,Non-Brand,64,696,0.092,3.73
2026-02-20,roas dashboard,/insights,USA,MOBILE,WEB,Non-Brand,10,579,0.0173,27.28
2026-02-20,marketing roi,/blog/marketing-roi,USA,DESKTOP,WEB,Non-Brand,60,858,0.0699,8.2
2026-02-21,marketing analytics dashboard,/insights,USA,MOBILE,WEB,Brand,35,822,0.0426,33.47
2026-02-21,digital marketing agency,/blog/digital-marketing-agency,UK,DESKTOP,WEB,Non-Brand,5,180,0.0278,5.72
2026-02-21,marketing performance dashboard,/insights,Canada,MOBILE,WEB,Non-Brand,20,567,0.0353,9.85
2026-02-21,best marketing dashboard,/insights,UK,DESKTOP,WEB,Non-Brand,25,465,0.0538,11.06
2026-02-21,google ads roi,/blog/google-ads-roi,USA,MOBILE,WEB,Non-Brand,12,827,0.0145,4.5
2026-02-21,meta ads roi,/blog/meta-ads-roi,USA,MOBILE,WEB,Non-Brand,26,348,0.0747,21.26
2026-02-21,linkedin ads analytics,/insights,USA,DESKTOP,WEB,Non-Brand,16,530,0.0302,6.78
2026-02-21,marketing kpi dashboard,/insights,USA,DESKTOP,WEB,Non-Brand,44,531,0.0829,30.43
2026-02-21,campaign roi calculator,/blog/campaign-roi-calculator,Canada,DESKTOP,WEB,Non-Brand,16,578,0.0277,27.18
2026-02-21,marketing reporting tools,/blog/marketing-reporting-tools,USA,MOBILE,WEB,Non-Brand,32,427,0.0749,10.57
2026-02-21,marketing attribution,/blog/marketing-attribution,USA,DESKTOP,WEB,Non-Brand,28,692,0.0405,16.2
2026-02-21,performance marketing analytics,/insights,Canada,DESKTOP,WEB,Non-Brand,5,384,0.013,20.44
2026-02-21,paid media dashboard,/insights,USA,TABLET,WEB,Non-Brand,26,669,0.0389,17.68
2026-02-21,marketing data pipeline,/blog/marketing-data-pipeline,Canada,MOBILE,WEB,Non-Brand,13,329,0.0395,13.73
2026-02-21,digital campaign analytics,/insights,UK,MOBILE,WEB,Non-Brand,13,372,0.0349,19.49
2026-02-21,marketing insights,/blog/marketing-insights,Canada,MOBILE,WEB,Non-Brand,18,583,0.0309,31.69
2026-02-21,seo marketing dashboard,/insights,India,MOBILE,WEB,Non-Brand,17,380,0.0447,18.04
2026-02-21,customer acquisition cost,/blog/customer-acquisition-cost,USA,DESKTOP,WEB,Non-Brand,19,233,0.0815,4.3
2026-02-21,roas dashboard,/insights,USA,DESKTOP,WEB,Non-Brand,52,607,0.0857,5.78
2026-02-21,marketing roi,/blog/marketing-roi,India,MOBILE,WEB,Non-Brand,78,880,0.0886,12.09
2026-02-22,marketing analytics dashboard,/insights,UK,DESKTOP,WEB,Brand,12,498,0.0241,8.46
2026-02-22,digital marketing agency,/blog/digital-marketing-agency,USA,TABLET,WEB,Non-Brand,18,341,0.0528,5.32
2026-02-22,marketing performance dashboard,/insights,USA,MOBILE,WEB,Non-Brand,68,829,0.082,27.89
2026-02-22,best marketing dashboard,/insights,USA,MOBILE,WEB,Non-Brand,44,870,0.0506,20.56
2026-02-22,google ads roi,/blog/google-ads-roi,USA,DESKTOP,WEB,Non-Brand,22,288,0.0764,5.89
2026-02-22,meta ads roi,/blog/meta-ads-roi,India,DESKTOP,WEB,Non-Brand,13,342,0.038,21.47
2026-02-22,linkedin ads analytics,/insights,USA,MOBILE,WEB,Non-Brand,42,510,0.0824,13.11
2026-02-22,marketing kpi dashboard,/insights,USA,MOBILE,WEB,Non-Brand,22,706,0.0312,26.43
2026-02-22,campaign roi calculator,/blog/campaign-roi-calculator,USA,DESKTOP,WEB,Non-Brand,17,696,0.0244,26.72
2026-02-22,marketing reporting tools,/blog/marketing-reporting-tools,Canada,DESKTOP,WEB,Non-Brand,50,862,0.058,15.2
2026-02-22,marketing attribution,/blog/marketing-attribution,India,DESKTOP,WEB,Non-Brand,2,176,0.0114,27.39
2026-02-22,performance marketing analytics,/insights,USA,DESKTOP,WEB,Non-Brand,4,106,0.0377,11.94
2026-02-22,paid media dashboard,/insights,India,DESKTOP,WEB,Non-Brand,16,708,0.0226,27.81
2026-02-22,marketing data pipeline,/blog/marketing-data-pipeline,Canada,MOBILE,WEB,Non-Brand,22,680,0.0324,15.29
2026-02-22,digital campaign analytics,/insights,UK,DESKTOP,WEB,Non-Brand,68,747,0.091,29.47
2026-02-22,marketing insights,/blog/marketing-insights,UK,DESKTOP,WEB,Non-Brand,28,690,0.0406,21.52
2026-02-22,seo marketing dashboard,/insights,India,MOBILE,WEB,Non-Brand,1,112,0.0089,34.6
2026-02-22,customer acquisition cost,/blog/customer-acquisition-cost,USA,MOBILE,WEB,Non-Brand,41,509,0.0806,29.11
2026-02-22,roas dashboard,/insights,USA,DESKTOP,WEB,Non-Brand,18,229,0.0786,31.54
2026-02-22,marketing roi,/blog/marketing-roi,Canada,MOBILE,WEB,Non-Brand,4,151,0.0265,4.07
2026-02-23,marketing analytics dashboard,/insights,India,MOBILE,WEB,Brand,28,331,0.0846,4.29
2026-02-23,digital marketing agency,/blog/digital-marketing-agency,India,DESKTOP,WEB,Non-Brand,26,615,0.0423,24.07
2026-02-23,marketing performance dashboard,/insights,UK,DESKTOP,WEB,Non-Brand,11,249,0.0442,26.27
2026-02-23,best marketing dashboard,/insights,USA,DESKTOP,WEB,Non-Brand,34,718,0.0474,15.83
2026-02-23,google ads roi,/blog/google-ads-roi,USA,DESKTOP,WEB,Non-Brand,16,256,0.0625,30.59
2026-02-23,meta ads roi,/blog/meta-ads-roi,Canada,DESKTOP,WEB,Non-Brand,73,786,0.0929,25.88
2026-02-23,linkedin ads analytics,/insights,USA,MOBILE,WEB,Non-Brand,9,441,0.0204,30.92
2026-02-23,marketing kpi dashboard,/insights,USA,MOBILE,WEB,Non-Brand,10,205,0.0488,2.88
2026-02-23,campaign roi calculator,/blog/campaign-roi-calculator,India,DESKTOP,WEB,Non-Brand,17,386,0.044,29.27
2026-02-23,marketing reporting tools,/blog/marketing-reporting-tools,USA,DESKTOP,WEB,Non-Brand,70,780,0.0897,8.16
2026-02-23,marketing attribution,/blog/marketing-attribution,UK,MOBILE,WEB,Non-Brand,40,824,0.0485,18.47
2026-02-23,performance marketing analytics,/insights,USA,MOBILE,WEB,Non-Brand,41,897,0.0457,23.82
2026-02-23,paid media dashboard,/insights,India,MOBILE,WEB,Non-Brand,45,511,0.0881,31.59
2026-02-23,marketing data pipeline,/blog/marketing-data-pipeline,USA,DESKTOP,WEB,Non-Brand,48,525,0.0914,25.02
2026-02-23,digital campaign analytics,/insights,Canada,DESKTOP,WEB,Non-Brand,33,621,0.0531,7.53
2026-02-23,marketing insights,/blog/marketing-insights,USA,DESKTOP,WEB,Non-Brand,15,169,0.0888,24.79
2026-02-23,seo marketing dashboard,/insights,USA,DESKTOP,WEB,Non-Brand,21,748,0.0281,11.8
2026-02-23,customer acquisition cost,/blog/customer-acquisition-cost,Canada,MOBILE,WEB,Non-Brand,18,708,0.0254,3.96
2026-02-23,roas dashboard,/insights,USA,DESKTOP,WEB,Non-Brand,77,899,0.0857,3.12
2026-02-23,marketing roi,/blog/marketing-roi,USA,MOBILE,WEB,Non-Brand,17,228,0.0746,4.36
2026-02-24,marketing analytics dashboard,/insights,USA,DESKTOP,WEB,Brand,22,415,0.053,8.18
2026-02-24,digital marketing agency,/blog/digital-marketing-agency,India,DESKTOP,WEB,Non-Brand,36,528,0.0682,21.14
2026-02-24,marketing performance dashboard,/insights,USA,DESKTOP,WEB,Non-Brand,31,412,0.0752,31.18
2026-02-24,best marketing dashboard,/insights,USA,DESKTOP,WEB,Non-Brand,8,701,0.0114,14.81
2026-02-24,google ads roi,/blog/google-ads-roi,USA,MOBILE,WEB,Non-Brand,12,218,0.055,14.07
2026-02-24,meta ads roi,/blog/meta-ads-roi,India,DESKTOP,WEB,Non-Brand,68,875,0.0777,8.16
2026-02-24,linkedin ads analytics,/insights,USA,MOBILE,WEB,Non-Brand,6,272,0.0221,4.78
2026-02-24,marketing kpi dashboard,/insights,Canada,DESKTOP,WEB,Non-Brand,8,123,0.065,17.62
2026-02-24,campaign roi calculator,/blog/campaign-roi-calculator,USA,MOBILE,WEB,Non-Brand,16,246,0.065,19.73
2026-02-24,marketing reporting tools,/blog/marketing-reporting-tools,UK,DESKTOP,WEB,Non-Brand,23,395,0.0582,4.79
2026-02-24,marketing attribution,/blog/marketing-attribution,UK,DESKTOP,WEB,Non-Brand,6,468,0.0128,34.72
2026-02-24,performance marketing analytics,/insights,Canada,MOBILE,WEB,Non-Brand,21,338,0.0621,14.91
2026-02-24,paid media dashboard,/insights,India,DESKTOP,WEB,Non-Brand,5,300,0.0167,17.66
2026-02-24,marketing data pipeline,/blog/marketing-data-pipeline,India,MOBILE,WEB,Non-Brand,20,507,0.0394,5.42
2026-02-24,digital campaign analytics,/insights,India,MOBILE,WEB,Non-Brand,9,643,0.014,28.07
2026-02-24,marketing insights,/blog/marketing-insights,USA,MOBILE,WEB,Non-Brand,36,791,0.0455,34.23
2026-02-24,seo marketing dashboard,/insights,USA,DESKTOP,WEB,Non-Brand,42,514,0.0817,9.83
2026-02-24,customer acquisition cost,/blog/customer-acquisition-cost,India,DESKTOP,WEB,Non-Brand,30,655,0.0458,23.39
2026-02-24,roas dashboard,/insights,UK,DESKTOP,WEB,Non-Brand,2,131,0.0153,20.58
2026-02-24,marketing roi,/blog/marketing-roi,India,DESKTOP,WEB,Non-Brand,60,691,0.0868,7.98
2026-02-25,marketing analytics dashboard,/insights,India,DESKTOP,WEB,Brand,37,637,0.0581,19.04
2026-02-25,digital marketing agency,/blog/digital-marketing-agency,USA,DESKTOP,WEB,Non-Brand,24,426,0.0563,10.52
2026-02-25,marketing performance dashboard,/insights,USA,DESKTOP,WEB,Non-Brand,31,562,0.0552,28.87
2026-02-25,best marketing dashboard,/insights,UK,DESKTOP,WEB,Non-Brand,11,299,0.0368,13.39
2026-02-25,google ads roi,/blog/google-ads-roi,India,MOBILE,WEB,Non-Brand,20,399,0.0501,18.72
2026-02-25,meta ads roi,/blog/meta-ads-roi,India,DESKTOP,WEB,Non-Brand,9,752,0.012,31.16
2026-02-25,linkedin ads analytics,/insights,India,DESKTOP,WEB,Non-Brand,19,323,0.0588,11.91
2026-02-25,marketing kpi dashboard,/insights,UK,DESKTOP,WEB,Non-Brand,17,334,0.0509,25.78
2026-02-25,campaign roi calculator,/blog/campaign-roi-calculator,Canada,MOBILE,WEB,Non-Brand,10,283,0.0353,7.14
2026-02-25,marketing reporting tools,/blog/marketing-reporting-tools,UK,DESKTOP,WEB,Non-Brand,47,585,0.0803,7.21
2026-02-25,marketing attribution,/blog/marketing-attribution,India,MOBILE,WEB,Non-Brand,39,726,0.0537,10.02
2026-02-25,performance marketing analytics,/insights,India,MOBILE,WEB,Non-Brand,4,82,0.0488,28.78
2026-02-25,paid media dashboard,/insights,India,MOBILE,WEB,Non-Brand,21,616,0.0341,14.16
2026-02-25,marketing data pipeline,/blog/marketing-data-pipeline,USA,DESKTOP,WEB,Non-Brand,7,89,0.0787,23.21
2026-02-25,digital campaign analytics,/insights,India,DESKTOP,WEB,Non-Brand,16,464,0.0345,29.73
2026-02-25,marketing insights,/blog/marketing-insights,India,DESKTOP,WEB,Non-Brand,11,130,0.0846,32.06
2026-02-25,seo marketing dashboard,/insights,USA,MOBILE,WEB,Non-Brand,43,833,0.0516,21.02
2026-02-25,customer acquisition cost,/blog/customer-acquisition-cost,USA,DESKTOP,WEB,Non-Brand,57,626,0.0911,12.38
2026-02-25,roas dashboard,/insights,India,DESKTOP,WEB,Non-Brand,10,549,0.0182,29.96
2026-02-25,marketing roi,/blog/marketing-roi,USA,DESKTOP,WEB,Non-Brand,19,451,0.0421,27.35
2026-02-26,marketing analytics dashboard,/insights,India,DESKTOP,WEB,Brand,9,155,0.0581,2.66
2026-02-26,digital marketing agency,/blog/digital-marketing-agency,Canada,MOBILE,WEB,Non-Brand,41,674,0.0608,20.75
2026-02-26,marketing performance dashboard,/insights,India,DESKTOP,WEB,Non-Brand,5,301,0.0166,29.13
2026-02-26,best marketing dashboard,/insights,USA,MOBILE,WEB,Non-Brand,5,147,0.034,32.08
2026-02-26,google ads roi,/blog/google-ads-roi,UK,MOBILE,WEB,Non-Brand,75,857,0.0875,22.49
2026-02-26,meta ads roi,/blog/meta-ads-roi,USA,MOBILE,WEB,Non-Brand,4,108,0.037,5.39
2026-02-26,linkedin ads analytics,/insights,USA,TABLET,WEB,Non-Brand,9,116,0.0776,8.56
2026-02-26,marketing kpi dashboard,/insights,USA,DESKTOP,WEB,Non-Brand,39,432,0.0903,14.05
2026-02-26,campaign roi calculator,/blog/campaign-roi-calculator,Canada,MOBILE,WEB,Non-Brand,10,252,0.0397,20.97
2026-02-26,marketing reporting tools,/blog/marketing-reporting-tools,USA,DESKTOP,WEB,Non-Brand,12,338,0.0355,14.07
2026-02-26,marketing attribution,/blog/marketing-attribution,India,DESKTOP,WEB,Non-Brand,13,540,0.0241,7.33
2026-02-26,performance marketing analytics,/insights,USA,DESKTOP,WEB,Non-Brand,25,280,0.0893,5.22
2026-02-26,paid media dashboard,/insights,USA,DESKTOP,WEB,Non-Brand,29,463,0.0626,15.12
2026-02-26,marketing data pipeline,/blog/marketing-data-pipeline,USA,MOBILE,WEB,Non-Brand,17,484,0.0351,16.62
2026-02-26,digital campaign analytics,/insights,India,DESKTOP,WEB,Non-Brand,10,448,0.0223,24.11
2026-02-26,marketing insights,/blog/marketing-insights,USA,MOBILE,WEB,Non-Brand,42,871,0.0482,17.1
2026-02-26,seo marketing dashboard,/insights,UK,DESKTOP,WEB,Non-Brand,29,455,0.0637,22.28
2026-02-26,customer acquisition cost,/blog/customer-acquisition-cost,Canada,MOBILE,WEB,Non-Brand,12,242,0.0496,9.74
2026-02-26,roas dashboard,/insights,India,MOBILE,WEB,Non-Brand,8,416,0.0192,13.71
2026-02-26,marketing roi,/blog/marketing-roi,India,TABLET,WEB,Non-Brand,35,802,0.0436,27.92
2026-02-27,marketing analytics dashboard,/insights,India,DESKTOP,WEB,Brand,5,211,0.0237,13.53
2026-02-27,digital marketing agency,/blog/digital-marketing-agency,USA,DESKTOP,WEB,Non-Brand,8,92,0.087,18.49
2026-02-27,marketing performance dashboard,/insights,India,DESKTOP,WEB,Non-Brand,14,749,0.0187,10.38
2026-02-27,best marketing dashboard,/insights,USA,MOBILE,WEB,Non-Brand,6,253,0.0237,7.84
2026-02-27,google ads roi,/blog/google-ads-roi,UK,MOBILE,WEB,Non-Brand,26,415,0.0627,11.97
2026-02-27,meta ads roi,/blog/meta-ads-roi,India,DESKTOP,WEB,Non-Brand,31,595,0.0521,12.64
2026-02-27,linkedin ads analytics,/insights,USA,DESKTOP,WEB,Non-Brand,39,623,0.0626,10.58
2026-02-27,marketing kpi dashboard,/insights,India,TABLET,WEB,Non-Brand,17,581,0.0293,25.18
2026-02-27,campaign roi calculator,/blog/campaign-roi-calculator,Canada,DESKTOP,WEB,Non-Brand,63,800,0.0788,17.97
2026-02-27,marketing reporting tools,/blog/marketing-reporting-tools,USA,DESKTOP,WEB,Non-Brand,8,118,0.0678,25.55
2026-02-27,marketing attribution,/blog/marketing-attribution,UK,DESKTOP,WEB,Non-Brand,44,552,0.0797,24.41
2026-02-27,performance marketing analytics,/insights,USA,TABLET,WEB,Non-Brand,11,780,0.0141,13.76
2026-02-27,paid media dashboard,/insights,Canada,DESKTOP,WEB,Non-Brand,56,711,0.0788,33.19
2026-02-27,marketing data pipeline,/blog/marketing-data-pipeline,USA,DESKTOP,WEB,Non-Brand,30,874,0.0343,18.33
2026-02-27,digital campaign analytics,/insights,USA,DESKTOP,WEB,Non-Brand,52,667,0.078,23.34
2026-02-27,marketing insights,/blog/marketing-insights,India,DESKTOP,WEB,Non-Brand,32,697,0.0459,14.18
2026-02-27,seo marketing dashboard,/insights,India,MOBILE,WEB,Non-Brand,45,795,0.0566,19.53
2026-02-27,customer acquisition cost,/blog/customer-acquisition-cost,India,TABLET,WEB,Non-Brand,30,452,0.0664,14.43
2026-02-27,roas dashboard,/insights,Canada,MOBILE,WEB,Non-Brand,41,451,0.0909,13.55
2026-02-27,marketing roi,/blog/marketing-roi,USA,DESKTOP,WEB,Non-Brand,33,376,0.0878,32.0
2026-02-28,marketing analytics dashboard,/insights,USA,DESKTOP,WEB,Brand,2,179,0.0112,16.19
2026-02-28,digital marketing agency,/blog/digital-marketing-agency,USA,DESKTOP,WEB,Non-Brand,22,766,0.0287,20.86
2026-02-28,marketing performance dashboard,/insights,USA,TABLET,WEB,Non-Brand,4,347,0.0115,2.72
2026-02-28,best marketing dashboard,/insights,USA,MOBILE,WEB,Non-Brand,34,417,0.0815,9.05
2026-02-28,google ads roi,/blog/google-ads-roi,India,MOBILE,WEB,Non-Brand,3,137,0.0219,14.43
2026-02-28,meta ads roi,/blog/meta-ads-roi,USA,MOBILE,WEB,Non-Brand,65,738,0.0881,29.23
2026-02-28,linkedin ads analytics,/insights,USA,MOBILE,WEB,Non-Brand,76,880,0.0864,22.01
2026-02-28,marketing kpi dashboard,/insights,India,MOBILE,WEB,Non-Brand,20,780,0.0256,31.52
2026-02-28,campaign roi calculator,/blog/campaign-roi-calculator,UK,MOBILE,WEB,Non-Brand,20,346,0.0578,20.02
2026-02-28,marketing reporting tools,/blog/marketing-reporting-tools,Canada,MOBILE,WEB,Non-Brand,5,312,0.016,19.01
2026-02-28,marketing attribution,/blog/marketing-attribution,UK,DESKTOP,WEB,Non-Brand,28,309,0.0906,11.99
2026-02-28,performance marketing analytics,/insights,Canada,DESKTOP,WEB,Non-Brand,12,770,0.0156,11.98
2026-02-28,paid media dashboard,/insights,India,TABLET,WEB,Non-Brand,30,423,0.0709,7.66
2026-02-28,marketing data pipeline,/blog/marketing-data-pipeline,USA,DESKTOP,WEB,Non-Brand,41,588,0.0697,24.62
2026-02-28,digital campaign analytics,/insights,Canada,DESKTOP,WEB,Non-Brand,2,108,0.0185,21.36
2026-02-28,marketing insights,/blog/marketing-insights,India,MOBILE,WEB,Non-Brand,17,680,0.025,10.28
2026-02-28,seo marketing dashboard,/insights,Canada,DESKTOP,WEB,Non-Brand,42,873,0.0481,15.16
2026-02-28,customer acquisition cost,/blog/customer-acquisition-cost,UK,DESKTOP,WEB,Non-Brand,43,663,0.0649,34.05
2026-02-28,roas dashboard,/insights,USA,DESKTOP,WEB,Non-Brand,9,320,0.0281,28.21
2026-02-28,marketing roi,/blog/marketing-roi,USA,DESKTOP,WEB,Non-Brand,10,137,0.073,10.51
2026-03-01,marketing analytics dashboard,/insights,Canada,DESKTOP,WEB,Brand,4,245,0.0163,6.66
2026-03-01,digital marketing agency,/blog/digital-marketing-agency,UK,DESKTOP,WEB,Non-Brand,16,200,0.08,27.38
2026-03-01,marketing performance dashboard,/insights,USA,DESKTOP,WEB,Non-Brand,40,564,0.0709,14.52
2026-03-01,best marketing dashboard,/insights,India,DESKTOP,WEB,Non-Brand,8,528,0.0152,12.54
2026-03-01,google ads roi,/blog/google-ads-roi,India,MOBILE,WEB,Non-Brand,20,242,0.0826,9.4
2026-03-01,meta ads roi,/blog/meta-ads-roi,India,DESKTOP,WEB,Non-Brand,58,831,0.0698,15.29
2026-03-01,linkedin ads analytics,/insights,UK,MOBILE,WEB,Non-Brand,28,352,0.0795,15.4
2026-03-01,marketing kpi dashboard,/insights,USA,MOBILE,WEB,Non-Brand,13,416,0.0312,9.08
2026-03-01,campaign roi calculator,/blog/campaign-roi-calculator,USA,DESKTOP,WEB,Non-Brand,15,574,0.0261,5.64
2026-03-01,marketing reporting tools,/blog/marketing-reporting-tools,USA,MOBILE,WEB,Non-Brand,6,229,0.0262,7.25
2026-03-01,marketing attribution,/blog/marketing-attribution,UK,DESKTOP,WEB,Non-Brand,50,728,0.0687,19.68
2026-03-01,performance marketing analytics,/insights,USA,DESKTOP,WEB,Non-Brand,39,421,0.0926,17.38
2026-03-01,paid media dashboard,/insights,USA,DESKTOP,WEB,Non-Brand,15,164,0.0915,2.87
2026-03-01,marketing data pipeline,/blog/marketing-data-pipeline,India,MOBILE,WEB,Non-Brand,13,161,0.0807,34.19
2026-03-01,digital campaign analytics,/insights,India,DESKTOP,WEB,Non-Brand,14,799,0.0175,33.07
2026-03-01,marketing insights,/blog/marketing-insights,India,DESKTOP,WEB,Non-Brand,38,709,0.0536,32.51
2026-03-01,seo marketing dashboard,/insights,India,MOBILE,WEB,Non-Brand,52,810,0.0642,19.6
2026-03-01,customer acquisition cost,/blog/customer-acquisition-cost,USA,TABLET,WEB,Non-Brand,38,620,0.0613,21.06
2026-03-01,roas dashboard,/insights,UK,DESKTOP,WEB,Non-Brand,7,204,0.0343,7.66
2026-03-01,marketing roi,/blog/marketing-roi,USA,MOBILE,WEB,Non-Brand,23,510,0.0451,7.44
2026-03-02,marketing analytics dashboard,/insights,USA,DESKTOP,WEB,Brand,28,391,0.0716,20.37
2026-03-02,digital marketing agency,/blog/digital-marketing-agency,India,MOBILE,WEB,Non-Brand,17,469,0.0362,31.84
2026-03-02,marketing performance dashboard,/insights,USA,MOBILE,WEB,Non-Brand,27,300,0.09,29.43
2026-03-02,best marketing dashboard,/insights,USA,DESKTOP,WEB,Non-Brand,65,897,0.0725,9.31
2026-03-02,google ads roi,/blog/google-ads-roi,USA,DESKTOP,WEB,Non-Brand,53,728,0.0728,24.99
2026-03-02,meta ads roi,/blog/meta-ads-roi,USA,DESKTOP,WEB,Non-Brand,7,381,0.0184,6.54
2026-03-02,linkedin ads analytics,/insights,UK,DESKTOP,WEB,Non-Brand,10,259,0.0386,3.9
2026-03-02,marketing kpi dashboard,/insights,USA,DESKTOP,WEB,Non-Brand,35,689,0.0508,7.02
2026-03-02,campaign roi calculator,/blog/campaign-roi-calculator,Canada,MOBILE,WEB,Non-Brand,33,373,0.0885,10.44
2026-03-02,marketing reporting tools,/blog/marketing-reporting-tools,USA,DESKTOP,WEB,Non-Brand,9,612,0.0147,7.27
2026-03-02,marketing attribution,/blog/marketing-attribution,USA,DESKTOP,WEB,Non-Brand,11,181,0.0608,31.51
2026-03-02,performance marketing analytics,/insights,India,MOBILE,WEB,Non-Brand,12,343,0.035,23.19
2026-03-02,paid media dashboard,/insights,India,DESKTOP,WEB,Non-Brand,28,324,0.0864,26.3
2026-03-02,marketing data pipeline,/blog/marketing-data-pipeline,USA,DESKTOP,WEB,Non-Brand,12,447,0.0268,7.26
2026-03-02,digital campaign analytics,/insights,USA,DESKTOP,WEB,Non-Brand,29,536,0.0541,8.04
2026-03-02,marketing insights,/blog/marketing-insights,USA,DESKTOP,WEB,Non-Brand,23,651,0.0353,18.22
2026-03-02,seo marketing dashboard,/insights,USA,MOBILE,WEB,Non-Brand,28,795,0.0352,22.3
2026-03-02,customer acquisition cost,/blog/customer-acquisition-cost,USA,MOBILE,WEB,Non-Brand,45,767,0.0587,20.31
2026-03-02,roas dashboard,/insights,India,DESKTOP,WEB,Non-Brand,3,254,0.0118,27.37
2026-03-02,marketing roi,/blog/marketing-roi,UK,MOBILE,WEB,Non-Brand,6,116,0.0517,4.51
2026-03-03,marketing analytics dashboard,/insights,UK,DESKTOP,WEB,Brand,13,419,0.031,34.12
2026-03-03,digital marketing agency,/blog/digital-marketing-agency,USA,MOBILE,WEB,Non-Brand,50,754,0.0663,27.57
2026-03-03,marketing performance dashboard,/insights,India,DESKTOP,WEB,Non-Brand,16,333,0.048,20.66
2026-03-03,best marketing dashboard,/insights,USA,DESKTOP,WEB,Non-Brand,4,93,0.043,11.63
2026-03-03,google ads roi,/blog/google-ads-roi,India,DESKTOP,WEB,Non-Brand,68,856,0.0794,12.73
2026-03-03,meta ads roi,/blog/meta-ads-roi,UK,TABLET,WEB,Non-Brand,44,753,0.0584,33.19
2026-03-03,linkedin ads analytics,/insights,Canada,DESKTOP,WEB,Non-Brand,8,404,0.0198,8.81
2026-03-03,marketing kpi dashboard,/insights,Canada,DESKTOP,WEB,Non-Brand,7,164,0.0427,30.23
2026-03-03,campaign roi calculator,/blog/campaign-roi-calculator,USA,DESKTOP,WEB,Non-Brand,7,542,0.0129,2.78
2026-03-03,marketing reporting tools,/blog/marketing-reporting-tools,USA,MOBILE,WEB,Non-Brand,24,503,0.0477,18.36
2026-03-03,marketing attribution,/blog/marketing-attribution,Canada,MOBILE,WEB,Non-Brand,56,771,0.0726,16.94
2026-03-03,performance marketing analytics,/insights,India,DESKTOP,WEB,Non-Brand,22,439,0.0501,13.8
2026-03-03,paid media dashboard,/insights,USA,MOBILE,WEB,Non-Brand,12,309,0.0388,5.11
2026-03-03,marketing data pipeline,/blog/marketing-data-pipeline,India,DESKTOP,WEB,Non-Brand,21,233,0.0901,7.09
2026-03-03,digital campaign analytics,/insights,USA,DESKTOP,WEB,Non-Brand,48,536,0.0896,20.86
2026-03-03,marketing insights,/blog/marketing-insights,UK,MOBILE,WEB,Non-Brand,22,444,0.0495,12.9
2026-03-03,seo marketing dashboard,/insights,UK,DESKTOP,WEB,Non-Brand,9,648,0.0139,3.7
2026-03-03,customer acquisition cost,/blog/customer-acquisition-cost,USA,DESKTOP,WEB,Non-Brand,46,820,0.0561,22.66
2026-03-03,roas dashboard,/insights,USA,DESKTOP,WEB,Non-Brand,20,235,0.0851,17.59
2026-03-03,marketing roi,/blog/marketing-roi,Canada,DESKTOP,WEB,Non-Brand,22,443,0.0497,22.15
2026-03-04,marketing analytics dashboard,/insights,India,DESKTOP,WEB,Brand,24,644,0.0373,5.29
2026-03-04,digital marketing agency,/blog/digital-marketing-agency,India,DESKTOP,WEB,Non-Brand,5,125,0.04,14.17
2026-03-04,marketing performance dashboard,/insights,USA,TABLET,WEB,Non-Brand,63,715,0.0881,13.51
2026-03-04,best marketing dashboard,/insights,UK,DESKTOP,WEB,Non-Brand,51,804,0.0634,10.97
2026-03-04,google ads roi,/blog/google-ads-roi,USA,MOBILE,WEB,Non-Brand,14,782,0.0179,20.15
2026-03-04,meta ads roi,/blog/meta-ads-roi,USA,MOBILE,WEB,Non-Brand,10,827,0.0121,11.67
2026-03-04,linkedin ads analytics,/insights,USA,DESKTOP,WEB,Non-Brand,51,894,0.057,4.66
2026-03-04,marketing kpi dashboard,/insights,India,DESKTOP,WEB,Non-Brand,5,249,0.0201,28.23
2026-03-04,campaign roi calculator,/blog/campaign-roi-calculator,USA,DESKTOP,WEB,Non-Brand,6,502,0.012,11.98
2026-03-04,marketing reporting tools,/blog/marketing-reporting-tools,India,DESKTOP,WEB,Non-Brand,11,143,0.0769,9.54
2026-03-04,marketing attribution,/blog/marketing-attribution,India,MOBILE,WEB,Non-Brand,1,134,0.0075,8.29
2026-03-04,performance marketing analytics,/insights,India,MOBILE,WEB,Non-Brand,21,487,0.0431,34.09
2026-03-04,paid media dashboard,/insights,UK,DESKTOP,WEB,Non-Brand,27,652,0.0414,10.24
2026-03-04,marketing data pipeline,/blog/marketing-data-pipeline,USA,MOBILE,WEB,Non-Brand,53,636,0.0833,23.28
2026-03-04,digital campaign analytics,/insights,USA,DESKTOP,WEB,Non-Brand,20,239,0.0837,8.84
2026-03-04,marketing insights,/blog/marketing-insights,USA,TABLET,WEB,Non-Brand,11,696,0.0158,17.78
2026-03-04,seo marketing dashboard,/insights,USA,TABLET,WEB,Non-Brand,19,713,0.0266,18.19
2026-03-04,customer acquisition cost,/blog/customer-acquisition-cost,India,DESKTOP,WEB,Non-Brand,6,270,0.0222,2.57
2026-03-04,roas dashboard,/insights,USA,MOBILE,WEB,Non-Brand,48,712,0.0674,19.04
2026-03-04,marketing roi,/blog/marketing-roi,USA,DESKTOP,WEB,Non-Brand,74,800,0.0925,29.08
2026-03-05,marketing analytics dashboard,/insights,USA,TABLET,WEB,Brand,61,748,0.0816,20.57
2026-03-05,digital marketing agency,/blog/digital-marketing-agency,UK,MOBILE,WEB,Non-Brand,10,190,0.0526,19.31
2026-03-05,marketing performance dashboard,/insights,India,DESKTOP,WEB,Non-Brand,21,291,0.0722,11.47
2026-03-05,best marketing dashboard,/insights,USA,MOBILE,WEB,Non-Brand,35,643,0.0544,28.37
2026-03-05,google ads roi,/blog/google-ads-roi,USA,DESKTOP,WEB,Non-Brand,19,363,0.0523,8.54
2026-03-05,meta ads roi,/blog/meta-ads-roi,UK,MOBILE,WEB,Non-Brand,3,157,0.0191,20.64
2026-03-05,linkedin ads analytics,/insights,India,MOBILE,WEB,Non-Brand,7,123,0.0569,32.4
2026-03-05,marketing kpi dashboard,/insights,UK,MOBILE,WEB,Non-Brand,7,244,0.0287,2.9
2026-03-05,campaign roi calculator,/blog/campaign-roi-calculator,USA,DESKTOP,WEB,Non-Brand,40,702,0.057,4.15
2026-03-05,marketing reporting tools,/blog/marketing-reporting-tools,USA,DESKTOP,WEB,Non-Brand,23,402,0.0572,17.66
2026-03-05,marketing attribution,/blog/marketing-attribution,USA,DESKTOP,WEB,Non-Brand,29,471,0.0616,8.49
2026-03-05,performance marketing analytics,/insights,UK,DESKTOP,WEB,Non-Brand,21,488,0.043,28.49
2026-03-05,paid media dashboard,/insights,USA,DESKTOP,WEB,Non-Brand,31,367,0.0845,12.45
2026-03-05,marketing data pipeline,/blog/marketing-data-pipeline,India,DESKTOP,WEB,Non-Brand,55,853,0.0645,5.44
2026-03-05,digital campaign analytics,/insights,USA,DESKTOP,WEB,Non-Brand,36,846,0.0426,24.58
2026-03-05,marketing insights,/blog/marketing-insights,UK,DESKTOP,WEB,Non-Brand,3,116,0.0259,25.32
2026-03-05,seo marketing dashboard,/insights,India,DESKTOP,WEB,Non-Brand,7,158,0.0443,6.13
2026-03-05,customer acquisition cost,/blog/customer-acquisition-cost,India,DESKTOP,WEB,Non-Brand,5,103,0.0485,33.89
2026-03-05,roas dashboard,/insights,USA,DESKTOP,WEB,Non-Brand,41,808,0.0507,6.97
2026-03-05,marketing roi,/blog/marketing-roi,India,TABLET,WEB,Non-Brand,7,152,0.0461,12.16
2026-03-06,marketing analytics dashboard,/insights,USA,MOBILE,WEB,Brand,1,92,0.0109,5.35
2026-03-06,digital marketing agency,/blog/digital-marketing-agency,USA,DESKTOP,WEB,Non-Brand,36,868,0.0415,12.15
2026-03-06,marketing performance dashboard,/insights,Canada,MOBILE,WEB,Non-Brand,6,98,0.0612,10.06
2026-03-06,best marketing dashboard,/insights,UK,DESKTOP,WEB,Non-Brand,19,580,0.0328,19.07
2026-03-06,google ads roi,/blog/google-ads-roi,USA,MOBILE,WEB,Non-Brand,13,165,0.0788,14.83
2026-03-06,meta ads roi,/blog/meta-ads-roi,India,MOBILE,WEB,Non-Brand,14,319,0.0439,17.5
2026-03-06,linkedin ads analytics,/insights,USA,MOBILE,WEB,Non-Brand,45,534,0.0843,16.24
2026-03-06,marketing kpi dashboard,/insights,USA,DESKTOP,WEB,Non-Brand,21,650,0.0323,13.54
2026-03-06,campaign roi calculator,/blog/campaign-roi-calculator,USA,DESKTOP,WEB,Non-Brand,12,547,0.0219,20.65
2026-03-06,marketing reporting tools,/blog/marketing-reporting-tools,Canada,MOBILE,WEB,Non-Brand,18,260,0.0692,11.8
2026-03-06,marketing attribution,/blog/marketing-attribution,UK,DESKTOP,WEB,Non-Brand,28,463,0.0605,32.68
2026-03-06,performance marketing analytics,/insights,India,MOBILE,WEB,Non-Brand,58,703,0.0825,14.57
2026-03-06,paid media dashboard,/insights,USA,DESKTOP,WEB,Non-Brand,25,793,0.0315,24.3
2026-03-06,marketing data pipeline,/blog/marketing-data-pipeline,India,DESKTOP,WEB,Non-Brand,56,832,0.0673,15.54
2026-03-06,digital campaign analytics,/insights,USA,MOBILE,WEB,Non-Brand,7,602,0.0116,14.95
2026-03-06,marketing insights,/blog/marketing-insights,India,MOBILE,WEB,Non-Brand,15,372,0.0403,31.77
2026-03-06,seo marketing dashboard,/insights,Canada,MOBILE,WEB,Non-Brand,47,557,0.0844,7.45
2026-03-06,customer acquisition cost,/blog/customer-acquisition-cost,USA,DESKTOP,WEB,Non-Brand,2,179,0.0112,32.78
2026-03-06,roas dashboard,/insights,USA,MOBILE,WEB,Non-Brand,50,530,0.0943,16.57
2026-03-06,marketing roi,/blog/marketing-roi,India,MOBILE,WEB,Non-Brand,42,734,0.0572,31.19
2026-03-07,marketing analytics dashboard,/insights,India,DESKTOP,WEB,Brand,8,189,0.0423,28.08
2026-03-07,digital marketing agency,/blog/digital-marketing-agency,USA,DESKTOP,WEB,Non-Brand,22,454,0.0485,5.33
2026-03-07,marketing performance dashboard,/insights,USA,DESKTOP,WEB,Non-Brand,38,662,0.0574,15.71
2026-03-07,best marketing dashboard,/insights,Canada,DESKTOP,WEB,Non-Brand,58,720,0.0806,12.85
2026-03-07,google ads roi,/blog/google-ads-roi,UK,DESKTOP,WEB,Non-Brand,8,138,0.058,24.19
2026-03-07,meta ads roi,/blog/meta-ads-roi,USA,MOBILE,WEB,Non-Brand,35,736,0.0476,9.38
2026-03-07,linkedin ads analytics,/insights,USA,MOBILE,WEB,Non-Brand,5,180,0.0278,30.18
2026-03-07,marketing kpi dashboard,/insights,USA,MOBILE,WEB,Non-Brand,72,838,0.0859,19.16
2026-03-07,campaign roi calculator,/blog/campaign-roi-calculator,Canada,MOBILE,WEB,Non-Brand,1,99,0.0101,29.13
2026-03-07,marketing reporting tools,/blog/marketing-reporting-tools,USA,DESKTOP,WEB,Non-Brand,9,115,0.0783,30.88
2026-03-07,marketing attribution,/blog/marketing-attribution,USA,DESKTOP,WEB,Non-Brand,38,787,0.0483,6.17
2026-03-07,performance marketing analytics,/insights,USA,DESKTOP,WEB,Non-Brand,25,707,0.0354,21.69
2026-03-07,paid media dashboard,/insights,USA,MOBILE,WEB,Non-Brand,22,659,0.0334,14.93
2026-03-07,marketing data pipeline,/blog/marketing-data-pipeline,UK,MOBILE,WEB,Non-Brand,53,821,0.0646,9.23
2026-03-07,digital campaign analytics,/insights,USA,MOBILE,WEB,Non-Brand,19,231,0.0823,3.45
2026-03-07,marketing insights,/blog/marketing-insights,USA,DESKTOP,WEB,Non-Brand,25,296,0.0845,12.17
2026-03-07,seo marketing dashboard,/insights,USA,MOBILE,WEB,Non-Brand,48,588,0.0816,13.24
2026-03-07,customer acquisition cost,/blog/customer-acquisition-cost,India,DESKTOP,WEB,Non-Brand,21,372,0.0565,15.78
2026-03-07,roas dashboard,/insights,India,MOBILE,WEB,Non-Brand,10,404,0.0248,29.76
2026-03-07,marketing roi,/blog/marketing-roi,USA,DESKTOP,WEB,Non-Brand,13,339,0.0383,19.78
2026-03-08,marketing analytics dashboard,/insights,USA,MOBILE,WEB,Brand,20,630,0.0317,23.51
2026-03-08,digital marketing agency,/blog/digital-marketing-agency,USA,MOBILE,WEB,Non-Brand,10,400,0.025,7.7
2026-03-08,marketing performance dashboard,/insights,USA,DESKTOP,WEB,Non-Brand,47,760,0.0618,31.09
2026-03-08,best marketing dashboard,/insights,India,DESKTOP,WEB,Non-Brand,26,321,0.081,3.39
2026-03-08,google ads roi,/blog/google-ads-roi,UK,DESKTOP,WEB,Non-Brand,3,145,0.0207,17.08
2026-03-08,meta ads roi,/blog/meta-ads-roi,India,DESKTOP,WEB,Non-Brand,14,396,0.0354,33.28
2026-03-08,linkedin ads analytics,/insights,USA,MOBILE,WEB,Non-Brand,13,358,0.0363,15.68
2026-03-08,marketing kpi dashboard,/insights,USA,MOBILE,WEB,Non-Brand,28,626,0.0447,3.53
2026-03-08,campaign roi calculator,/blog/campaign-roi-calculator,UK,MOBILE,WEB,Non-Brand,42,828,0.0507,14.3
2026-03-08,marketing reporting tools,/blog/marketing-reporting-tools,UK,DESKTOP,WEB,Non-Brand,8,439,0.0182,18.14
2026-03-08,marketing attribution,/blog/marketing-attribution,USA,MOBILE,WEB,Non-Brand,21,591,0.0355,28.82
2026-03-08,performance marketing analytics,/insights,India,DESKTOP,WEB,Non-Brand,24,731,0.0328,21.85
2026-03-08,paid media dashboard,/insights,Canada,DESKTOP,WEB,Non-Brand,72,859,0.0838,9.64
2026-03-08,marketing data pipeline,/blog/marketing-data-pipeline,India,MOBILE,WEB,Non-Brand,32,869,0.0368,15.59
2026-03-08,digital campaign analytics,/insights,UK,DESKTOP,WEB,Non-Brand,63,796,0.0791,29.88
2026-03-08,marketing insights,/blog/marketing-insights,USA,DESKTOP,WEB,Non-Brand,5,166,0.0301,34.06
2026-03-08,seo marketing dashboard,/insights,USA,DESKTOP,WEB,Non-Brand,23,337,0.0682,14.15
2026-03-08,customer acquisition cost,/blog/customer-acquisition-cost,USA,MOBILE,WEB,Non-Brand,12,574,0.0209,26.18
2026-03-08,roas dashboard,/insights,India,MOBILE,WEB,Non-Brand,24,289,0.083,21.54
2026-03-08,marketing roi,/blog/marketing-roi,USA,MOBILE,WEB,Non-Brand,21,680,0.0309,33.36
2026-03-09,marketing analytics dashboard,/insights,USA,DESKTOP,WEB,Brand,43,674,0.0638,11.71
2026-03-09,digital marketing agency,/blog/digital-marketing-agency,USA,DESKTOP,WEB,Non-Brand,29,474,0.0612,31.94
2026-03-09,marketing performance dashboard,/insights,UK,MOBILE,WEB,Non-Brand,14,335,0.0418,30.08
2026-03-09,best marketing dashboard,/insights,India,MOBILE,WEB,Non-Brand,19,355,0.0535,18.12
2026-03-09,google ads roi,/blog/google-ads-roi,USA,MOBILE,WEB,Non-Brand,27,695,0.0388,29.03
2026-03-09,meta ads roi,/blog/meta-ads-roi,India,DESKTOP,WEB,Non-Brand,32,612,0.0523,31.15
2026-03-09,linkedin ads analytics,/insights,UK,MOBILE,WEB,Non-Brand,30,826,0.0363,18.84
2026-03-09,marketing kpi dashboard,/insights,India,DESKTOP,WEB,Non-Brand,20,460,0.0435,26.76
2026-03-09,campaign roi calculator,/blog/campaign-roi-calculator,UK,MOBILE,WEB,Non-Brand,13,561,0.0232,18.07
2026-03-09,marketing reporting tools,/blog/marketing-reporting-tools,USA,DESKTOP,WEB,Non-Brand,15,184,0.0815,12.58
2026-03-09,marketing attribution,/blog/marketing-attribution,UK,DESKTOP,WEB,Non-Brand,9,166,0.0542,29.94
2026-03-09,performance marketing analytics,/insights,USA,DESKTOP,WEB,Non-Brand,39,528,0.0739,13.08
2026-03-09,paid media dashboard,/insights,USA,MOBILE,WEB,Non-Brand,55,711,0.0774,10.74
2026-03-09,marketing data pipeline,/blog/marketing-data-pipeline,India,DESKTOP,WEB,Non-Brand,60,761,0.0788,31.6
2026-03-09,digital campaign analytics,/insights,USA,MOBILE,WEB,Non-Brand,10,678,0.0147,6.98
2026-03-09,marketing insights,/blog/marketing-insights,India,MOBILE,WEB,Non-Brand,47,721,0.0652,8.15
2026-03-09,seo marketing dashboard,/insights,UK,DESKTOP,WEB,Non-Brand,37,638,0.058,14.89
2026-03-09,customer acquisition cost,/blog/customer-acquisition-cost,UK,DESKTOP,WEB,Non-Brand,48,845,0.0568,10.71
2026-03-09,roas dashboard,/insights,USA,MOBILE,WEB,Non-Brand,18,238,0.0756,9.59
2026-03-09,marketing roi,/blog/marketing-roi,USA,DESKTOP,WEB,Non-Brand,17,682,0.0249,30.91
2026-03-10,marketing analytics dashboard,/insights,India,DESKTOP,WEB,Brand,8,687,0.0116,26.45
2026-03-10,digital marketing agency,/blog/digital-marketing-agency,USA,MOBILE,WEB,Non-Brand,2,173,0.0116,3.43
2026-03-10,marketing performance dashboard,/insights,UK,MOBILE,WEB,Non-Brand,34,549,0.0619,26.77
2026-03-10,best marketing dashboard,/insights,India,MOBILE,WEB,Non-Brand,12,506,0.0237,14.11
2026-03-10,google ads roi,/blog/google-ads-roi,USA,DESKTOP,WEB,Non-Brand,33,421,0.0784,5.77
2026-03-10,meta ads roi,/blog/meta-ads-roi,UK,MOBILE,WEB,Non-Brand,5,242,0.0207,21.18
2026-03-10,linkedin ads analytics,/insights,USA,MOBILE,WEB,Non-Brand,39,702,0.0556,21.77
2026-03-10,marketing kpi dashboard,/insights,Canada,DESKTOP,WEB,Non-Brand,50,598,0.0836,33.86
2026-03-10,campaign roi calculator,/blog/campaign-roi-calculator,USA,DESKTOP,WEB,Non-Brand,25,684,0.0365,23.71
2026-03-10,marketing reporting tools,/blog/marketing-reporting-tools,USA,DESKTOP,WEB,Non-Brand,19,424,0.0448,22.52
2026-03-10,marketing attribution,/blog/marketing-attribution,UK,DESKTOP,WEB,Non-Brand,24,671,0.0358,4.61
2026-03-10,performance marketing analytics,/insights,India,DESKTOP,WEB,Non-Brand,34,645,0.0527,13.69
2026-03-10,paid media dashboard,/insights,USA,DESKTOP,WEB,Non-Brand,28,682,0.0411,6.84
2026-03-10,marketing data pipeline,/blog/marketing-data-pipeline,UK,DESKTOP,WEB,Non-Brand,26,368,0.0707,5.29
2026-03-10,digital campaign analytics,/insights,India,DESKTOP,WEB,Non-Brand,7,129,0.0543,4.66
2026-03-10,marketing insights,/blog/marketing-insights,Canada,DESKTOP,WEB,Non-Brand,6,219,0.0274,14.28
2026-03-10,seo marketing dashboard,/insights,USA,DESKTOP,WEB,Non-Brand,9,244,0.0369,11.32
2026-03-10,customer acquisition cost,/blog/customer-acquisition-cost,UK,MOBILE,WEB,Non-Brand,18,423,0.0426,18.29
2026-03-10,roas dashboard,/insights,USA,DESKTOP,WEB,Non-Brand,50,765,0.0654,34.26
2026-03-10,marketing roi,/blog/marketing-roi,USA,MOBILE,WEB,Non-Brand,37,478,0.0774,10.28
2026-03-11,marketing analytics dashboard,/insights,USA,DESKTOP,WEB,Brand,69,886,0.0779,30.25
2026-03-11,digital marketing agency,/blog/digital-marketing-agency,India,DESKTOP,WEB,Non-Brand,31,346,0.0896,27.13
2026-03-11,marketing performance dashboard,/insights,India,DESKTOP,WEB,Non-Brand,52,888,0.0586,32.35
2026-03-11,best marketing dashboard,/insights,India,MOBILE,WEB,Non-Brand,59,635,0.0929,30.03
2026-03-11,google ads roi,/blog/google-ads-roi,Canada,MOBILE,WEB,Non-Brand,47,650,0.0723,3.09
2026-03-11,meta ads roi,/blog/meta-ads-roi,USA,DESKTOP,WEB,Non-Brand,27,586,0.0461,12.45
2026-03-11,linkedin ads analytics,/insights,UK,MOBILE,WEB,Non-Brand,54,580,0.0931,17.69
2026-03-11,marketing kpi dashboard,/insights,Canada,MOBILE,WEB,Non-Brand,66,819,0.0806,12.24
2026-03-11,campaign roi calculator,/blog/campaign-roi-calculator,USA,DESKTOP,WEB,Non-Brand,47,590,0.0797,4.68
2026-03-11,marketing reporting tools,/blog/marketing-reporting-tools,UK,DESKTOP,WEB,Non-Brand,6,135,0.0444,19.43
2026-03-11,marketing attribution,/blog/marketing-attribution,USA,DESKTOP,WEB,Non-Brand,10,116,0.0862,10.48
2026-03-11,performance marketing analytics,/insights,USA,MOBILE,WEB,Non-Brand,46,486,0.0947,22.47
2026-03-11,paid media dashboard,/insights,UK,DESKTOP,WEB,Non-Brand,12,163,0.0736,33.04
2026-03-11,marketing data pipeline,/blog/marketing-data-pipeline,USA,MOBILE,WEB,Non-Brand,39,416,0.0938,11.89
2026-03-11,digital campaign analytics,/insights,USA,DESKTOP,WEB,Non-Brand,16,785,0.0204,34.57
2026-03-11,marketing insights,/blog/marketing-insights,USA,MOBILE,WEB,Non-Brand,27,294,0.0918,21.49
2026-03-11,seo marketing dashboard,/insights,USA,DESKTOP,WEB,Non-Brand,26,663,0.0392,29.68
2026-03-11,customer acquisition cost,/blog/customer-acquisition-cost,UK,MOBILE,WEB,Non-Brand,14,369,0.0379,26.52
2026-03-11,roas dashboard,/insights,USA,MOBILE,WEB,Non-Brand,37,619,0.0598,9.53
2026-03-11,marketing roi,/blog/marketing-roi,India,DESKTOP,WEB,Non-Brand,26,386,0.0674,18.25
2026-03-12,marketing analytics dashboard,/insights,India,MOBILE,WEB,Brand,10,186,0.0538,3.77
2026-03-12,digital marketing agency,/blog/digital-marketing-agency,India,DESKTOP,WEB,Non-Brand,26,285,0.0912,13.42
2026-03-12,marketing performance dashboard,/insights,UK,DESKTOP,WEB,Non-Brand,9,760,0.0118,27.46
2026-03-12,best marketing dashboard,/insights,USA,DESKTOP,WEB,Non-Brand,28,365,0.0767,7.84
2026-03-12,google ads roi,/blog/google-ads-roi,India,DESKTOP,WEB,Non-Brand,26,687,0.0378,32.47
2026-03-12,meta ads roi,/blog/meta-ads-roi,USA,MOBILE,WEB,Non-Brand,78,852,0.0915,18.7
2026-03-12,linkedin ads analytics,/insights,India,DESKTOP,WEB,Non-Brand,21,404,0.052,14.73
2026-03-12,marketing kpi dashboard,/insights,USA,MOBILE,WEB,Non-Brand,50,597,0.0838,18.19
2026-03-12,campaign roi calculator,/blog/campaign-roi-calculator,USA,DESKTOP,WEB,Non-Brand,42,651,0.0645,9.2
2026-03-12,marketing reporting tools,/blog/marketing-reporting-tools,USA,DESKTOP,WEB,Non-Brand,6,306,0.0196,13.08
2026-03-12,marketing attribution,/blog/marketing-attribution,USA,MOBILE,WEB,Non-Brand,67,851,0.0787,24.69
2026-03-12,performance marketing analytics,/insights,India,DESKTOP,WEB,Non-Brand,30,789,0.038,17.75
2026-03-12,paid media dashboard,/insights,USA,DESKTOP,WEB,Non-Brand,26,366,0.071,20.76
2026-03-12,marketing data pipeline,/blog/marketing-data-pipeline,USA,MOBILE,WEB,Non-Brand,21,393,0.0534,23.71
2026-03-12,digital campaign analytics,/insights,India,MOBILE,WEB,Non-Brand,15,311,0.0482,10.94
2026-03-12,marketing insights,/blog/marketing-insights,UK,DESKTOP,WEB,Non-Brand,7,259,0.027,23.74
2026-03-12,seo marketing dashboard,/insights,USA,DESKTOP,WEB,Non-Brand,15,876,0.0171,25.06
2026-03-12,customer acquisition cost,/blog/customer-acquisition-cost,India,MOBILE,WEB,Non-Brand,18,890,0.0202,11.03
2026-03-12,roas dashboard,/insights,UK,DESKTOP,WEB,Non-Brand,31,393,0.0789,18.38
2026-03-12,marketing roi,/blog/marketing-roi,USA,DESKTOP,WEB,Non-Brand,10,730,0.0137,6.28
2026-03-13,marketing analytics dashboard,/insights,UK,MOBILE,WEB,Brand,5,167,0.0299,27.46
2026-03-13,digital marketing agency,/blog/digital-marketing-agency,Canada,DESKTOP,WEB,Non-Brand,54,628,0.086,29.47
2026-03-13,marketing performance dashboard,/insights,India,DESKTOP,WEB,Non-Brand,12,841,0.0143,24.53
2026-03-13,best marketing dashboard,/insights,India,DESKTOP,WEB,Non-Brand,48,892,0.0538,2.99
2026-03-13,google ads roi,/blog/google-ads-roi,India,MOBILE,WEB,Non-Brand,25,645,0.0388,6.81
2026-03-13,meta ads roi,/blog/meta-ads-roi,India,MOBILE,WEB,Non-Brand,15,842,0.0178,11.21
2026-03-13,linkedin ads analytics,/insights,USA,DESKTOP,WEB,Non-Brand,22,894,0.0246,21.62
2026-03-13,marketing kpi dashboard,/insights,USA,DESKTOP,WEB,Non-Brand,11,565,0.0195,9.17
2026-03-13,campaign roi calculator,/blog/campaign-roi-calculator,UK,DESKTOP,WEB,Non-Brand,4,333,0.012,15.8
2026-03-13,marketing reporting tools,/blog/marketing-reporting-tools,India,MOBILE,WEB,Non-Brand,46,769,0.0598,2.65
2026-03-13,marketing attribution,/blog/marketing-attribution,USA,DESKTOP,WEB,Non-Brand,36,651,0.0553,14.6
2026-03-13,performance marketing analytics,/insights,USA,TABLET,WEB,Non-Brand,16,677,0.0236,21.24
2026-03-13,paid media dashboard,/insights,USA,MOBILE,WEB,Non-Brand,14,183,0.0765,17.91
2026-03-13,marketing data pipeline,/blog/marketing-data-pipeline,India,DESKTOP,WEB,Non-Brand,23,572,0.0402,14.92
2026-03-13,digital campaign analytics,/insights,USA,MOBILE,WEB,Non-Brand,37,669,0.0553,31.63
2026-03-13,marketing insights,/blog/marketing-insights,USA,DESKTOP,WEB,Non-Brand,72,805,0.0894,34.73
2026-03-13,seo marketing dashboard,/insights,India,MOBILE,WEB,Non-Brand,25,483,0.0518,28.1
2026-03-13,customer acquisition cost,/blog/customer-acquisition-cost,India,MOBILE,WEB,Non-Brand,34,512,0.0664,3.17
2026-03-13,roas dashboard,/insights,USA,MOBILE,WEB,Non-Brand,45,484,0.093,15.53
2026-03-13,marketing roi,/blog/marketing-roi,UK,DESKTOP,WEB,Non-Brand,7,245,0.0286,18.03
2026-03-14,marketing analytics dashboard,/insights,USA,MOBILE,WEB,Brand,27,293,0.0922,32.69
2026-03-14,digital marketing agency,/blog/digital-marketing-agency,India,MOBILE,WEB,Non-Brand,11,162,0.0679,20.25
2026-03-14,marketing performance dashboard,/insights,USA,MOBILE,WEB,Non-Brand,17,755,0.0225,22.54
2026-03-14,best marketing dashboard,/insights,India,DESKTOP,WEB,Non-Brand,14,255,0.0549,12.86
2026-03-14,google ads roi,/blog/google-ads-roi,USA,MOBILE,WEB,Non-Brand,8,224,0.0357,2.53
2026-03-14,meta ads roi,/blog/meta-ads-roi,India,DESKTOP,WEB,Non-Brand,13,467,0.0278,14.69
2026-03-14,linkedin ads analytics,/insights,India,DESKTOP,WEB,Non-Brand,10,166,0.0602,18.26
2026-03-14,marketing kpi dashboard,/insights,UK,DESKTOP,WEB,Non-Brand,33,726,0.0455,25.92
2026-03-14,campaign roi calculator,/blog/campaign-roi-calculator,USA,DESKTOP,WEB,Non-Brand,59,661,0.0893,21.78
2026-03-14,marketing reporting tools,/blog/marketing-reporting-tools,USA,DESKTOP,WEB,Non-Brand,13,695,0.0187,20.88
2026-03-14,marketing attribution,/blog/marketing-attribution,USA,MOBILE,WEB,Non-Brand,63,752,0.0838,27.3
2026-03-14,performance marketing analytics,/insights,UK,DESKTOP,WEB,Non-Brand,19,595,0.0319,14.1
2026-03-14,paid media dashboard,/insights,India,MOBILE,WEB,Non-Brand,14,499,0.0281,20.12
2026-03-14,marketing data pipeline,/blog/marketing-data-pipeline,India,MOBILE,WEB,Non-Brand,49,529,0.0926,29.05
2026-03-14,digital campaign analytics,/insights,Canada,DESKTOP,WEB,Non-Brand,10,490,0.0204,7.33
2026-03-14,marketing insights,/blog/marketing-insights,USA,DESKTOP,WEB,Non-Brand,8,353,0.0227,20.46
2026-03-14,seo marketing dashboard,/insights,USA,DESKTOP,WEB,Non-Brand,10,724,0.0138,7.11
2026-03-14,customer acquisition cost,/blog/customer-acquisition-cost,UK,MOBILE,WEB,Non-Brand,25,849,0.0294,27.19
2026-03-14,roas dashboard,/insights,India,DESKTOP,WEB,Non-Brand,11,763,0.0144,21.52
2026-03-14,marketing roi,/blog/marketing-roi,UK,MOBILE,WEB,Non-Brand,36,758,0.0475,4.35
2026-03-15,marketing analytics dashboard,/insights,USA,DESKTOP,WEB,Brand,10,433,0.0231,27.46
2026-03-15,digital marketing agency,/blog/digital-marketing-agency,India,TABLET,WEB,Non-Brand,18,506,0.0356,5.0
2026-03-15,marketing performance dashboard,/insights,UK,MOBILE,WEB,Non-Brand,17,288,0.059,26.84
2026-03-15,best marketing dashboard,/insights,India,DESKTOP,WEB,Non-Brand,45,626,0.0719,8.35
2026-03-15,google ads roi,/blog/google-ads-roi,India,MOBILE,WEB,Non-Brand,8,234,0.0342,16.86
2026-03-15,meta ads roi,/blog/meta-ads-roi,USA,MOBILE,WEB,Non-Brand,12,716,0.0168,21.09
2026-03-15,linkedin ads analytics,/insights,USA,DESKTOP,WEB,Non-Brand,14,588,0.0238,15.54
2026-03-15,marketing kpi dashboard,/insights,USA,DESKTOP,WEB,Non-Brand,25,746,0.0335,10.38
2026-03-15,campaign roi calculator,/blog/campaign-roi-calculator,USA,MOBILE,WEB,Non-Brand,54,648,0.0833,14.44
2026-03-15,marketing reporting tools,/blog/marketing-reporting-tools,India,MOBILE,WEB,Non-Brand,46,527,0.0873,6.02
2026-03-15,marketing attribution,/blog/marketing-attribution,UK,DESKTOP,WEB,Non-Brand,12,201,0.0597,15.11
2026-03-15,performance marketing analytics,/insights,India,DESKTOP,WEB,Non-Brand,25,356,0.0702,10.44
2026-03-15,paid media dashboard,/insights,UK,DESKTOP,WEB,Non-Brand,36,762,0.0472,32.74
2026-03-15,marketing data pipeline,/blog/marketing-data-pipeline,Canada,DESKTOP,WEB,Non-Brand,22,464,0.0474,33.59
2026-03-15,digital campaign analytics,/insights,India,DESKTOP,WEB,Non-Brand,18,754,0.0239,29.9
2026-03-15,marketing insights,/blog/marketing-insights,USA,DESKTOP,WEB,Non-Brand,16,615,0.026,20.5
2026-03-15,seo marketing dashboard,/insights,India,DESKTOP,WEB,Non-Brand,20,252,0.0794,20.23
2026-03-15,customer acquisition cost,/blog/customer-acquisition-cost,UK,MOBILE,WEB,Non-Brand,19,267,0.0712,18.87
2026-03-15,roas dashboard,/insights,India,MOBILE,WEB,Non-Brand,4,345,0.0116,17.86
2026-03-15,marketing roi,/blog/marketing-roi,UK,DESKTOP,WEB,Non-Brand,30,593,0.0506,25.91
2026-03-16,marketing analytics dashboard,/insights,UK,MOBILE,WEB,Brand,33,548,0.0602,23.28
2026-03-16,digital marketing agency,/blog/digital-marketing-agency,USA,MOBILE,WEB,Non-Brand,23,529,0.0435,9.23
2026-03-16,marketing performance dashboard,/insights,USA,DESKTOP,WEB,Non-Brand,40,488,0.082,4.92
2026-03-16,best marketing dashboard,/insights,India,DESKTOP,WEB,Non-Brand,27,421,0.0641,30.22
2026-03-16,google ads roi,/blog/google-ads-roi,USA,MOBILE,WEB,Non-Brand,23,497,0.0463,25.86
2026-03-16,meta ads roi,/blog/meta-ads-roi,India,MOBILE,WEB,Non-Brand,5,166,0.0301,4.7
2026-03-16,linkedin ads analytics,/insights,USA,DESKTOP,WEB,Non-Brand,21,832,0.0252,33.63
2026-03-16,marketing kpi dashboard,/insights,USA,MOBILE,WEB,Non-Brand,11,207,0.0531,32.68
2026-03-16,campaign roi calculator,/blog/campaign-roi-calculator,Canada,MOBILE,WEB,Non-Brand,54,582,0.0928,30.62
2026-03-16,marketing reporting tools,/blog/marketing-reporting-tools,India,MOBILE,WEB,Non-Brand,40,728,0.0549,22.88
2026-03-16,marketing attribution,/blog/marketing-attribution,USA,DESKTOP,WEB,Non-Brand,3,268,0.0112,10.04
2026-03-16,performance marketing analytics,/insights,Canada,MOBILE,WEB,Non-Brand,22,272,0.0809,12.78
2026-03-16,paid media dashboard,/insights,USA,DESKTOP,WEB,Non-Brand,27,355,0.0761,11.97
2026-03-16,marketing data pipeline,/blog/marketing-data-pipeline,USA,MOBILE,WEB,Non-Brand,10,120,0.0833,28.69
2026-03-16,digital campaign analytics,/insights,USA,MOBILE,WEB,Non-Brand,8,130,0.0615,10.41
2026-03-16,marketing insights,/blog/marketing-insights,India,DESKTOP,WEB,Non-Brand,29,365,0.0795,28.28
2026-03-16,seo marketing dashboard,/insights,India,DESKTOP,WEB,Non-Brand,63,844,0.0746,8.07
2026-03-16,customer acquisition cost,/blog/customer-acquisition-cost,India,DESKTOP,WEB,Non-Brand,2,124,0.0161,15.89
2026-03-16,roas dashboard,/insights,USA,DESKTOP,WEB,Non-Brand,24,391,0.0614,17.09
2026-03-16,marketing roi,/blog/marketing-roi,UK,TABLET,WEB,Non-Brand,11,192,0.0573,19.41
2026-03-17,marketing analytics dashboard,/insights,UK,DESKTOP,WEB,Brand,17,483,0.0352,13.76
2026-03-17,digital marketing agency,/blog/digital-marketing-agency,USA,DESKTOP,WEB,Non-Brand,61,654,0.0933,7.89
2026-03-17,marketing performance dashboard,/insights,India,DESKTOP,WEB,Non-Brand,22,569,0.0387,18.64
2026-03-17,best marketing dashboard,/insights,USA,DESKTOP,WEB,Non-Brand,23,669,0.0344,11.69
2026-03-17,google ads roi,/blog/google-ads-roi,USA,DESKTOP,WEB,Non-Brand,5,110,0.0455,14.57
2026-03-17,meta ads roi,/blog/meta-ads-roi,USA,DESKTOP,WEB,Non-Brand,5,86,0.0581,19.82
2026-03-17,linkedin ads analytics,/insights,UK,TABLET,WEB,Non-Brand,10,715,0.014,23.57
2026-03-17,marketing kpi dashboard,/insights,USA,MOBILE,WEB,Non-Brand,4,195,0.0205,24.22
2026-03-17,campaign roi calculator,/blog/campaign-roi-calculator,USA,DESKTOP,WEB,Non-Brand,13,284,0.0458,22.5
2026-03-17,marketing reporting tools,/blog/marketing-reporting-tools,USA,DESKTOP,WEB,Non-Brand,18,268,0.0672,17.48
2026-03-17,marketing attribution,/blog/marketing-attribution,India,DESKTOP,WEB,Non-Brand,26,420,0.0619,9.82
2026-03-17,performance marketing analytics,/insights,USA,DESKTOP,WEB,Non-Brand,32,525,0.061,20.23
2026-03-17,paid media dashboard,/insights,USA,DESKTOP,WEB,Non-Brand,40,543,0.0737,8.29
2026-03-17,marketing data pipeline,/blog/marketing-data-pipeline,USA,DESKTOP,WEB,Non-Brand,25,372,0.0672,24.95
2026-03-17,digital campaign analytics,/insights,USA,MOBILE,WEB,Non-Brand,19,335,0.0567,11.75
2026-03-17,marketing insights,/blog/marketing-insights,USA,MOBILE,WEB,Non-Brand,3,259,0.0116,4.92
2026-03-17,seo marketing dashboard,/insights,USA,DESKTOP,WEB,Non-Brand,9,220,0.0409,29.51
2026-03-17,customer acquisition cost,/blog/customer-acquisition-cost,USA,MOBILE,WEB,Non-Brand,11,204,0.0539,28.13
2026-03-17,roas dashboard,/insights,India,TABLET,WEB,Non-Brand,4,209,0.0191,15.82
2026-03-17,marketing roi,/blog/marketing-roi,USA,MOBILE,WEB,Non-Brand,27,816,0.0331,13.19
2026-03-18,marketing analytics dashboard,/insights,UK,MOBILE,WEB,Brand,9,450,0.02,23.13
2026-03-18,digital marketing agency,/blog/digital-marketing-agency,India,DESKTOP,WEB,Non-Brand,34,542,0.0627,33.65
2026-03-18,marketing performance dashboard,/insights,USA,MOBILE,WEB,Non-Brand,6,199,0.0302,12.92
2026-03-18,best marketing dashboard,/insights,UK,MOBILE,WEB,Non-Brand,9,365,0.0247,29.36
2026-03-18,google ads roi,/blog/google-ads-roi,USA,DESKTOP,WEB,Non-Brand,29,753,0.0385,16.96
2026-03-18,meta ads roi,/blog/meta-ads-roi,USA,MOBILE,WEB,Non-Brand,43,697,0.0617,21.3
2026-03-18,linkedin ads analytics,/insights,India,MOBILE,WEB,Non-Brand,25,669,0.0374,29.1
2026-03-18,marketing kpi dashboard,/insights,UK,DESKTOP,WEB,Non-Brand,20,397,0.0504,29.96
2026-03-18,campaign roi calculator,/blog/campaign-roi-calculator,India,DESKTOP,WEB,Non-Brand,18,490,0.0367,12.06
2026-03-18,marketing reporting tools,/blog/marketing-reporting-tools,India,MOBILE,WEB,Non-Brand,19,343,0.0554,4.57
2026-03-18,marketing attribution,/blog/marketing-attribution,USA,MOBILE,WEB,Non-Brand,4,381,0.0105,31.42
2026-03-18,performance marketing analytics,/insights,Canada,DESKTOP,WEB,Non-Brand,17,269,0.0632,14.85
2026-03-18,paid media dashboard,/insights,UK,DESKTOP,WEB,Non-Brand,2,180,0.0111,6.58
2026-03-18,marketing data pipeline,/blog/marketing-data-pipeline,USA,DESKTOP,WEB,Non-Brand,2,183,0.0109,8.53
2026-03-18,digital campaign analytics,/insights,USA,DESKTOP,WEB,Non-Brand,5,467,0.0107,29.76
2026-03-18,marketing insights,/blog/marketing-insights,USA,DESKTOP,WEB,Non-Brand,8,683,0.0117,18.88
2026-03-18,seo marketing dashboard,/insights,India,MOBILE,WEB,Non-Brand,37,560,0.0661,32.79
2026-03-18,customer acquisition cost,/blog/customer-acquisition-cost,India,MOBILE,WEB,Non-Brand,53,611,0.0867,34.6
2026-03-18,roas dashboard,/insights,India,DESKTOP,WEB,Non-Brand,41,792,0.0518,21.37
2026-03-18,marketing roi,/blog/marketing-roi,USA,MOBILE,WEB,Non-Brand,4,222,0.018,24.41
2026-03-19,marketing analytics dashboard,/insights,USA,DESKTOP,WEB,Brand,12,329,0.0365,15.12
2026-03-19,digital marketing agency,/blog/digital-marketing-agency,India,DESKTOP,WEB,Non-Brand,36,841,0.0428,15.21
2026-03-19,marketing performance dashboard,/insights,UK,MOBILE,WEB,Non-Brand,37,497,0.0744,17.22
2026-03-19,best marketing dashboard,/insights,USA,DESKTOP,WEB,Non-Brand,58,898,0.0646,33.45
2026-03-19,google ads roi,/blog/google-ads-roi,USA,MOBILE,WEB,Non-Brand,7,179,0.0391,10.89
2026-03-19,meta ads roi,/blog/meta-ads-roi,USA,MOBILE,WEB,Non-Brand,3,83,0.0361,3.3
2026-03-19,linkedin ads analytics,/insights,UK,DESKTOP,WEB,Non-Brand,29,708,0.041,3.3
2026-03-19,marketing kpi dashboard,/insights,UK,DESKTOP,WEB,Non-Brand,42,584,0.0719,33.06
2026-03-19,campaign roi calculator,/blog/campaign-roi-calculator,India,DESKTOP,WEB,Non-Brand,7,156,0.0449,13.28
2026-03-19,marketing reporting tools,/blog/marketing-reporting-tools,UK,DESKTOP,WEB,Non-Brand,2,98,0.0204,34.14
2026-03-19,marketing attribution,/blog/marketing-attribution,India,DESKTOP,WEB,Non-Brand,12,483,0.0248,21.71
2026-03-19,performance marketing analytics,/insights,USA,DESKTOP,WEB,Non-Brand,19,203,0.0936,18.57
2026-03-19,paid media dashboard,/insights,USA,MOBILE,WEB,Non-Brand,62,881,0.0704,19.79
2026-03-19,marketing data pipeline,/blog/marketing-data-pipeline,UK,MOBILE,WEB,Non-Brand,2,150,0.0133,34.5
2026-03-19,digital campaign analytics,/insights,USA,DESKTOP,WEB,Non-Brand,8,177,0.0452,29.05
2026-03-19,marketing insights,/blog/marketing-insights,India,MOBILE,WEB,Non-Brand,69,769,0.0897,15.01
2026-03-19,seo marketing dashboard,/insights,UK,DESKTOP,WEB,Non-Brand,28,560,0.05,27.65
2026-03-19,customer acquisition cost,/blog/customer-acquisition-cost,USA,DESKTOP,WEB,Non-Brand,9,108,0.0833,31.44
2026-03-19,roas dashboard,/insights,India,DESKTOP,WEB,Non-Brand,17,717,0.0237,30.72
2026-03-19,marketing roi,/blog/marketing-roi,India,MOBILE,WEB,Non-Brand,72,856,0.0841,19.33
2026-03-20,marketing analytics dashboard,/insights,India,DESKTOP,WEB,Brand,25,401,0.0623,17.8
2026-03-20,digital marketing agency,/blog/digital-marketing-agency,UK,MOBILE,WEB,Non-Brand,11,147,0.0748,3.63
2026-03-20,marketing performance dashboard,/insights,Canada,MOBILE,WEB,Non-Brand,24,541,0.0444,32.86
2026-03-20,best marketing dashboard,/insights,USA,DESKTOP,WEB,Non-Brand,35,466,0.0751,22.9
2026-03-20,google ads roi,/blog/google-ads-roi,USA,MOBILE,WEB,Non-Brand,37,431,0.0858,32.82
2026-03-20,meta ads roi,/blog/meta-ads-roi,India,DESKTOP,WEB,Non-Brand,40,571,0.0701,6.07
2026-03-20,linkedin ads analytics,/insights,USA,DESKTOP,WEB,Non-Brand,2,101,0.0198,22.56
2026-03-20,marketing kpi dashboard,/insights,USA,DESKTOP,WEB,Non-Brand,28,741,0.0378,27.12
2026-03-20,campaign roi calculator,/blog/campaign-roi-calculator,UK,DESKTOP,WEB,Non-Brand,20,445,0.0449,30.86
2026-03-20,marketing reporting tools,/blog/marketing-reporting-tools,India,DESKTOP,WEB,Non-Brand,4,192,0.0208,11.95
2026-03-20,marketing attribution,/blog/marketing-attribution,India,DESKTOP,WEB,Non-Brand,20,688,0.0291,9.08
2026-03-20,performance marketing analytics,/insights,USA,DESKTOP,WEB,Non-Brand,3,252,0.0119,20.89
2026-03-20,paid media dashboard,/insights,India,DESKTOP,WEB,Non-Brand,40,865,0.0462,3.2
2026-03-20,marketing data pipeline,/blog/marketing-data-pipeline,USA,MOBILE,WEB,Non-Brand,32,826,0.0387,22.41
2026-03-20,digital campaign analytics,/insights,Canada,MOBILE,WEB,Non-Brand,12,175,0.0686,2.51
2026-03-20,marketing insights,/blog/marketing-insights,India,MOBILE,WEB,Non-Brand,11,247,0.0445,32.49
2026-03-20,seo marketing dashboard,/insights,India,DESKTOP,WEB,Non-Brand,9,497,0.0181,11.93
2026-03-20,customer acquisition cost,/blog/customer-acquisition-cost,USA,DESKTOP,WEB,Non-Brand,23,520,0.0442,13.31
2026-03-20,roas dashboard,/insights,USA,MOBILE,WEB,Non-Brand,17,277,0.0614,4.03
2026-03-20,marketing roi,/blog/marketing-roi,USA,MOBILE,WEB,Non-Brand,23,282,0.0816,10.22
2026-03-21,marketing analytics dashboard,/insights,USA,DESKTOP,WEB,Brand,10,155,0.0645,17.85
2026-03-21,digital marketing agency,/blog/digital-marketing-agency,USA,DESKTOP,WEB,Non-Brand,15,563,0.0266,7.29
2026-03-21,marketing performance dashboard,/insights,India,MOBILE,WEB,Non-Brand,12,141,0.0851,23.16
2026-03-21,best marketing dashboard,/insights,USA,MOBILE,WEB,Non-Brand,20,280,0.0714,26.46
2026-03-21,google ads roi,/blog/google-ads-roi,USA,MOBILE,WEB,Non-Brand,30,364,0.0824,23.82
2026-03-21,meta ads roi,/blog/meta-ads-roi,India,DESKTOP,WEB,Non-Brand,4,273,0.0147,31.6
2026-03-21,linkedin ads analytics,/insights,India,MOBILE,WEB,Non-Brand,6,122,0.0492,4.67
2026-03-21,marketing kpi dashboard,/insights,USA,DESKTOP,WEB,Non-Brand,13,789,0.0165,25.8
2026-03-21,campaign roi calculator,/blog/campaign-roi-calculator,UK,MOBILE,WEB,Non-Brand,28,617,0.0454,13.47
2026-03-21,marketing reporting tools,/blog/marketing-reporting-tools,USA,MOBILE,WEB,Non-Brand,44,862,0.051,16.21
2026-03-21,marketing attribution,/blog/marketing-attribution,USA,MOBILE,WEB,Non-Brand,23,672,0.0342,9.47
2026-03-21,performance marketing analytics,/insights,India,DESKTOP,WEB,Non-Brand,46,526,0.0875,22.37
2026-03-21,paid media dashboard,/insights,USA,DESKTOP,WEB,Non-Brand,7,144,0.0486,23.23
2026-03-21,marketing data pipeline,/blog/marketing-data-pipeline,USA,MOBILE,WEB,Non-Brand,20,663,0.0302,9.33
2026-03-21,digital campaign analytics,/insights,USA,MOBILE,WEB,Non-Brand,33,437,0.0755,19.69
2026-03-21,marketing insights,/blog/marketing-insights,UK,DESKTOP,WEB,Non-Brand,5,368,0.0136,23.7
2026-03-21,seo marketing dashboard,/insights,USA,DESKTOP,WEB,Non-Brand,55,829,0.0663,14.83
2026-03-21,customer acquisition cost,/blog/customer-acquisition-cost,USA,MOBILE,WEB,Non-Brand,21,292,0.0719,34.57
2026-03-21,roas dashboard,/insights,USA,DESKTOP,WEB,Non-Brand,28,460,0.0609,4.58
2026-03-21,marketing roi,/blog/marketing-roi,USA,DESKTOP,WEB,Non-Brand,24,530,0.0453,18.87
2026-03-22,marketing analytics dashboard,/insights,India,DESKTOP,WEB,Brand,62,738,0.084,7.56
2026-03-22,digital marketing agency,/blog/digital-marketing-agency,USA,MOBILE,WEB,Non-Brand,10,618,0.0162,24.77
2026-03-22,marketing performance dashboard,/insights,India,MOBILE,WEB,Non-Brand,32,530,0.0604,12.98
2026-03-22,best marketing dashboard,/insights,India,MOBILE,WEB,Non-Brand,12,321,0.0374,20.94
2026-03-22,google ads roi,/blog/google-ads-roi,USA,MOBILE,WEB,Non-Brand,7,175,0.04,14.48
2026-03-22,meta ads roi,/blog/meta-ads-roi,UK,DESKTOP,WEB,Non-Brand,29,475,0.0611,9.42
2026-03-22,linkedin ads analytics,/insights,India,DESKTOP,WEB,Non-Brand,15,701,0.0214,28.36
2026-03-22,marketing kpi dashboard,/insights,Canada,DESKTOP,WEB,Non-Brand,46,650,0.0708,6.94
2026-03-22,campaign roi calculator,/blog/campaign-roi-calculator,India,MOBILE,WEB,Non-Brand,7,252,0.0278,18.69
2026-03-22,marketing reporting tools,/blog/marketing-reporting-tools,India,MOBILE,WEB,Non-Brand,11,825,0.0133,23.12
2026-03-22,marketing attribution,/blog/marketing-attribution,India,DESKTOP,WEB,Non-Brand,58,702,0.0826,32.7
2026-03-22,performance marketing analytics,/insights,India,MOBILE,WEB,Non-Brand,55,783,0.0702,8.63
2026-03-22,paid media dashboard,/insights,USA,MOBILE,WEB,Non-Brand,41,439,0.0934,20.92
2026-03-22,marketing data pipeline,/blog/marketing-data-pipeline,India,DESKTOP,WEB,Non-Brand,7,528,0.0133,31.49
2026-03-22,digital campaign analytics,/insights,India,DESKTOP,WEB,Non-Brand,34,842,0.0404,12.85
2026-03-22,marketing insights,/blog/marketing-insights,USA,DESKTOP,WEB,Non-Brand,16,648,0.0247,9.26
2026-03-22,seo marketing dashboard,/insights,USA,DESKTOP,WEB,Non-Brand,24,539,0.0445,6.16
2026-03-22,customer acquisition cost,/blog/customer-acquisition-cost,India,MOBILE,WEB,Non-Brand,29,410,0.0707,11.39
2026-03-22,roas dashboard,/insights,USA,DESKTOP,WEB,Non-Brand,17,863,0.0197,33.17
2026-03-22,marketing roi,/blog/marketing-roi,USA,DESKTOP,WEB,Non-Brand,14,457,0.0306,4.02
2026-03-23,marketing analytics dashboard,/insights,USA,MOBILE,WEB,Brand,29,650,0.0446,12.32
2026-03-23,digital marketing agency,/blog/digital-marketing-agency,India,DESKTOP,WEB,Non-Brand,10,319,0.0313,14.91
2026-03-23,marketing performance dashboard,/insights,UK,TABLET,WEB,Non-Brand,21,378,0.0556,20.93
2026-03-23,best marketing dashboard,/insights,India,MOBILE,WEB,Non-Brand,13,462,0.0281,33.22
2026-03-23,google ads roi,/blog/google-ads-roi,USA,MOBILE,WEB,Non-Brand,8,120,0.0667,33.44
2026-03-23,meta ads roi,/blog/meta-ads-roi,USA,MOBILE,WEB,Non-Brand,7,144,0.0486,5.67
2026-03-23,linkedin ads analytics,/insights,UK,DESKTOP,WEB,Non-Brand,33,673,0.049,5.25
2026-03-23,marketing kpi dashboard,/insights,USA,MOBILE,WEB,Non-Brand,9,250,0.036,22.97
2026-03-23,campaign roi calculator,/blog/campaign-roi-calculator,UK,MOBILE,WEB,Non-Brand,74,860,0.086,12.07
2026-03-23,marketing reporting tools,/blog/marketing-reporting-tools,USA,MOBILE,WEB,Non-Brand,28,506,0.0553,11.32
2026-03-23,marketing attribution,/blog/marketing-attribution,UK,DESKTOP,WEB,Non-Brand,14,687,0.0204,34.1
2026-03-23,performance marketing analytics,/insights,USA,DESKTOP,WEB,Non-Brand,71,810,0.0877,13.48
2026-03-23,paid media dashboard,/insights,UK,DESKTOP,WEB,Non-Brand,25,469,0.0533,30.73
2026-03-23,marketing data pipeline,/blog/marketing-data-pipeline,UK,DESKTOP,WEB,Non-Brand,14,461,0.0304,6.77
2026-03-23,digital campaign analytics,/insights,India,MOBILE,WEB,Non-Brand,46,666,0.0691,26.33
2026-03-23,marketing insights,/blog/marketing-insights,UK,MOBILE,WEB,Non-Brand,5,296,0.0169,13.84
2026-03-23,seo marketing dashboard,/insights,Canada,DESKTOP,WEB,Non-Brand,8,464,0.0172,14.71
2026-03-23,customer acquisition cost,/blog/customer-acquisition-cost,UK,DESKTOP,WEB,Non-Brand,62,890,0.0697,9.85
2026-03-23,roas dashboard,/insights,USA,DESKTOP,WEB,Non-Brand,6,171,0.0351,6.33
2026-03-23,marketing roi,/blog/marketing-roi,Canada,DESKTOP,WEB,Non-Brand,17,734,0.0232,33.19
2026-03-24,marketing analytics dashboard,/insights,India,DESKTOP,WEB,Brand,12,379,0.0317,8.09
2026-03-24,digital marketing agency,/blog/digital-marketing-agency,UK,MOBILE,WEB,Non-Brand,10,312,0.0321,14.95
2026-03-24,marketing performance dashboard,/insights,USA,MOBILE,WEB,Non-Brand,5,134,0.0373,33.39
2026-03-24,best marketing dashboard,/insights,USA,DESKTOP,WEB,Non-Brand,19,457,0.0416,15.16
2026-03-24,google ads roi,/blog/google-ads-roi,India,MOBILE,WEB,Non-Brand,55,674,0.0816,21.38
2026-03-24,meta ads roi,/blog/meta-ads-roi,USA,DESKTOP,WEB,Non-Brand,9,693,0.013,33.13
2026-03-24,linkedin ads analytics,/insights,India,MOBILE,WEB,Non-Brand,71,757,0.0938,7.1
2026-03-24,marketing kpi dashboard,/insights,Canada,TABLET,WEB,Non-Brand,18,272,0.0662,16.54
2026-03-24,campaign roi calculator,/blog/campaign-roi-calculator,UK,DESKTOP,WEB,Non-Brand,49,881,0.0556,23.63
2026-03-24,marketing reporting tools,/blog/marketing-reporting-tools,USA,DESKTOP,WEB,Non-Brand,20,367,0.0545,20.51
2026-03-24,marketing attribution,/blog/marketing-attribution,USA,DESKTOP,WEB,Non-Brand,8,598,0.0134,21.32
2026-03-24,performance marketing analytics,/insights,USA,DESKTOP,WEB,Non-Brand,14,312,0.0449,23.85
2026-03-24,paid media dashboard,/insights,Canada,MOBILE,WEB,Non-Brand,42,465,0.0903,23.34
2026-03-24,marketing data pipeline,/blog/marketing-data-pipeline,India,DESKTOP,WEB,Non-Brand,15,386,0.0389,9.76
2026-03-24,digital campaign analytics,/insights,UK,MOBILE,WEB,Non-Brand,30,554,0.0542,16.56
2026-03-24,marketing insights,/blog/marketing-insights,UK,MOBILE,WEB,Non-Brand,48,859,0.0559,33.69
2026-03-24,seo marketing dashboard,/insights,India,DESKTOP,WEB,Non-Brand,45,527,0.0854,4.8
2026-03-24,customer acquisition cost,/blog/customer-acquisition-cost,India,MOBILE,WEB,Non-Brand,19,476,0.0399,14.43
2026-03-24,roas dashboard,/insights,India,MOBILE,WEB,Non-Brand,15,187,0.0802,27.64
2026-03-24,marketing roi,/blog/marketing-roi,India,DESKTOP,WEB,Non-Brand,26,672,0.0387,5.74
2026-03-25,marketing analytics dashboard,/insights,India,MOBILE,WEB,Brand,58,782,0.0742,28.5
2026-03-25,digital marketing agency,/blog/digital-marketing-agency,India,MOBILE,WEB,Non-Brand,7,112,0.0625,29.28
2026-03-25,marketing performance dashboard,/insights,USA,MOBILE,WEB,Non-Brand,11,214,0.0514,33.66
2026-03-25,best marketing dashboard,/insights,India,DESKTOP,WEB,Non-Brand,29,426,0.0681,33.71
2026-03-25,google ads roi,/blog/google-ads-roi,USA,MOBILE,WEB,Non-Brand,23,525,0.0438,10.92
2026-03-25,meta ads roi,/blog/meta-ads-roi,USA,DESKTOP,WEB,Non-Brand,75,798,0.094,27.59
2026-03-25,linkedin ads analytics,/insights,India,MOBILE,WEB,Non-Brand,6,236,0.0254,14.53
2026-03-25,marketing kpi dashboard,/insights,USA,DESKTOP,WEB,Non-Brand,16,784,0.0204,24.95
2026-03-25,campaign roi calculator,/blog/campaign-roi-calculator,USA,DESKTOP,WEB,Non-Brand,9,165,0.0545,20.45
2026-03-25,marketing reporting tools,/blog/marketing-reporting-tools,USA,MOBILE,WEB,Non-Brand,33,777,0.0425,6.18
2026-03-25,marketing attribution,/blog/marketing-attribution,India,DESKTOP,WEB,Non-Brand,28,774,0.0362,25.24
2026-03-25,performance marketing analytics,/insights,USA,MOBILE,WEB,Non-Brand,18,375,0.048,23.26
2026-03-25,paid media dashboard,/insights,USA,TABLET,WEB,Non-Brand,23,282,0.0816,28.17
2026-03-25,marketing data pipeline,/blog/marketing-data-pipeline,UK,DESKTOP,WEB,Non-Brand,30,700,0.0429,27.78
2026-03-25,digital campaign analytics,/insights,USA,DESKTOP,WEB,Non-Brand,18,605,0.0298,32.06
2026-03-25,marketing insights,/blog/marketing-insights,UK,MOBILE,WEB,Non-Brand,19,783,0.0243,11.34
2026-03-25,seo marketing dashboard,/insights,USA,DESKTOP,WEB,Non-Brand,18,273,0.0659,34.84
2026-03-25,customer acquisition cost,/blog/customer-acquisition-cost,USA,DESKTOP,WEB,Non-Brand,21,341,0.0616,2.59
2026-03-25,roas dashboard,/insights,USA,DESKTOP,WEB,Non-Brand,24,672,0.0357,34.67
2026-03-25,marketing roi,/blog/marketing-roi,USA,TABLET,WEB,Non-Brand,20,762,0.0262,5.0
2026-03-26,marketing analytics dashboard,/insights,India,MOBILE,WEB,Brand,30,830,0.0361,28.93
2026-03-26,digital marketing agency,/blog/digital-marketing-agency,Canada,DESKTOP,WEB,Non-Brand,10,135,0.0741,27.88
2026-03-26,marketing performance dashboard,/insights,USA,MOBILE,WEB,Non-Brand,35,658,0.0532,3.76
2026-03-26,best marketing dashboard,/insights,USA,DESKTOP,WEB,Non-Brand,9,115,0.0783,15.68
2026-03-26,google ads roi,/blog/google-ads-roi,USA,MOBILE,WEB,Non-Brand,78,886,0.088,34.02
2026-03-26,meta ads roi,/blog/meta-ads-roi,Canada,MOBILE,WEB,Non-Brand,20,400,0.05,28.15
2026-03-26,linkedin ads analytics,/insights,USA,MOBILE,WEB,Non-Brand,18,483,0.0373,26.11
2026-03-26,marketing kpi dashboard,/insights,Canada,DESKTOP,WEB,Non-Brand,18,451,0.0399,31.18
2026-03-26,campaign roi calculator,/blog/campaign-roi-calculator,USA,MOBILE,WEB,Non-Brand,61,883,0.0691,14.34
2026-03-26,marketing reporting tools,/blog/marketing-reporting-tools,USA,DESKTOP,WEB,Non-Brand,42,461,0.0911,6.49
2026-03-26,marketing attribution,/blog/marketing-attribution,USA,MOBILE,WEB,Non-Brand,14,423,0.0331,9.7
2026-03-26,performance marketing analytics,/insights,USA,DESKTOP,WEB,Non-Brand,7,153,0.0458,18.8
2026-03-26,paid media dashboard,/insights,UK,DESKTOP,WEB,Non-Brand,15,323,0.0464,15.59
2026-03-26,marketing data pipeline,/blog/marketing-data-pipeline,India,DESKTOP,WEB,Non-Brand,4,237,0.0169,7.38
2026-03-26,digital campaign analytics,/insights,India,DESKTOP,WEB,Non-Brand,29,485,0.0598,32.57
2026-03-26,marketing insights,/blog/marketing-insights,Canada,DESKTOP,WEB,Non-Brand,1,114,0.0088,16.19
2026-03-26,seo marketing dashboard,/insights,USA,MOBILE,WEB,Non-Brand,17,260,0.0654,21.66
2026-03-26,customer acquisition cost,/blog/customer-acquisition-cost,Canada,MOBILE,WEB,Non-Brand,37,396,0.0934,34.51
2026-03-26,roas dashboard,/insights,India,MOBILE,WEB,Non-Brand,9,151,0.0596,22.78
2026-03-26,marketing roi,/blog/marketing-roi,UK,MOBILE,WEB,Non-Brand,30,408,0.0735,7.04
2026-03-27,marketing analytics dashboard,/insights,USA,MOBILE,WEB,Brand,74,810,0.0914,8.72
2026-03-27,digital marketing agency,/blog/digital-marketing-agency,USA,DESKTOP,WEB,Non-Brand,63,731,0.0862,10.72
2026-03-27,marketing performance dashboard,/insights,USA,DESKTOP,WEB,Non-Brand,48,586,0.0819,13.55
2026-03-27,best marketing dashboard,/insights,Canada,DESKTOP,WEB,Non-Brand,7,243,0.0288,10.36
2026-03-27,google ads roi,/blog/google-ads-roi,India,MOBILE,WEB,Non-Brand,5,105,0.0476,32.96
2026-03-27,meta ads roi,/blog/meta-ads-roi,India,MOBILE,WEB,Non-Brand,11,224,0.0491,10.53
2026-03-27,linkedin ads analytics,/insights,USA,MOBILE,WEB,Non-Brand,25,324,0.0772,26.23
2026-03-27,marketing kpi dashboard,/insights,UK,DESKTOP,WEB,Non-Brand,79,862,0.0916,13.43
2026-03-27,campaign roi calculator,/blog/campaign-roi-calculator,USA,DESKTOP,WEB,Non-Brand,13,297,0.0438,5.25
2026-03-27,marketing reporting tools,/blog/marketing-reporting-tools,USA,MOBILE,WEB,Non-Brand,44,888,0.0495,6.08
2026-03-27,marketing attribution,/blog/marketing-attribution,UK,DESKTOP,WEB,Non-Brand,28,360,0.0778,17.48
2026-03-27,performance marketing analytics,/insights,India,TABLET,WEB,Non-Brand,15,322,0.0466,32.13
2026-03-27,paid media dashboard,/insights,India,DESKTOP,WEB,Non-Brand,8,93,0.086,23.64
2026-03-27,marketing data pipeline,/blog/marketing-data-pipeline,UK,DESKTOP,WEB,Non-Brand,73,863,0.0846,12.55
2026-03-27,digital campaign analytics,/insights,USA,DESKTOP,WEB,Non-Brand,7,302,0.0232,29.65
2026-03-27,marketing insights,/blog/marketing-insights,India,DESKTOP,WEB,Non-Brand,17,723,0.0235,15.25
2026-03-27,seo marketing dashboard,/insights,USA,DESKTOP,WEB,Non-Brand,39,610,0.0639,26.6
2026-03-27,customer acquisition cost,/blog/customer-acquisition-cost,USA,DESKTOP,WEB,Non-Brand,12,245,0.049,11.82
2026-03-27,roas dashboard,/insights,Canada,DESKTOP,WEB,Non-Brand,39,767,0.0508,25.05
2026-03-27,marketing roi,/blog/marketing-roi,USA,DESKTOP,WEB,Non-Brand,68,805,0.0845,26.35
2026-03-28,marketing analytics dashboard,/insights,UK,DESKTOP,WEB,Brand,11,525,0.021,33.32
2026-03-28,digital marketing agency,/blog/digital-marketing-agency,Canada,DESKTOP,WEB,Non-Brand,15,198,0.0758,7.48
2026-03-28,marketing performance dashboard,/insights,USA,MOBILE,WEB,Non-Brand,8,490,0.0163,34.65
2026-03-28,best marketing dashboard,/insights,USA,DESKTOP,WEB,Non-Brand,27,590,0.0458,10.74
2026-03-28,google ads roi,/blog/google-ads-roi,UK,MOBILE,WEB,Non-Brand,18,469,0.0384,34.12
2026-03-28,meta ads roi,/blog/meta-ads-roi,Canada,TABLET,WEB,Non-Brand,70,873,0.0802,26.39
2026-03-28,linkedin ads analytics,/insights,USA,DESKTOP,WEB,Non-Brand,32,456,0.0702,12.42
2026-03-28,marketing kpi dashboard,/insights,USA,DESKTOP,WEB,Non-Brand,71,877,0.081,6.68
2026-03-28,campaign roi calculator,/blog/campaign-roi-calculator,USA,DESKTOP,WEB,Non-Brand,23,510,0.0451,25.36
2026-03-28,marketing reporting tools,/blog/marketing-reporting-tools,UK,DESKTOP,WEB,Non-Brand,29,344,0.0843,21.53
2026-03-28,marketing attribution,/blog/marketing-attribution,USA,DESKTOP,WEB,Non-Brand,26,348,0.0747,32.57
2026-03-28,performance marketing analytics,/insights,India,DESKTOP,WEB,Non-Brand,14,274,0.0511,20.7
2026-03-28,paid media dashboard,/insights,Canada,MOBILE,WEB,Non-Brand,48,623,0.077,30.03
2026-03-28,marketing data pipeline,/blog/marketing-data-pipeline,UK,MOBILE,WEB,Non-Brand,30,740,0.0405,26.12
2026-03-28,digital campaign analytics,/insights,UK,MOBILE,WEB,Non-Brand,32,608,0.0526,27.4
2026-03-28,marketing insights,/blog/marketing-insights,UK,DESKTOP,WEB,Non-Brand,10,249,0.0402,31.76
2026-03-28,seo marketing dashboard,/insights,USA,DESKTOP,WEB,Non-Brand,40,607,0.0659,18.48
2026-03-28,customer acquisition cost,/blog/customer-acquisition-cost,USA,DESKTOP,WEB,Non-Brand,46,607,0.0758,4.56
2026-03-28,roas dashboard,/insights,UK,DESKTOP,WEB,Non-Brand,59,730,0.0808,8.52
2026-03-28,marketing roi,/blog/marketing-roi,India,DESKTOP,WEB,Non-Brand,57,755,0.0755,7.68
2026-03-29,marketing analytics dashboard,/insights,India,DESKTOP,WEB,Brand,18,345,0.0522,4.49
2026-03-29,digital marketing agency,/blog/digital-marketing-agency,India,MOBILE,WEB,Non-Brand,64,746,0.0858,27.96
2026-03-29,marketing performance dashboard,/insights,India,DESKTOP,WEB,Non-Brand,21,334,0.0629,9.82
2026-03-29,best marketing dashboard,/insights,India,MOBILE,WEB,Non-Brand,47,834,0.0564,25.12
2026-03-29,google ads roi,/blog/google-ads-roi,Canada,MOBILE,WEB,Non-Brand,43,585,0.0735,9.57
2026-03-29,meta ads roi,/blog/meta-ads-roi,India,DESKTOP,WEB,Non-Brand,13,164,0.0793,27.37
2026-03-29,linkedin ads analytics,/insights,Canada,DESKTOP,WEB,Non-Brand,13,514,0.0253,7.26
2026-03-29,marketing kpi dashboard,/insights,USA,DESKTOP,WEB,Non-Brand,25,606,0.0413,28.71
2026-03-29,campaign roi calculator,/blog/campaign-roi-calculator,Canada,DESKTOP,WEB,Non-Brand,15,750,0.02,33.72
2026-03-29,marketing reporting tools,/blog/marketing-reporting-tools,India,MOBILE,WEB,Non-Brand,24,363,0.0661,7.41
2026-03-29,marketing attribution,/blog/marketing-attribution,India,MOBILE,WEB,Non-Brand,18,870,0.0207,29.61
2026-03-29,performance marketing analytics,/insights,UK,DESKTOP,WEB,Non-Brand,33,373,0.0885,29.84
2026-03-29,paid media dashboard,/insights,USA,DESKTOP,WEB,Non-Brand,63,864,0.0729,7.52
2026-03-29,marketing data pipeline,/blog/marketing-data-pipeline,USA,DESKTOP,WEB,Non-Brand,41,567,0.0723,14.66
2026-03-29,digital campaign analytics,/insights,USA,MOBILE,WEB,Non-Brand,8,182,0.044,5.03
2026-03-29,marketing insights,/blog/marketing-insights,India,DESKTOP,WEB,Non-Brand,16,177,0.0904,13.32
2026-03-29,seo marketing dashboard,/insights,UK,DESKTOP,WEB,Non-Brand,27,330,0.0818,23.85
2026-03-29,customer acquisition cost,/blog/customer-acquisition-cost,India,DESKTOP,WEB,Non-Brand,9,214,0.0421,32.55
2026-03-29,roas dashboard,/insights,USA,TABLET,WEB,Non-Brand,22,264,0.0833,5.34
2026-03-29,marketing roi,/blog/marketing-roi,USA,MOBILE,WEB,Non-Brand,26,411,0.0633,17.24
2026-03-30,marketing analytics dashboard,/insights,UK,MOBILE,WEB,Brand,23,392,0.0587,5.52
2026-03-30,digital marketing agency,/blog/digital-marketing-agency,UK,MOBILE,WEB,Non-Brand,20,417,0.048,34.48
2026-03-30,marketing performance dashboard,/insights,UK,DESKTOP,WEB,Non-Brand,8,364,0.022,7.13
2026-03-30,best marketing dashboard,/insights,USA,DESKTOP,WEB,Non-Brand,34,829,0.041,17.44
2026-03-30,google ads roi,/blog/google-ads-roi,USA,DESKTOP,WEB,Non-Brand,18,262,0.0687,22.26
2026-03-30,meta ads roi,/blog/meta-ads-roi,UK,MOBILE,WEB,Non-Brand,60,818,0.0733,3.93
2026-03-30,linkedin ads analytics,/insights,USA,MOBILE,WEB,Non-Brand,28,899,0.0311,30.08
2026-03-30,marketing kpi dashboard,/insights,India,DESKTOP,WEB,Non-Brand,38,594,0.064,9.5
2026-03-30,campaign roi calculator,/blog/campaign-roi-calculator,UK,DESKTOP,WEB,Non-Brand,10,367,0.0272,11.29
2026-03-30,marketing reporting tools,/blog/marketing-reporting-tools,UK,TABLET,WEB,Non-Brand,33,738,0.0447,24.69
2026-03-30,marketing attribution,/blog/marketing-attribution,India,DESKTOP,WEB,Non-Brand,56,706,0.0793,21.87
2026-03-30,performance marketing analytics,/insights,India,DESKTOP,WEB,Non-Brand,16,278,0.0576,3.25
2026-03-30,paid media dashboard,/insights,India,MOBILE,WEB,Non-Brand,50,784,0.0638,3.83
2026-03-30,marketing data pipeline,/blog/marketing-data-pipeline,UK,DESKTOP,WEB,Non-Brand,13,438,0.0297,24.74
2026-03-30,digital campaign analytics,/insights,Canada,TABLET,WEB,Non-Brand,31,388,0.0799,15.38
2026-03-30,marketing insights,/blog/marketing-insights,Canada,DESKTOP,WEB,Non-Brand,10,240,0.0417,10.71
2026-03-30,seo marketing dashboard,/insights,UK,MOBILE,WEB,Non-Brand,10,431,0.0232,31.51
2026-03-30,customer acquisition cost,/blog/customer-acquisition-cost,Canada,MOBILE,WEB,Non-Brand,11,179,0.0615,33.29
2026-03-30,roas dashboard,/insights,USA,MOBILE,WEB,Non-Brand,13,622,0.0209,27.65
2026-03-30,marketing roi,/blog/marketing-roi,USA,MOBILE,WEB,Non-Brand,20,694,0.0288,6.1
2026-03-31,marketing analytics dashboard,/insights,India,MOBILE,WEB,Brand,4,111,0.036,22.8
2026-03-31,digital marketing agency,/blog/digital-marketing-agency,USA,MOBILE,WEB,Non-Brand,22,486,0.0453,4.88
2026-03-31,marketing performance dashboard,/insights,USA,MOBILE,WEB,Non-Brand,30,381,0.0787,10.52
2026-03-31,best marketing dashboard,/insights,India,DESKTOP,WEB,Non-Brand,52,871,0.0597,27.68
2026-03-31,google ads roi,/blog/google-ads-roi,India,DESKTOP,WEB,Non-Brand,23,319,0.0721,26.93
2026-03-31,meta ads roi,/blog/meta-ads-roi,USA,DESKTOP,WEB,Non-Brand,11,387,0.0284,34.76
2026-03-31,linkedin ads analytics,/insights,USA,DESKTOP,WEB,Non-Brand,9,571,0.0158,34.41
2026-03-31,marketing kpi dashboard,/insights,USA,DESKTOP,WEB,Non-Brand,41,461,0.0889,29.66
2026-03-31,campaign roi calculator,/blog/campaign-roi-calculator,USA,DESKTOP,WEB,Non-Brand,16,209,0.0766,24.09
2026-03-31,marketing reporting tools,/blog/marketing-reporting-tools,Canada,DESKTOP,WEB,Non-Brand,15,229,0.0655,14.65
2026-03-31,marketing attribution,/blog/marketing-attribution,India,DESKTOP,WEB,Non-Brand,34,560,0.0607,21.27
2026-03-31,performance marketing analytics,/insights,USA,MOBILE,WEB,Non-Brand,9,155,0.0581,22.77
2026-03-31,paid media dashboard,/insights,USA,MOBILE,WEB,Non-Brand,57,664,0.0858,2.77
2026-03-31,marketing data pipeline,/blog/marketing-data-pipeline,India,TABLET,WEB,Non-Brand,8,705,0.0113,9.7
2026-03-31,digital campaign analytics,/insights,USA,MOBILE,WEB,Non-Brand,16,561,0.0285,31.73
2026-03-31,marketing insights,/blog/marketing-insights,USA,DESKTOP,WEB,Non-Brand,43,808,0.0532,16.13
2026-03-31,seo marketing dashboard,/insights,USA,DESKTOP,WEB,Non-Brand,39,580,0.0672,23.87
2026-03-31,customer acquisition cost,/blog/customer-acquisition-cost,Canada,DESKTOP,WEB,Non-Brand,59,630,0.0937,9.89
2026-03-31,roas dashboard,/insights,India,DESKTOP,WEB,Non-Brand,22,834,0.0264,29.8
2026-03-31,marketing roi,/blog/marketing-roi,India,DESKTOP,WEB,Non-Brand,55,593,0.0927,2.68
2026-04-01,marketing analytics dashboard,/insights,USA,DESKTOP,WEB,Brand,18,420,0.0429,24.81
2026-04-01,digital marketing agency,/blog/digital-marketing-agency,USA,MOBILE,WEB,Non-Brand,16,418,0.0383,11.05
2026-04-01,marketing performance dashboard,/insights,Canada,MOBILE,WEB,Non-Brand,69,755,0.0914,10.18
2026-04-01,best marketing dashboard,/insights,USA,MOBILE,WEB,Non-Brand,37,422,0.0877,29.29
2026-04-01,google ads roi,/blog/google-ads-roi,USA,DESKTOP,WEB,Non-Brand,8,419,0.0191,11.77
2026-04-01,meta ads roi,/blog/meta-ads-roi,USA,DESKTOP,WEB,Non-Brand,52,814,0.0639,22.35
2026-04-01,linkedin ads analytics,/insights,USA,MOBILE,WEB,Non-Brand,9,376,0.0239,9.1
2026-04-01,marketing kpi dashboard,/insights,India,MOBILE,WEB,Non-Brand,28,508,0.0551,6.31
2026-04-01,campaign roi calculator,/blog/campaign-roi-calculator,India,MOBILE,WEB,Non-Brand,17,480,0.0354,4.34
2026-04-01,marketing reporting tools,/blog/marketing-reporting-tools,India,DESKTOP,WEB,Non-Brand,16,851,0.0188,33.3
2026-04-01,marketing attribution,/blog/marketing-attribution,Canada,DESKTOP,WEB,Non-Brand,14,267,0.0524,16.7
2026-04-01,performance marketing analytics,/insights,India,DESKTOP,WEB,Non-Brand,44,582,0.0756,16.78
2026-04-01,paid media dashboard,/insights,USA,DESKTOP,WEB,Non-Brand,5,185,0.027,23.69
2026-04-01,marketing data pipeline,/blog/marketing-data-pipeline,USA,DESKTOP,WEB,Non-Brand,8,166,0.0482,10.69
2026-04-01,digital campaign analytics,/insights,UK,DESKTOP,WEB,Non-Brand,11,255,0.0431,18.92
2026-04-01,marketing insights,/blog/marketing-insights,USA,DESKTOP,WEB,Non-Brand,9,115,0.0783,17.71
2026-04-01,seo marketing dashboard,/insights,India,MOBILE,WEB,Non-Brand,5,270,0.0185,11.08
2026-04-01,customer acquisition cost,/blog/customer-acquisition-cost,USA,DESKTOP,WEB,Non-Brand,9,278,0.0324,14.59
2026-04-01,roas dashboard,/insights,India,MOBILE,WEB,Non-Brand,14,162,0.0864,27.83
2026-04-01,marketing roi,/blog/marketing-roi,USA,MOBILE,WEB,Non-Brand,15,258,0.0581,20.28
2026-04-02,marketing analytics dashboard,/insights,India,MOBILE,WEB,Brand,18,653,0.0276,6.58
2026-04-02,digital marketing agency,/blog/digital-marketing-agency,USA,MOBILE,WEB,Non-Brand,43,485,0.0887,25.57
2026-04-02,marketing performance dashboard,/insights,India,MOBILE,WEB,Non-Brand,25,629,0.0397,14.83
2026-04-02,best marketing dashboard,/insights,USA,MOBILE,WEB,Non-Brand,28,419,0.0668,27.65
2026-04-02,google ads roi,/blog/google-ads-roi,India,DESKTOP,WEB,Non-Brand,69,781,0.0883,25.74
2026-04-02,meta ads roi,/blog/meta-ads-roi,USA,MOBILE,WEB,Non-Brand,27,587,0.046,22.14
2026-04-02,linkedin ads analytics,/insights,USA,MOBILE,WEB,Non-Brand,3,199,0.0151,18.17
2026-04-02,marketing kpi dashboard,/insights,USA,MOBILE,WEB,Non-Brand,4,264,0.0152,14.84
2026-04-02,campaign roi calculator,/blog/campaign-roi-calculator,USA,DESKTOP,WEB,Non-Brand,16,406,0.0394,6.26
2026-04-02,marketing reporting tools,/blog/marketing-reporting-tools,USA,DESKTOP,WEB,Non-Brand,24,475,0.0505,16.95
2026-04-02,marketing attribution,/blog/marketing-attribution,India,DESKTOP,WEB,Non-Brand,39,821,0.0475,18.68
2026-04-02,performance marketing analytics,/insights,USA,MOBILE,WEB,Non-Brand,48,695,0.0691,34.89
2026-04-02,paid media dashboard,/insights,India,DESKTOP,WEB,Non-Brand,30,449,0.0668,8.18
2026-04-02,marketing data pipeline,/blog/marketing-data-pipeline,India,MOBILE,WEB,Non-Brand,16,204,0.0784,9.07
2026-04-02,digital campaign analytics,/insights,India,DESKTOP,WEB,Non-Brand,20,450,0.0444,22.36
2026-04-02,marketing insights,/blog/marketing-insights,USA,DESKTOP,WEB,Non-Brand,41,604,0.0679,22.69
2026-04-02,seo marketing dashboard,/insights,USA,MOBILE,WEB,Non-Brand,18,278,0.0647,20.06
2026-04-02,customer acquisition cost,/blog/customer-acquisition-cost,Canada,MOBILE,WEB,Non-Brand,11,276,0.0399,7.17
2026-04-02,roas dashboard,/insights,India,MOBILE,WEB,Non-Brand,15,623,0.0241,17.18
2026-04-02,marketing roi,/blog/marketing-roi,UK,MOBILE,WEB,Non-Brand,26,461,0.0564,26.05
2026-04-03,marketing analytics dashboard,/insights,UK,DESKTOP,WEB,Brand,21,224,0.0938,19.6
2026-04-03,digital marketing agency,/blog/digital-marketing-agency,USA,DESKTOP,WEB,Non-Brand,51,786,0.0649,22.16
2026-04-03,marketing performance dashboard,/insights,USA,TABLET,WEB,Non-Brand,37,538,0.0688,7.06
2026-04-03,best marketing dashboard,/insights,USA,MOBILE,WEB,Non-Brand,34,847,0.0401,32.21
2026-04-03,google ads roi,/blog/google-ads-roi,USA,DESKTOP,WEB,Non-Brand,8,272,0.0294,23.58
2026-04-03,meta ads roi,/blog/meta-ads-roi,UK,MOBILE,WEB,Non-Brand,16,503,0.0318,30.39
2026-04-03,linkedin ads analytics,/insights,UK,DESKTOP,WEB,Non-Brand,67,752,0.0891,16.72
2026-04-03,marketing kpi dashboard,/insights,UK,MOBILE,WEB,Non-Brand,11,187,0.0588,12.29
2026-04-03,campaign roi calculator,/blog/campaign-roi-calculator,India,MOBILE,WEB,Non-Brand,7,249,0.0281,21.34
2026-04-03,marketing reporting tools,/blog/marketing-reporting-tools,USA,MOBILE,WEB,Non-Brand,3,84,0.0357,24.55
2026-04-03,marketing attribution,/blog/marketing-attribution,UK,DESKTOP,WEB,Non-Brand,37,676,0.0547,26.73
2026-04-03,performance marketing analytics,/insights,USA,DESKTOP,WEB,Non-Brand,11,434,0.0253,29.41
2026-04-03,paid media dashboard,/insights,UK,MOBILE,WEB,Non-Brand,41,499,0.0822,33.35
2026-04-03,marketing data pipeline,/blog/marketing-data-pipeline,India,MOBILE,WEB,Non-Brand,25,358,0.0698,19.07
2026-04-03,digital campaign analytics,/insights,USA,DESKTOP,WEB,Non-Brand,40,528,0.0758,34.42
2026-04-03,marketing insights,/blog/marketing-insights,India,MOBILE,WEB,Non-Brand,6,368,0.0163,24.96
2026-04-03,seo marketing dashboard,/insights,Canada,DESKTOP,WEB,Non-Brand,53,712,0.0744,33.73
2026-04-03,customer acquisition cost,/blog/customer-acquisition-cost,USA,MOBILE,WEB,Non-Brand,73,869,0.084,34.1
2026-04-03,roas dashboard,/insights,UK,MOBILE,WEB,Non-Brand,44,508,0.0866,32.73
2026-04-03,marketing roi,/blog/marketing-roi,USA,MOBILE,WEB,Non-Brand,20,345,0.058,28.46
2026-04-04,marketing analytics dashboard,/insights,India,MOBILE,WEB,Brand,15,228,0.0658,16.98
2026-04-04,digital marketing agency,/blog/digital-marketing-agency,USA,DESKTOP,WEB,Non-Brand,18,439,0.041,11.65
2026-04-04,marketing performance dashboard,/insights,USA,MOBILE,WEB,Non-Brand,19,303,0.0627,3.14
2026-04-04,best marketing dashboard,/insights,UK,TABLET,WEB,Non-Brand,51,677,0.0753,4.95
2026-04-04,google ads roi,/blog/google-ads-roi,UK,DESKTOP,WEB,Non-Brand,21,811,0.0259,19.95
2026-04-04,meta ads roi,/blog/meta-ads-roi,India,MOBILE,WEB,Non-Brand,9,536,0.0168,9.55
2026-04-04,linkedin ads analytics,/insights,India,DESKTOP,WEB,Non-Brand,44,555,0.0793,7.23
2026-04-04,marketing kpi dashboard,/insights,USA,MOBILE,WEB,Non-Brand,24,510,0.0471,14.18
2026-04-04,campaign roi calculator,/blog/campaign-roi-calculator,USA,MOBILE,WEB,Non-Brand,39,461,0.0846,14.16
2026-04-04,marketing reporting tools,/blog/marketing-reporting-tools,USA,DESKTOP,WEB,Non-Brand,35,638,0.0549,4.51
2026-04-04,marketing attribution,/blog/marketing-attribution,India,DESKTOP,WEB,Non-Brand,9,134,0.0672,25.86
2026-04-04,performance marketing analytics,/insights,India,DESKTOP,WEB,Non-Brand,18,353,0.051,34.32
2026-04-04,paid media dashboard,/insights,USA,MOBILE,WEB,Non-Brand,11,353,0.0312,29.12
2026-04-04,marketing data pipeline,/blog/marketing-data-pipeline,USA,MOBILE,WEB,Non-Brand,67,816,0.0821,6.47
2026-04-04,digital campaign analytics,/insights,India,DESKTOP,WEB,Non-Brand,78,860,0.0907,4.14
2026-04-04,marketing insights,/blog/marketing-insights,India,DESKTOP,WEB,Non-Brand,8,269,0.0297,23.92
2026-04-04,seo marketing dashboard,/insights,USA,DESKTOP,WEB,Non-Brand,5,246,0.0203,6.47
2026-04-04,customer acquisition cost,/blog/customer-acquisition-cost,India,DESKTOP,WEB,Non-Brand,21,832,0.0252,12.52
2026-04-04,roas dashboard,/insights,India,DESKTOP,WEB,Non-Brand,6,91,0.0659,24.03
2026-04-04,marketing roi,/blog/marketing-roi,USA,MOBILE,WEB,Non-Brand,44,888,0.0495,27.93
2026-04-05,marketing analytics dashboard,/insights,USA,DESKTOP,WEB,Brand,18,319,0.0564,15.81
2026-04-05,digital marketing agency,/blog/digital-marketing-agency,UK,MOBILE,WEB,Non-Brand,26,590,0.0441,7.27
2026-04-05,marketing performance dashboard,/insights,USA,TABLET,WEB,Non-Brand,7,110,0.0636,24.63
2026-04-05,best marketing dashboard,/insights,USA,DESKTOP,WEB,Non-Brand,46,561,0.082,11.02
2026-04-05,google ads roi,/blog/google-ads-roi,USA,MOBILE,WEB,Non-Brand,9,232,0.0388,27.18
2026-04-05,meta ads roi,/blog/meta-ads-roi,Canada,MOBILE,WEB,Non-Brand,28,389,0.072,12.01
2026-04-05,linkedin ads analytics,/insights,USA,MOBILE,WEB,Non-Brand,21,260,0.0808,27.59
2026-04-05,marketing kpi dashboard,/insights,India,DESKTOP,WEB,Non-Brand,35,431,0.0812,20.75
2026-04-05,campaign roi calculator,/blog/campaign-roi-calculator,USA,DESKTOP,WEB,Non-Brand,60,897,0.0669,12.89
2026-04-05,marketing reporting tools,/blog/marketing-reporting-tools,UK,DESKTOP,WEB,Non-Brand,9,498,0.0181,17.46
2026-04-05,marketing attribution,/blog/marketing-attribution,UK,DESKTOP,WEB,Non-Brand,5,336,0.0149,32.73
2026-04-05,performance marketing analytics,/insights,India,MOBILE,WEB,Non-Brand,28,339,0.0826,15.44
2026-04-05,paid media dashboard,/insights,UK,TABLET,WEB,Non-Brand,14,872,0.0161,20.36
2026-04-05,marketing data pipeline,/blog/marketing-data-pipeline,USA,DESKTOP,WEB,Non-Brand,33,897,0.0368,24.9
2026-04-05,digital campaign analytics,/insights,UK,DESKTOP,WEB,Non-Brand,24,838,0.0286,9.6
2026-04-05,marketing insights,/blog/marketing-insights,India,MOBILE,WEB,Non-Brand,4,311,0.0129,30.78
2026-04-05,seo marketing dashboard,/insights,India,MOBILE,WEB,Non-Brand,13,206,0.0631,15.45
2026-04-05,customer acquisition cost,/blog/customer-acquisition-cost,USA,MOBILE,WEB,Non-Brand,15,216,0.0694,17.33
2026-04-05,roas dashboard,/insights,Canada,MOBILE,WEB,Non-Brand,6,246,0.0244,23.93
2026-04-05,marketing roi,/blog/marketing-roi,USA,DESKTOP,WEB,Non-Brand,15,297,0.0505,21.71
2026-04-06,marketing analytics dashboard,/insights,India,DESKTOP,WEB,Brand,27,711,0.038,15.73
2026-04-06,digital marketing agency,/blog/digital-marketing-agency,USA,MOBILE,WEB,Non-Brand,6,176,0.0341,7.44
2026-04-06,marketing performance dashboard,/insights,USA,MOBILE,WEB,Non-Brand,7,120,0.0583,6.62
2026-04-06,best marketing dashboard,/insights,USA,DESKTOP,WEB,Non-Brand,19,327,0.0581,9.86
2026-04-06,google ads roi,/blog/google-ads-roi,USA,DESKTOP,WEB,Non-Brand,10,516,0.0194,30.64
2026-04-06,meta ads roi,/blog/meta-ads-roi,UK,DESKTOP,WEB,Non-Brand,41,742,0.0553,20.7
2026-04-06,linkedin ads analytics,/insights,USA,DESKTOP,WEB,Non-Brand,33,699,0.0472,6.73
2026-04-06,marketing kpi dashboard,/insights,India,DESKTOP,WEB,Non-Brand,22,239,0.0921,30.97
2026-04-06,campaign roi calculator,/blog/campaign-roi-calculator,USA,DESKTOP,WEB,Non-Brand,6,113,0.0531,18.38
2026-04-06,marketing reporting tools,/blog/marketing-reporting-tools,India,DESKTOP,WEB,Non-Brand,5,87,0.0575,32.38
2026-04-06,marketing attribution,/blog/marketing-attribution,India,DESKTOP,WEB,Non-Brand,32,347,0.0922,12.47
2026-04-06,performance marketing analytics,/insights,UK,DESKTOP,WEB,Non-Brand,21,446,0.0471,11.47
2026-04-06,paid media dashboard,/insights,UK,MOBILE,WEB,Non-Brand,41,619,0.0662,11.85
2026-04-06,marketing data pipeline,/blog/marketing-data-pipeline,India,DESKTOP,WEB,Non-Brand,33,413,0.0799,27.58
2026-04-06,digital campaign analytics,/insights,USA,DESKTOP,WEB,Non-Brand,32,355,0.0901,17.2
2026-04-06,marketing insights,/blog/marketing-insights,UK,DESKTOP,WEB,Non-Brand,57,652,0.0874,21.74
2026-04-06,seo marketing dashboard,/insights,UK,MOBILE,WEB,Non-Brand,47,678,0.0693,3.31
2026-04-06,customer acquisition cost,/blog/customer-acquisition-cost,USA,MOBILE,WEB,Non-Brand,34,447,0.0761,6.68
2026-04-06,roas dashboard,/insights,India,DESKTOP,WEB,Non-Brand,8,509,0.0157,23.06
2026-04-06,marketing roi,/blog/marketing-roi,Canada,DESKTOP,WEB,Non-Brand,29,548,0.0529,17.49
2026-04-07,marketing analytics dashboard,/insights,India,DESKTOP,WEB,Brand,36,559,0.0644,24.42
2026-04-07,digital marketing agency,/blog/digital-marketing-agency,UK,MOBILE,WEB,Non-Brand,12,442,0.0271,24.19
2026-04-07,marketing performance dashboard,/insights,India,DESKTOP,WEB,Non-Brand,21,245,0.0857,13.64
2026-04-07,best marketing dashboard,/insights,Canada,MOBILE,WEB,Non-Brand,9,584,0.0154,19.1
2026-04-07,google ads roi,/blog/google-ads-roi,India,DESKTOP,WEB,Non-Brand,43,553,0.0778,27.97
2026-04-07,meta ads roi,/blog/meta-ads-roi,USA,DESKTOP,WEB,Non-Brand,32,522,0.0613,29.94
2026-04-07,linkedin ads analytics,/insights,UK,MOBILE,WEB,Non-Brand,26,305,0.0852,32.61
2026-04-07,marketing kpi dashboard,/insights,USA,DESKTOP,WEB,Non-Brand,51,624,0.0817,26.39
2026-04-07,campaign roi calculator,/blog/campaign-roi-calculator,Canada,DESKTOP,WEB,Non-Brand,54,717,0.0753,14.16
2026-04-07,marketing reporting tools,/blog/marketing-reporting-tools,India,DESKTOP,WEB,Non-Brand,41,562,0.073,7.52
2026-04-07,marketing attribution,/blog/marketing-attribution,USA,DESKTOP,WEB,Non-Brand,53,807,0.0657,23.6
2026-04-07,performance marketing analytics,/insights,USA,DESKTOP,WEB,Non-Brand,26,853,0.0305,3.97
2026-04-07,paid media dashboard,/insights,USA,DESKTOP,WEB,Non-Brand,21,489,0.0429,2.73
2026-04-07,marketing data pipeline,/blog/marketing-data-pipeline,USA,MOBILE,WEB,Non-Brand,59,857,0.0688,21.82
2026-04-07,digital campaign analytics,/insights,USA,MOBILE,WEB,Non-Brand,29,360,0.0806,19.48
2026-04-07,marketing insights,/blog/marketing-insights,Canada,DESKTOP,WEB,Non-Brand,10,221,0.0452,31.91
2026-04-07,seo marketing dashboard,/insights,UK,MOBILE,WEB,Non-Brand,25,473,0.0529,18.05
2026-04-07,customer acquisition cost,/blog/customer-acquisition-cost,USA,DESKTOP,WEB,Non-Brand,19,837,0.0227,20.41
2026-04-07,roas dashboard,/insights,USA,MOBILE,WEB,Non-Brand,10,296,0.0338,31.09
2026-04-07,marketing roi,/blog/marketing-roi,USA,MOBILE,WEB,Non-Brand,8,168,0.0476,15.56
2026-04-08,marketing analytics dashboard,/insights,UK,DESKTOP,WEB,Brand,11,156,0.0705,28.66
2026-04-08,digital marketing agency,/blog/digital-marketing-agency,India,DESKTOP,WEB,Non-Brand,81,856,0.0946,30.53
2026-04-08,marketing performance dashboard,/insights,USA,DESKTOP,WEB,Non-Brand,20,458,0.0437,23.01
2026-04-08,best marketing dashboard,/insights,USA,MOBILE,WEB,Non-Brand,14,241,0.0581,24.9
2026-04-08,google ads roi,/blog/google-ads-roi,Canada,DESKTOP,WEB,Non-Brand,14,169,0.0828,20.69
2026-04-08,meta ads roi,/blog/meta-ads-roi,UK,MOBILE,WEB,Non-Brand,40,437,0.0915,16.56
2026-04-08,linkedin ads analytics,/insights,USA,DESKTOP,WEB,Non-Brand,66,873,0.0756,6.03
2026-04-08,marketing kpi dashboard,/insights,India,MOBILE,WEB,Non-Brand,35,466,0.0751,21.81
2026-04-08,campaign roi calculator,/blog/campaign-roi-calculator,USA,DESKTOP,WEB,Non-Brand,28,303,0.0924,27.03
2026-04-08,marketing reporting tools,/blog/marketing-reporting-tools,USA,MOBILE,WEB,Non-Brand,31,692,0.0448,25.74
2026-04-08,marketing attribution,/blog/marketing-attribution,USA,DESKTOP,WEB,Non-Brand,20,754,0.0265,14.72
2026-04-08,performance marketing analytics,/insights,UK,DESKTOP,WEB,Non-Brand,15,613,0.0245,28.23
2026-04-08,paid media dashboard,/insights,USA,DESKTOP,WEB,Non-Brand,57,849,0.0671,13.55
2026-04-08,marketing data pipeline,/blog/marketing-data-pipeline,USA,DESKTOP,WEB,Non-Brand,27,323,0.0836,3.42
2026-04-08,digital campaign analytics,/insights,India,DESKTOP,WEB,Non-Brand,46,862,0.0534,25.85
2026-04-08,marketing insights,/blog/marketing-insights,Canada,DESKTOP,WEB,Non-Brand,26,814,0.0319,28.59
2026-04-08,seo marketing dashboard,/insights,Canada,DESKTOP,WEB,Non-Brand,10,280,0.0357,13.37
2026-04-08,customer acquisition cost,/blog/customer-acquisition-cost,India,TABLET,WEB,Non-Brand,7,242,0.0289,10.33
2026-04-08,roas dashboard,/insights,USA,MOBILE,WEB,Non-Brand,25,632,0.0396,5.01
2026-04-08,marketing roi,/blog/marketing-roi,India,DESKTOP,WEB,Non-Brand,19,796,0.0239,26.1
2026-04-09,marketing analytics dashboard,/insights,UK,DESKTOP,WEB,Brand,13,545,0.0239,18.18
2026-04-09,digital marketing agency,/blog/digital-marketing-agency,USA,DESKTOP,WEB,Non-Brand,29,638,0.0455,4.19
2026-04-09,marketing performance dashboard,/insights,India,DESKTOP,WEB,Non-Brand,32,776,0.0412,29.68
2026-04-09,best marketing dashboard,/insights,USA,TABLET,WEB,Non-Brand,10,504,0.0198,6.93
2026-04-09,google ads roi,/blog/google-ads-roi,India,DESKTOP,WEB,Non-Brand,55,736,0.0747,5.62
2026-04-09,meta ads roi,/blog/meta-ads-roi,USA,DESKTOP,WEB,Non-Brand,4,119,0.0336,29.45
2026-04-09,linkedin ads analytics,/insights,UK,DESKTOP,WEB,Non-Brand,36,842,0.0428,33.22
2026-04-09,marketing kpi dashboard,/insights,India,DESKTOP,WEB,Non-Brand,17,327,0.052,30.77
2026-04-09,campaign roi calculator,/blog/campaign-roi-calculator,India,DESKTOP,WEB,Non-Brand,36,412,0.0874,7.04
2026-04-09,marketing reporting tools,/blog/marketing-reporting-tools,USA,DESKTOP,WEB,Non-Brand,5,137,0.0365,22.45
2026-04-09,marketing attribution,/blog/marketing-attribution,UK,DESKTOP,WEB,Non-Brand,16,842,0.019,21.17
2026-04-09,performance marketing analytics,/insights,USA,MOBILE,WEB,Non-Brand,16,635,0.0252,23.94
2026-04-09,paid media dashboard,/insights,USA,MOBILE,WEB,Non-Brand,26,846,0.0307,7.76
2026-04-09,marketing data pipeline,/blog/marketing-data-pipeline,USA,DESKTOP,WEB,Non-Brand,24,338,0.071,34.21
2026-04-09,digital campaign analytics,/insights,Canada,DESKTOP,WEB,Non-Brand,7,81,0.0864,25.55
2026-04-09,marketing insights,/blog/marketing-insights,India,MOBILE,WEB,Non-Brand,24,263,0.0913,28.09
2026-04-09,seo marketing dashboard,/insights,India,MOBILE,WEB,Non-Brand,21,488,0.043,8.3
2026-04-09,customer acquisition cost,/blog/customer-acquisition-cost,India,MOBILE,WEB,Non-Brand,3,102,0.0294,12.66
2026-04-09,roas dashboard,/insights,Canada,MOBILE,WEB,Non-Brand,43,461,0.0933,23.87
2026-04-09,marketing roi,/blog/marketing-roi,USA,DESKTOP,WEB,Non-Brand,9,236,0.0381,20.25
2026-04-10,marketing analytics dashboard,/insights,USA,DESKTOP,WEB,Brand,51,547,0.0932,13.2
2026-04-10,digital marketing agency,/blog/digital-marketing-agency,India,MOBILE,WEB,Non-Brand,45,673,0.0669,34.23
2026-04-10,marketing performance dashboard,/insights,USA,DESKTOP,WEB,Non-Brand,5,228,0.0219,5.65
2026-04-10,best marketing dashboard,/insights,Canada,TABLET,WEB,Non-Brand,23,518,0.0444,18.1
2026-04-10,google ads roi,/blog/google-ads-roi,USA,DESKTOP,WEB,Non-Brand,2,159,0.0126,20.56
2026-04-10,meta ads roi,/blog/meta-ads-roi,India,DESKTOP,WEB,Non-Brand,25,764,0.0327,29.47
2026-04-10,linkedin ads analytics,/insights,India,MOBILE,WEB,Non-Brand,11,792,0.0139,5.16
2026-04-10,marketing kpi dashboard,/insights,USA,DESKTOP,WEB,Non-Brand,10,135,0.0741,11.16
2026-04-10,campaign roi calculator,/blog/campaign-roi-calculator,USA,DESKTOP,WEB,Non-Brand,6,292,0.0205,31.5
2026-04-10,marketing reporting tools,/blog/marketing-reporting-tools,USA,DESKTOP,WEB,Non-Brand,35,420,0.0833,5.77
2026-04-10,marketing attribution,/blog/marketing-attribution,India,MOBILE,WEB,Non-Brand,49,769,0.0637,29.52
2026-04-10,performance marketing analytics,/insights,UK,MOBILE,WEB,Non-Brand,2,99,0.0202,6.77
2026-04-10,paid media dashboard,/insights,Canada,MOBILE,WEB,Non-Brand,59,712,0.0829,33.25
2026-04-10,marketing data pipeline,/blog/marketing-data-pipeline,USA,MOBILE,WEB,Non-Brand,3,206,0.0146,20.21
2026-04-10,digital campaign analytics,/insights,USA,MOBILE,WEB,Non-Brand,62,819,0.0757,22.95
2026-04-10,marketing insights,/blog/marketing-insights,India,MOBILE,WEB,Non-Brand,12,673,0.0178,28.97
2026-04-10,seo marketing dashboard,/insights,UK,MOBILE,WEB,Non-Brand,7,378,0.0185,13.3
2026-04-10,customer acquisition cost,/blog/customer-acquisition-cost,Canada,DESKTOP,WEB,Non-Brand,19,396,0.048,19.61
2026-04-10,roas dashboard,/insights,USA,MOBILE,WEB,Non-Brand,20,493,0.0406,9.68
2026-04-10,marketing roi,/blog/marketing-roi,USA,DESKTOP,WEB,Non-Brand,34,360,0.0944,10.87
2026-04-11,marketing analytics dashboard,/insights,UK,DESKTOP,WEB,Brand,22,681,0.0323,12.59
2026-04-11,digital marketing agency,/blog/digital-marketing-agency,USA,MOBILE,WEB,Non-Brand,15,234,0.0641,2.98
2026-04-11,marketing performance dashboard,/insights,USA,MOBILE,WEB,Non-Brand,6,148,0.0405,9.79
2026-04-11,best marketing dashboard,/insights,USA,DESKTOP,WEB,Non-Brand,13,356,0.0365,27.57
2026-04-11,google ads roi,/blog/google-ads-roi,Canada,DESKTOP,WEB,Non-Brand,8,161,0.0497,19.64
2026-04-11,meta ads roi,/blog/meta-ads-roi,USA,MOBILE,WEB,Non-Brand,9,296,0.0304,24.62
2026-04-11,linkedin ads analytics,/insights,USA,DESKTOP,WEB,Non-Brand,15,768,0.0195,3.66
2026-04-11,marketing kpi dashboard,/insights,India,DESKTOP,WEB,Non-Brand,16,273,0.0586,27.53
2026-04-11,campaign roi calculator,/blog/campaign-roi-calculator,USA,DESKTOP,WEB,Non-Brand,68,837,0.0812,32.9
2026-04-11,marketing reporting tools,/blog/marketing-reporting-tools,USA,DESKTOP,WEB,Non-Brand,16,487,0.0329,16.04
2026-04-11,marketing attribution,/blog/marketing-attribution,USA,MOBILE,WEB,Non-Brand,5,128,0.0391,14.81
2026-04-11,performance marketing analytics,/insights,USA,DESKTOP,WEB,Non-Brand,49,524,0.0935,29.83
2026-04-11,paid media dashboard,/insights,USA,DESKTOP,WEB,Non-Brand,19,309,0.0615,10.01
2026-04-11,marketing data pipeline,/blog/marketing-data-pipeline,USA,DESKTOP,WEB,Non-Brand,12,153,0.0784,16.04
2026-04-11,digital campaign analytics,/insights,USA,DESKTOP,WEB,Non-Brand,27,611,0.0442,29.89
2026-04-11,marketing insights,/blog/marketing-insights,USA,MOBILE,WEB,Non-Brand,75,853,0.0879,24.6
2026-04-11,seo marketing dashboard,/insights,India,DESKTOP,WEB,Non-Brand,18,391,0.046,7.34
2026-04-11,customer acquisition cost,/blog/customer-acquisition-cost,UK,DESKTOP,WEB,Non-Brand,11,701,0.0157,16.93
2026-04-11,roas dashboard,/insights,USA,DESKTOP,WEB,Non-Brand,62,700,0.0886,21.14
2026-04-11,marketing roi,/blog/marketing-roi,USA,DESKTOP,WEB,Non-Brand,60,838,0.0716,13.14
2026-04-12,marketing analytics dashboard,/insights,USA,DESKTOP,WEB,Brand,6,354,0.0169,9.54
2026-04-12,digital marketing agency,/blog/digital-marketing-agency,UK,DESKTOP,WEB,Non-Brand,7,106,0.066,8.88
2026-04-12,marketing performance dashboard,/insights,India,DESKTOP,WEB,Non-Brand,6,88,0.0682,4.75
2026-04-12,best marketing dashboard,/insights,USA,MOBILE,WEB,Non-Brand,17,487,0.0349,12.15
2026-04-12,google ads roi,/blog/google-ads-roi,UK,DESKTOP,WEB,Non-Brand,32,580,0.0552,26.89
2026-04-12,meta ads roi,/blog/meta-ads-roi,USA,DESKTOP,WEB,Non-Brand,3,85,0.0353,34.02
2026-04-12,linkedin ads analytics,/insights,USA,MOBILE,WEB,Non-Brand,6,126,0.0476,29.27
2026-04-12,marketing kpi dashboard,/insights,USA,TABLET,WEB,Non-Brand,45,658,0.0684,15.81
2026-04-12,campaign roi calculator,/blog/campaign-roi-calculator,USA,DESKTOP,WEB,Non-Brand,31,565,0.0549,23.84
2026-04-12,marketing reporting tools,/blog/marketing-reporting-tools,USA,DESKTOP,WEB,Non-Brand,38,537,0.0708,8.49
2026-04-12,marketing attribution,/blog/marketing-attribution,USA,MOBILE,WEB,Non-Brand,25,320,0.0781,33.18
2026-04-12,performance marketing analytics,/insights,USA,DESKTOP,WEB,Non-Brand,45,647,0.0696,17.32
2026-04-12,paid media dashboard,/insights,India,MOBILE,WEB,Non-Brand,73,820,0.089,26.55
2026-04-12,marketing data pipeline,/blog/marketing-data-pipeline,India,DESKTOP,WEB,Non-Brand,50,646,0.0774,6.5
2026-04-12,digital campaign analytics,/insights,India,DESKTOP,WEB,Non-Brand,9,360,0.025,19.71
2026-04-12,marketing insights,/blog/marketing-insights,Canada,MOBILE,WEB,Non-Brand,37,419,0.0883,3.02
2026-04-12,seo marketing dashboard,/insights,UK,DESKTOP,WEB,Non-Brand,6,98,0.0612,13.6
2026-04-12,customer acquisition cost,/blog/customer-acquisition-cost,India,MOBILE,WEB,Non-Brand,11,621,0.0177,24.56
2026-04-12,roas dashboard,/insights,UK,MOBILE,WEB,Non-Brand,77,861,0.0894,13.27
2026-04-12,marketing roi,/blog/marketing-roi,India,DESKTOP,WEB,Non-Brand,57,857,0.0665,26.85
2026-04-13,marketing analytics dashboard,/insights,USA,MOBILE,WEB,Brand,17,452,0.0376,25.5
2026-04-13,digital marketing agency,/blog/digital-marketing-agency,India,MOBILE,WEB,Non-Brand,33,718,0.046,18.29
2026-04-13,marketing performance dashboard,/insights,India,DESKTOP,WEB,Non-Brand,10,171,0.0585,27.92
2026-04-13,best marketing dashboard,/insights,UK,MOBILE,WEB,Non-Brand,67,893,0.075,18.06
2026-04-13,google ads roi,/blog/google-ads-roi,UK,TABLET,WEB,Non-Brand,63,872,0.0722,6.92
2026-04-13,meta ads roi,/blog/meta-ads-roi,India,DESKTOP,WEB,Non-Brand,14,893,0.0157,16.69
2026-04-13,linkedin ads analytics,/insights,USA,TABLET,WEB,Non-Brand,70,868,0.0806,29.46
2026-04-13,marketing kpi dashboard,/insights,USA,MOBILE,WEB,Non-Brand,77,879,0.0876,17.69
2026-04-13,campaign roi calculator,/blog/campaign-roi-calculator,USA,MOBILE,WEB,Non-Brand,41,468,0.0876,10.99
2026-04-13,marketing reporting tools,/blog/marketing-reporting-tools,USA,DESKTOP,WEB,Non-Brand,13,169,0.0769,18.38
2026-04-13,marketing attribution,/blog/marketing-attribution,UK,MOBILE,WEB,Non-Brand,4,84,0.0476,15.19
2026-04-13,performance marketing analytics,/insights,USA,MOBILE,WEB,Non-Brand,36,826,0.0436,20.67
2026-04-13,paid media dashboard,/insights,UK,MOBILE,WEB,Non-Brand,30,623,0.0482,17.5
2026-04-13,marketing data pipeline,/blog/marketing-data-pipeline,India,MOBILE,WEB,Non-Brand,6,427,0.0141,4.03
2026-04-13,digital campaign analytics,/insights,UK,DESKTOP,WEB,Non-Brand,11,257,0.0428,8.87
2026-04-13,marketing insights,/blog/marketing-insights,USA,DESKTOP,WEB,Non-Brand,13,241,0.0539,9.95
2026-04-13,seo marketing dashboard,/insights,India,MOBILE,WEB,Non-Brand,13,266,0.0489,33.23
2026-04-13,customer acquisition cost,/blog/customer-acquisition-cost,Canada,TABLET,WEB,Non-Brand,48,899,0.0534,9.5
2026-04-13,roas dashboard,/insights,USA,DESKTOP,WEB,Non-Brand,25,291,0.0859,3.32
2026-04-13,marketing roi,/blog/marketing-roi,USA,DESKTOP,WEB,Non-Brand,10,282,0.0355,18.99
2026-04-14,marketing analytics dashboard,/insights,UK,DESKTOP,WEB,Brand,22,758,0.029,16.95
2026-04-14,digital marketing agency,/blog/digital-marketing-agency,USA,DESKTOP,WEB,Non-Brand,43,764,0.0563,8.18
2026-04-14,marketing performance dashboard,/insights,USA,DESKTOP,WEB,Non-Brand,38,655,0.058,22.61
2026-04-14,best marketing dashboard,/insights,India,DESKTOP,WEB,Non-Brand,45,669,0.0673,27.08
2026-04-14,google ads roi,/blog/google-ads-roi,USA,MOBILE,WEB,Non-Brand,6,99,0.0606,16.66
2026-04-14,meta ads roi,/blog/meta-ads-roi,India,MOBILE,WEB,Non-Brand,3,126,0.0238,11.03
2026-04-14,linkedin ads analytics,/insights,USA,DESKTOP,WEB,Non-Brand,12,287,0.0418,18.43
2026-04-14,marketing kpi dashboard,/insights,USA,MOBILE,WEB,Non-Brand,6,222,0.027,11.64
2026-04-14,campaign roi calculator,/blog/campaign-roi-calculator,USA,DESKTOP,WEB,Non-Brand,13,475,0.0274,13.82
2026-04-14,marketing reporting tools,/blog/marketing-reporting-tools,USA,MOBILE,WEB,Non-Brand,9,129,0.0698,14.08
2026-04-14,marketing attribution,/blog/marketing-attribution,UK,DESKTOP,WEB,Non-Brand,55,654,0.0841,7.34
2026-04-14,performance marketing analytics,/insights,USA,MOBILE,WEB,Non-Brand,50,556,0.0899,8.74
2026-04-14,paid media dashboard,/insights,UK,DESKTOP,WEB,Non-Brand,19,358,0.0531,20.82
2026-04-14,marketing data pipeline,/blog/marketing-data-pipeline,USA,DESKTOP,WEB,Non-Brand,7,84,0.0833,31.99
2026-04-14,digital campaign analytics,/insights,USA,DESKTOP,WEB,Non-Brand,16,521,0.0307,16.71
2026-04-14,marketing insights,/blog/marketing-insights,USA,DESKTOP,WEB,Non-Brand,9,170,0.0529,15.96
2026-04-14,seo marketing dashboard,/insights,India,DESKTOP,WEB,Non-Brand,13,217,0.0599,30.98
2026-04-14,customer acquisition cost,/blog/customer-acquisition-cost,UK,DESKTOP,WEB,Non-Brand,11,226,0.0487,3.83
2026-04-14,roas dashboard,/insights,USA,DESKTOP,WEB,Non-Brand,10,149,0.0671,7.3
2026-04-14,marketing roi,/blog/marketing-roi,UK,MOBILE,WEB,Non-Brand,18,455,0.0396,32.26
2026-04-15,marketing analytics dashboard,/insights,USA,DESKTOP,WEB,Brand,9,374,0.0241,12.29
2026-04-15,digital marketing agency,/blog/digital-marketing-agency,UK,MOBILE,WEB,Non-Brand,28,437,0.0641,34.17
2026-04-15,marketing performance dashboard,/insights,India,DESKTOP,WEB,Non-Brand,61,834,0.0731,24.27
2026-04-15,best marketing dashboard,/insights,USA,MOBILE,WEB,Non-Brand,56,709,0.079,9.69
2026-04-15,google ads roi,/blog/google-ads-roi,Canada,TABLET,WEB,Non-Brand,15,652,0.023,24.95
2026-04-15,meta ads roi,/blog/meta-ads-roi,UK,DESKTOP,WEB,Non-Brand,24,459,0.0523,10.54
2026-04-15,linkedin ads analytics,/insights,USA,TABLET,WEB,Non-Brand,22,299,0.0736,19.78
2026-04-15,marketing kpi dashboard,/insights,USA,DESKTOP,WEB,Non-Brand,19,782,0.0243,5.79
2026-04-15,campaign roi calculator,/blog/campaign-roi-calculator,Canada,DESKTOP,WEB,Non-Brand,36,536,0.0672,16.09
2026-04-15,marketing reporting tools,/blog/marketing-reporting-tools,India,MOBILE,WEB,Non-Brand,8,464,0.0172,6.83
2026-04-15,marketing attribution,/blog/marketing-attribution,Canada,MOBILE,WEB,Non-Brand,49,728,0.0673,6.76
2026-04-15,performance marketing analytics,/insights,USA,MOBILE,WEB,Non-Brand,7,258,0.0271,7.64
2026-04-15,paid media dashboard,/insights,USA,MOBILE,WEB,Non-Brand,8,185,0.0432,30.87
2026-04-15,marketing data pipeline,/blog/marketing-data-pipeline,USA,MOBILE,WEB,Non-Brand,39,680,0.0574,20.92
2026-04-15,digital campaign analytics,/insights,India,MOBILE,WEB,Non-Brand,13,612,0.0212,32.53
2026-04-15,marketing insights,/blog/marketing-insights,Canada,MOBILE,WEB,Non-Brand,12,379,0.0317,22.42
2026-04-15,seo marketing dashboard,/insights,Canada,MOBILE,WEB,Non-Brand,25,503,0.0497,27.17
2026-04-15,customer acquisition cost,/blog/customer-acquisition-cost,India,DESKTOP,WEB,Non-Brand,21,777,0.027,14.43
2026-04-15,roas dashboard,/insights,India,DESKTOP,WEB,Non-Brand,17,496,0.0343,29.32
2026-04-15,marketing roi,/blog/marketing-roi,Canada,DESKTOP,WEB,Non-Brand,48,526,0.0913,4.81
2026-04-16,marketing analytics dashboard,/insights,USA,DESKTOP,WEB,Brand,12,677,0.0177,12.04
2026-04-16,digital marketing agency,/blog/digital-marketing-agency,USA,MOBILE,WEB,Non-Brand,21,848,0.0248,31.94
2026-04-16,marketing performance dashboard,/insights,India,DESKTOP,WEB,Non-Brand,30,785,0.0382,7.28
2026-04-16,best marketing dashboard,/insights,UK,DESKTOP,WEB,Non-Brand,20,283,0.0707,31.34
2026-04-16,google ads roi,/blog/google-ads-roi,India,MOBILE,WEB,Non-Brand,8,282,0.0284,15.93
2026-04-16,meta ads roi,/blog/meta-ads-roi,India,MOBILE,WEB,Non-Brand,12,158,0.0759,21.16
2026-04-16,linkedin ads analytics,/insights,USA,MOBILE,WEB,Non-Brand,8,102,0.0784,23.95
2026-04-16,marketing kpi dashboard,/insights,USA,DESKTOP,WEB,Non-Brand,16,449,0.0356,9.17
2026-04-16,campaign roi calculator,/blog/campaign-roi-calculator,Canada,DESKTOP,WEB,Non-Brand,3,246,0.0122,16.06
2026-04-16,marketing reporting tools,/blog/marketing-reporting-tools,USA,MOBILE,WEB,Non-Brand,8,567,0.0141,17.85
2026-04-16,marketing attribution,/blog/marketing-attribution,USA,TABLET,WEB,Non-Brand,23,404,0.0569,3.3
2026-04-16,performance marketing analytics,/insights,USA,TABLET,WEB,Non-Brand,16,360,0.0444,31.54
2026-04-16,paid media dashboard,/insights,USA,DESKTOP,WEB,Non-Brand,15,177,0.0847,9.44
2026-04-16,marketing data pipeline,/blog/marketing-data-pipeline,UK,MOBILE,WEB,Non-Brand,12,290,0.0414,11.52
2026-04-16,digital campaign analytics,/insights,Canada,DESKTOP,WEB,Non-Brand,5,366,0.0137,13.8
2026-04-16,marketing insights,/blog/marketing-insights,India,DESKTOP,WEB,Non-Brand,18,799,0.0225,12.4
2026-04-16,seo marketing dashboard,/insights,USA,DESKTOP,WEB,Non-Brand,76,886,0.0858,34.45
2026-04-16,customer acquisition cost,/blog/customer-acquisition-cost,USA,MOBILE,WEB,Non-Brand,18,247,0.0729,13.13
2026-04-16,roas dashboard,/insights,USA,DESKTOP,WEB,Non-Brand,62,843,0.0735,13.68
2026-04-16,marketing roi,/blog/marketing-roi,UK,DESKTOP,WEB,Non-Brand,25,268,0.0933,4.1
2026-04-17,marketing analytics dashboard,/insights,India,DESKTOP,WEB,Brand,13,226,0.0575,19.79
2026-04-17,digital marketing agency,/blog/digital-marketing-agency,UK,TABLET,WEB,Non-Brand,34,534,0.0637,9.05
2026-04-17,marketing performance dashboard,/insights,India,DESKTOP,WEB,Non-Brand,45,679,0.0663,10.66
2026-04-17,best marketing dashboard,/insights,Canada,DESKTOP,WEB,Non-Brand,3,237,0.0127,12.44
2026-04-17,google ads roi,/blog/google-ads-roi,UK,MOBILE,WEB,Non-Brand,65,872,0.0745,18.58
2026-04-17,meta ads roi,/blog/meta-ads-roi,India,DESKTOP,WEB,Non-Brand,23,343,0.0671,19.55
2026-04-17,linkedin ads analytics,/insights,USA,MOBILE,WEB,Non-Brand,20,325,0.0615,15.49
2026-04-17,marketing kpi dashboard,/insights,USA,DESKTOP,WEB,Non-Brand,13,534,0.0243,9.74
2026-04-17,campaign roi calculator,/blog/campaign-roi-calculator,India,DESKTOP,WEB,Non-Brand,3,157,0.0191,11.77
2026-04-17,marketing reporting tools,/blog/marketing-reporting-tools,India,MOBILE,WEB,Non-Brand,3,114,0.0263,32.84
2026-04-17,marketing attribution,/blog/marketing-attribution,India,MOBILE,WEB,Non-Brand,12,826,0.0145,7.28
2026-04-17,performance marketing analytics,/insights,USA,DESKTOP,WEB,Non-Brand,22,778,0.0283,23.59
2026-04-17,paid media dashboard,/insights,India,DESKTOP,WEB,Non-Brand,27,640,0.0422,17.24
2026-04-17,marketing data pipeline,/blog/marketing-data-pipeline,UK,MOBILE,WEB,Non-Brand,41,864,0.0475,20.04
2026-04-17,digital campaign analytics,/insights,India,DESKTOP,WEB,Non-Brand,33,398,0.0829,34.18
2026-04-17,marketing insights,/blog/marketing-insights,USA,DESKTOP,WEB,Non-Brand,42,889,0.0472,11.3
2026-04-17,seo marketing dashboard,/insights,USA,TABLET,WEB,Non-Brand,23,496,0.0464,28.76
2026-04-17,customer acquisition cost,/blog/customer-acquisition-cost,India,MOBILE,WEB,Non-Brand,21,302,0.0695,34.8
2026-04-17,roas dashboard,/insights,India,MOBILE,WEB,Non-Brand,20,308,0.0649,23.68
2026-04-17,marketing roi,/blog/marketing-roi,India,MOBILE,WEB,Non-Brand,53,586,0.0904,15.8
2026-04-18,marketing analytics dashboard,/insights,India,DESKTOP,WEB,Brand,34,375,0.0907,22.43
2026-04-18,digital marketing agency,/blog/digital-marketing-agency,USA,TABLET,WEB,Non-Brand,12,397,0.0302,24.68
2026-04-18,marketing performance dashboard,/insights,USA,MOBILE,WEB,Non-Brand,65,827,0.0786,17.84
2026-04-18,best marketing dashboard,/insights,India,MOBILE,WEB,Non-Brand,55,787,0.0699,2.97
2026-04-18,google ads roi,/blog/google-ads-roi,USA,DESKTOP,WEB,Non-Brand,33,481,0.0686,23.39
2026-04-18,meta ads roi,/blog/meta-ads-roi,India,DESKTOP,WEB,Non-Brand,19,301,0.0631,4.86
2026-04-18,linkedin ads analytics,/insights,Canada,MOBILE,WEB,Non-Brand,13,222,0.0586,34.13
2026-04-18,marketing kpi dashboard,/insights,USA,MOBILE,WEB,Non-Brand,38,520,0.0731,14.3
2026-04-18,campaign roi calculator,/blog/campaign-roi-calculator,UK,DESKTOP,WEB,Non-Brand,19,421,0.0451,24.45
2026-04-18,marketing reporting tools,/blog/marketing-reporting-tools,USA,DESKTOP,WEB,Non-Brand,7,464,0.0151,34.49
2026-04-18,marketing attribution,/blog/marketing-attribution,India,DESKTOP,WEB,Non-Brand,8,354,0.0226,22.91
2026-04-18,performance marketing analytics,/insights,UK,MOBILE,WEB,Non-Brand,47,888,0.0529,25.15
2026-04-18,paid media dashboard,/insights,USA,TABLET,WEB,Non-Brand,12,544,0.0221,12.25
2026-04-18,marketing data pipeline,/blog/marketing-data-pipeline,India,TABLET,WEB,Non-Brand,16,296,0.0541,9.22
2026-04-18,digital campaign analytics,/insights,USA,DESKTOP,WEB,Non-Brand,34,394,0.0863,5.42
2026-04-18,marketing insights,/blog/marketing-insights,USA,MOBILE,WEB,Non-Brand,17,215,0.0791,2.98
2026-04-18,seo marketing dashboard,/insights,India,DESKTOP,WEB,Non-Brand,56,657,0.0852,33.32
2026-04-18,customer acquisition cost,/blog/customer-acquisition-cost,India,MOBILE,WEB,Non-Brand,4,215,0.0186,29.3
2026-04-18,roas dashboard,/insights,India,DESKTOP,WEB,Non-Brand,46,896,0.0513,5.78
2026-04-18,marketing roi,/blog/marketing-roi,USA,MOBILE,WEB,Non-Brand,5,89,0.0562,31.58
2026-04-19,marketing analytics dashboard,/insights,USA,MOBILE,WEB,Brand,56,827,0.0677,29.41
2026-04-19,digital marketing agency,/blog/digital-marketing-agency,UK,DESKTOP,WEB,Non-Brand,48,734,0.0654,24.84
2026-04-19,marketing performance dashboard,/insights,USA,MOBILE,WEB,Non-Brand,15,579,0.0259,23.52
2026-04-19,best marketing dashboard,/insights,USA,MOBILE,WEB,Non-Brand,50,887,0.0564,12.55
2026-04-19,google ads roi,/blog/google-ads-roi,USA,DESKTOP,WEB,Non-Brand,6,143,0.042,31.57
2026-04-19,meta ads roi,/blog/meta-ads-roi,India,MOBILE,WEB,Non-Brand,26,698,0.0372,4.99
2026-04-19,linkedin ads analytics,/insights,USA,MOBILE,WEB,Non-Brand,36,588,0.0612,3.14
2026-04-19,marketing kpi dashboard,/insights,USA,DESKTOP,WEB,Non-Brand,8,346,0.0231,27.36
2026-04-19,campaign roi calculator,/blog/campaign-roi-calculator,India,MOBILE,WEB,Non-Brand,52,630,0.0825,20.26
2026-04-19,marketing reporting tools,/blog/marketing-reporting-tools,Canada,DESKTOP,WEB,Non-Brand,70,883,0.0793,28.67
2026-04-19,marketing attribution,/blog/marketing-attribution,UK,DESKTOP,WEB,Non-Brand,44,559,0.0787,9.44
2026-04-19,performance marketing analytics,/insights,USA,TABLET,WEB,Non-Brand,19,389,0.0488,23.6
2026-04-19,paid media dashboard,/insights,USA,DESKTOP,WEB,Non-Brand,8,289,0.0277,34.84
2026-04-19,marketing data pipeline,/blog/marketing-data-pipeline,UK,MOBILE,WEB,Non-Brand,14,238,0.0588,5.63
2026-04-19,digital campaign analytics,/insights,India,MOBILE,WEB,Non-Brand,22,272,0.0809,24.9
2026-04-19,marketing insights,/blog/marketing-insights,USA,MOBILE,WEB,Non-Brand,8,595,0.0134,14.92
2026-04-19,seo marketing dashboard,/insights,USA,DESKTOP,WEB,Non-Brand,57,728,0.0783,34.75
2026-04-19,customer acquisition cost,/blog/customer-acquisition-cost,USA,MOBILE,WEB,Non-Brand,3,84,0.0357,11.73
2026-04-19,roas dashboard,/insights,USA,MOBILE,WEB,Non-Brand,17,525,0.0324,23.38
2026-04-19,marketing roi,/blog/marketing-roi,India,DESKTOP,WEB,Non-Brand,25,475,0.0526,3.6
2026-04-20,marketing analytics dashboard,/insights,USA,TABLET,WEB,Brand,39,581,0.0671,5.14
2026-04-20,digital marketing agency,/blog/digital-marketing-agency,USA,DESKTOP,WEB,Non-Brand,11,872,0.0126,29.02
2026-04-20,marketing performance dashboard,/insights,USA,DESKTOP,WEB,Non-Brand,17,284,0.0599,3.13
2026-04-20,best marketing dashboard,/insights,USA,MOBILE,WEB,Non-Brand,3,96,0.0312,33.33
2026-04-20,google ads roi,/blog/google-ads-roi,UK,MOBILE,WEB,Non-Brand,37,761,0.0486,33.73
2026-04-20,meta ads roi,/blog/meta-ads-roi,Canada,MOBILE,WEB,Non-Brand,42,603,0.0697,12.91
2026-04-20,linkedin ads analytics,/insights,India,MOBILE,WEB,Non-Brand,10,207,0.0483,26.12
2026-04-20,marketing kpi dashboard,/insights,USA,DESKTOP,WEB,Non-Brand,9,131,0.0687,22.93
2026-04-20,campaign roi calculator,/blog/campaign-roi-calculator,Canada,MOBILE,WEB,Non-Brand,18,255,0.0706,5.01
2026-04-20,marketing reporting tools,/blog/marketing-reporting-tools,India,DESKTOP,WEB,Non-Brand,26,787,0.033,9.07
2026-04-20,marketing attribution,/blog/marketing-attribution,India,DESKTOP,WEB,Non-Brand,6,525,0.0114,18.82
2026-04-20,performance marketing analytics,/insights,USA,MOBILE,WEB,Non-Brand,7,268,0.0261,9.94
2026-04-20,paid media dashboard,/insights,India,MOBILE,WEB,Non-Brand,13,336,0.0387,14.49
2026-04-20,marketing data pipeline,/blog/marketing-data-pipeline,USA,MOBILE,WEB,Non-Brand,50,674,0.0742,16.71
2026-04-20,digital campaign analytics,/insights,USA,MOBILE,WEB,Non-Brand,46,604,0.0762,26.31
2026-04-20,marketing insights,/blog/marketing-insights,USA,DESKTOP,WEB,Non-Brand,13,519,0.025,30.63
2026-04-20,seo marketing dashboard,/insights,India,DESKTOP,WEB,Non-Brand,18,548,0.0328,17.43
2026-04-20,customer acquisition cost,/blog/customer-acquisition-cost,USA,DESKTOP,WEB,Non-Brand,54,585,0.0923,22.35
2026-04-20,roas dashboard,/insights,USA,DESKTOP,WEB,Non-Brand,35,626,0.0559,25.46
2026-04-20,marketing roi,/blog/marketing-roi,India,DESKTOP,WEB,Non-Brand,33,663,0.0498,6.99
2026-04-21,marketing analytics dashboard,/insights,UK,DESKTOP,WEB,Brand,59,718,0.0822,20.72
2026-04-21,digital marketing agency,/blog/digital-marketing-agency,UK,MOBILE,WEB,Non-Brand,10,600,0.0167,9.12
2026-04-21,marketing performance dashboard,/insights,UK,DESKTOP,WEB,Non-Brand,12,257,0.0467,23.53
2026-04-21,best marketing dashboard,/insights,USA,DESKTOP,WEB,Non-Brand,13,338,0.0385,5.3
2026-04-21,google ads roi,/blog/google-ads-roi,USA,DESKTOP,WEB,Non-Brand,7,380,0.0184,14.6
2026-04-21,meta ads roi,/blog/meta-ads-roi,USA,MOBILE,WEB,Non-Brand,18,603,0.0299,20.75
2026-04-21,linkedin ads analytics,/insights,USA,DESKTOP,WEB,Non-Brand,71,857,0.0828,34.77
2026-04-21,marketing kpi dashboard,/insights,USA,TABLET,WEB,Non-Brand,11,567,0.0194,7.3
2026-04-21,campaign roi calculator,/blog/campaign-roi-calculator,India,DESKTOP,WEB,Non-Brand,31,436,0.0711,20.84
2026-04-21,marketing reporting tools,/blog/marketing-reporting-tools,USA,DESKTOP,WEB,Non-Brand,39,711,0.0549,21.65
2026-04-21,marketing attribution,/blog/marketing-attribution,UK,DESKTOP,WEB,Non-Brand,9,131,0.0687,29.95
2026-04-21,performance marketing analytics,/insights,USA,DESKTOP,WEB,Non-Brand,6,147,0.0408,11.16
2026-04-21,paid media dashboard,/insights,UK,DESKTOP,WEB,Non-Brand,51,838,0.0609,20.42
2026-04-21,marketing data pipeline,/blog/marketing-data-pipeline,USA,DESKTOP,WEB,Non-Brand,44,767,0.0574,15.55
2026-04-21,digital campaign analytics,/insights,India,DESKTOP,WEB,Non-Brand,6,113,0.0531,16.59
2026-04-21,marketing insights,/blog/marketing-insights,USA,DESKTOP,WEB,Non-Brand,6,240,0.025,32.0
2026-04-21,seo marketing dashboard,/insights,India,MOBILE,WEB,Non-Brand,7,91,0.0769,16.89
2026-04-21,customer acquisition cost,/blog/customer-acquisition-cost,USA,MOBILE,WEB,Non-Brand,11,226,0.0487,20.71
2026-04-21,roas dashboard,/insights,USA,DESKTOP,WEB,Non-Brand,13,457,0.0284,3.33
2026-04-21,marketing roi,/blog/marketing-roi,USA,DESKTOP,WEB,Non-Brand,38,416,0.0913,3.18
2026-04-22,marketing analytics dashboard,/insights,USA,MOBILE,WEB,Brand,3,239,0.0126,17.26
2026-04-22,digital marketing agency,/blog/digital-marketing-agency,UK,DESKTOP,WEB,Non-Brand,1,87,0.0115,7.82
2026-04-22,marketing performance dashboard,/insights,UK,DESKTOP,WEB,Non-Brand,35,468,0.0748,29.77
2026-04-22,best marketing dashboard,/insights,Canada,DESKTOP,WEB,Non-Brand,36,544,0.0662,14.97
2026-04-22,google ads roi,/blog/google-ads-roi,India,DESKTOP,WEB,Non-Brand,23,736,0.0312,6.85
2026-04-22,meta ads roi,/blog/meta-ads-roi,UK,DESKTOP,WEB,Non-Brand,39,859,0.0454,17.51
2026-04-22,linkedin ads analytics,/insights,India,TABLET,WEB,Non-Brand,36,714,0.0504,17.37
2026-04-22,marketing kpi dashboard,/insights,UK,MOBILE,WEB,Non-Brand,8,114,0.0702,16.79
2026-04-22,campaign roi calculator,/blog/campaign-roi-calculator,UK,DESKTOP,WEB,Non-Brand,2,101,0.0198,26.55
2026-04-22,marketing reporting tools,/blog/marketing-reporting-tools,India,TABLET,WEB,Non-Brand,29,327,0.0887,12.16
2026-04-22,marketing attribution,/blog/marketing-attribution,Canada,MOBILE,WEB,Non-Brand,5,108,0.0463,21.12
2026-04-22,performance marketing analytics,/insights,USA,DESKTOP,WEB,Non-Brand,11,591,0.0186,16.71
2026-04-22,paid media dashboard,/insights,USA,MOBILE,WEB,Non-Brand,27,889,0.0304,12.69
2026-04-22,marketing data pipeline,/blog/marketing-data-pipeline,India,DESKTOP,WEB,Non-Brand,12,594,0.0202,15.34
2026-04-22,digital campaign analytics,/insights,India,MOBILE,WEB,Non-Brand,4,357,0.0112,25.19
2026-04-22,marketing insights,/blog/marketing-insights,UK,TABLET,WEB,Non-Brand,6,110,0.0545,31.21
2026-04-22,seo marketing dashboard,/insights,USA,MOBILE,WEB,Non-Brand,22,246,0.0894,24.55
2026-04-22,customer acquisition cost,/blog/customer-acquisition-cost,USA,TABLET,WEB,Non-Brand,66,697,0.0947,5.68
2026-04-22,roas dashboard,/insights,USA,DESKTOP,WEB,Non-Brand,14,496,0.0282,27.55
2026-04-22,marketing roi,/blog/marketing-roi,India,DESKTOP,WEB,Non-Brand,19,656,0.029,24.95
2026-04-23,marketing analytics dashboard,/insights,Canada,DESKTOP,WEB,Brand,53,579,0.0915,19.53
2026-04-23,digital marketing agency,/blog/digital-marketing-agency,USA,DESKTOP,WEB,Non-Brand,25,663,0.0377,13.81
2026-04-23,marketing performance dashboard,/insights,India,DESKTOP,WEB,Non-Brand,49,552,0.0888,14.46
2026-04-23,best marketing dashboard,/insights,India,MOBILE,WEB,Non-Brand,3,239,0.0126,6.45
2026-04-23,google ads roi,/blog/google-ads-roi,India,DESKTOP,WEB,Non-Brand,48,566,0.0848,16.01
2026-04-23,meta ads roi,/blog/meta-ads-roi,India,DESKTOP,WEB,Non-Brand,15,184,0.0815,4.0
2026-04-23,linkedin ads analytics,/insights,USA,DESKTOP,WEB,Non-Brand,28,378,0.0741,19.75
2026-04-23,marketing kpi dashboard,/insights,India,MOBILE,WEB,Non-Brand,36,390,0.0923,32.37
2026-04-23,campaign roi calculator,/blog/campaign-roi-calculator,USA,MOBILE,WEB,Non-Brand,13,240,0.0542,24.52
2026-04-23,marketing reporting tools,/blog/marketing-reporting-tools,USA,DESKTOP,WEB,Non-Brand,18,576,0.0312,23.9
2026-04-23,marketing attribution,/blog/marketing-attribution,India,MOBILE,WEB,Non-Brand,31,373,0.0831,3.3
2026-04-23,performance marketing analytics,/insights,Canada,DESKTOP,WEB,Non-Brand,39,457,0.0853,33.17
2026-04-23,paid media dashboard,/insights,Canada,DESKTOP,WEB,Non-Brand,9,131,0.0687,13.42
2026-04-23,marketing data pipeline,/blog/marketing-data-pipeline,India,MOBILE,WEB,Non-Brand,6,121,0.0496,24.55
2026-04-23,digital campaign analytics,/insights,USA,MOBILE,WEB,Non-Brand,57,660,0.0864,16.37
2026-04-23,marketing insights,/blog/marketing-insights,USA,MOBILE,WEB,Non-Brand,41,510,0.0804,6.35
2026-04-23,seo marketing dashboard,/insights,USA,MOBILE,WEB,Non-Brand,46,652,0.0706,2.8
2026-04-23,customer acquisition cost,/blog/customer-acquisition-cost,India,MOBILE,WEB,Non-Brand,21,456,0.0461,11.24
2026-04-23,roas dashboard,/insights,India,DESKTOP,WEB,Non-Brand,24,696,0.0345,25.74
2026-04-23,marketing roi,/blog/marketing-roi,Canada,DESKTOP,WEB,Non-Brand,6,434,0.0138,11.95
2026-04-24,marketing analytics dashboard,/insights,India,DESKTOP,WEB,Brand,3,203,0.0148,3.97
2026-04-24,digital marketing agency,/blog/digital-marketing-agency,USA,DESKTOP,WEB,Non-Brand,25,369,0.0678,23.77
2026-04-24,marketing performance dashboard,/insights,USA,MOBILE,WEB,Non-Brand,5,95,0.0526,25.63
2026-04-24,best marketing dashboard,/insights,USA,TABLET,WEB,Non-Brand,14,781,0.0179,27.2
2026-04-24,google ads roi,/blog/google-ads-roi,Canada,MOBILE,WEB,Non-Brand,26,512,0.0508,21.89
2026-04-24,meta ads roi,/blog/meta-ads-roi,UK,MOBILE,WEB,Non-Brand,24,621,0.0386,18.57
2026-04-24,linkedin ads analytics,/insights,USA,DESKTOP,WEB,Non-Brand,25,536,0.0466,29.87
2026-04-24,marketing kpi dashboard,/insights,India,MOBILE,WEB,Non-Brand,22,745,0.0295,16.96
2026-04-24,campaign roi calculator,/blog/campaign-roi-calculator,UK,MOBILE,WEB,Non-Brand,31,655,0.0473,30.09
2026-04-24,marketing reporting tools,/blog/marketing-reporting-tools,UK,MOBILE,WEB,Non-Brand,14,374,0.0374,21.75
2026-04-24,marketing attribution,/blog/marketing-attribution,India,MOBILE,WEB,Non-Brand,43,799,0.0538,11.95
2026-04-24,performance marketing analytics,/insights,USA,DESKTOP,WEB,Non-Brand,4,118,0.0339,31.51
2026-04-24,paid media dashboard,/insights,Canada,MOBILE,WEB,Non-Brand,6,146,0.0411,20.79
2026-04-24,marketing data pipeline,/blog/marketing-data-pipeline,India,DESKTOP,WEB,Non-Brand,8,147,0.0544,20.53
2026-04-24,digital campaign analytics,/insights,India,DESKTOP,WEB,Non-Brand,12,672,0.0179,15.48
2026-04-24,marketing insights,/blog/marketing-insights,UK,MOBILE,WEB,Non-Brand,10,438,0.0228,33.66
2026-04-24,seo marketing dashboard,/insights,USA,MOBILE,WEB,Non-Brand,9,142,0.0634,24.3
2026-04-24,customer acquisition cost,/blog/customer-acquisition-cost,USA,DESKTOP,WEB,Non-Brand,50,705,0.0709,4.99
2026-04-24,roas dashboard,/insights,India,MOBILE,WEB,Non-Brand,41,571,0.0718,7.62
2026-04-24,marketing roi,/blog/marketing-roi,USA,DESKTOP,WEB,Non-Brand,12,246,0.0488,24.3
2026-04-25,marketing analytics dashboard,/insights,India,DESKTOP,WEB,Brand,73,892,0.0818,14.26
2026-04-25,digital marketing agency,/blog/digital-marketing-agency,UK,TABLET,WEB,Non-Brand,9,195,0.0462,16.55
2026-04-25,marketing performance dashboard,/insights,India,DESKTOP,WEB,Non-Brand,32,791,0.0405,32.74
2026-04-25,best marketing dashboard,/insights,USA,MOBILE,WEB,Non-Brand,26,367,0.0708,19.37
2026-04-25,google ads roi,/blog/google-ads-roi,UK,DESKTOP,WEB,Non-Brand,26,724,0.0359,11.54
2026-04-25,meta ads roi,/blog/meta-ads-roi,UK,DESKTOP,WEB,Non-Brand,52,824,0.0631,19.46
2026-04-25,linkedin ads analytics,/insights,USA,DESKTOP,WEB,Non-Brand,7,317,0.0221,29.52
2026-04-25,marketing kpi dashboard,/insights,USA,DESKTOP,WEB,Non-Brand,34,438,0.0776,34.66
2026-04-25,campaign roi calculator,/blog/campaign-roi-calculator,Canada,DESKTOP,WEB,Non-Brand,46,670,0.0687,4.25
2026-04-25,marketing reporting tools,/blog/marketing-reporting-tools,USA,DESKTOP,WEB,Non-Brand,12,309,0.0388,9.35
2026-04-25,marketing attribution,/blog/marketing-attribution,India,DESKTOP,WEB,Non-Brand,27,644,0.0419,16.77
2026-04-25,performance marketing analytics,/insights,Canada,DESKTOP,WEB,Non-Brand,13,686,0.019,12.08
2026-04-25,paid media dashboard,/insights,India,DESKTOP,WEB,Non-Brand,6,411,0.0146,31.39
2026-04-25,marketing data pipeline,/blog/marketing-data-pipeline,UK,MOBILE,WEB,Non-Brand,50,780,0.0641,24.98
2026-04-25,digital campaign analytics,/insights,India,DESKTOP,WEB,Non-Brand,4,288,0.0139,12.5
2026-04-25,marketing insights,/blog/marketing-insights,USA,MOBILE,WEB,Non-Brand,74,821,0.0901,7.1
2026-04-25,seo marketing dashboard,/insights,India,MOBILE,WEB,Non-Brand,31,349,0.0888,25.73
2026-04-25,customer acquisition cost,/blog/customer-acquisition-cost,India,MOBILE,WEB,Non-Brand,10,556,0.018,15.77
2026-04-25,roas dashboard,/insights,India,DESKTOP,WEB,Non-Brand,6,109,0.055,4.1
2026-04-25,marketing roi,/blog/marketing-roi,UK,DESKTOP,WEB,Non-Brand,12,477,0.0252,3.31
2026-04-26,marketing analytics dashboard,/insights,USA,DESKTOP,WEB,Brand,49,889,0.0551,18.21
2026-04-26,digital marketing agency,/blog/digital-marketing-agency,India,TABLET,WEB,Non-Brand,20,480,0.0417,26.91
2026-04-26,marketing performance dashboard,/insights,USA,DESKTOP,WEB,Non-Brand,19,842,0.0226,18.59
2026-04-26,best marketing dashboard,/insights,USA,DESKTOP,WEB,Non-Brand,42,776,0.0541,6.42
2026-04-26,google ads roi,/blog/google-ads-roi,USA,TABLET,WEB,Non-Brand,22,401,0.0549,15.74
2026-04-26,meta ads roi,/blog/meta-ads-roi,USA,DESKTOP,WEB,Non-Brand,33,729,0.0453,28.24
2026-04-26,linkedin ads analytics,/insights,India,DESKTOP,WEB,Non-Brand,14,715,0.0196,32.88
2026-04-26,marketing kpi dashboard,/insights,India,DESKTOP,WEB,Non-Brand,26,728,0.0357,24.88
2026-04-26,campaign roi calculator,/blog/campaign-roi-calculator,USA,MOBILE,WEB,Non-Brand,71,818,0.0868,22.71
2026-04-26,marketing reporting tools,/blog/marketing-reporting-tools,India,DESKTOP,WEB,Non-Brand,27,691,0.0391,23.77
2026-04-26,marketing attribution,/blog/marketing-attribution,India,MOBILE,WEB,Non-Brand,39,527,0.074,21.0
2026-04-26,performance marketing analytics,/insights,USA,MOBILE,WEB,Non-Brand,52,590,0.0881,10.14
2026-04-26,paid media dashboard,/insights,Canada,DESKTOP,WEB,Non-Brand,42,608,0.0691,4.91
2026-04-26,marketing data pipeline,/blog/marketing-data-pipeline,Canada,MOBILE,WEB,Non-Brand,45,869,0.0518,29.73
2026-04-26,digital campaign analytics,/insights,UK,MOBILE,WEB,Non-Brand,35,751,0.0466,3.72
2026-04-26,marketing insights,/blog/marketing-insights,India,MOBILE,WEB,Non-Brand,55,680,0.0809,2.79
2026-04-26,seo marketing dashboard,/insights,India,MOBILE,WEB,Non-Brand,39,445,0.0876,13.57
2026-04-26,customer acquisition cost,/blog/customer-acquisition-cost,UK,MOBILE,WEB,Non-Brand,33,389,0.0848,6.73
2026-04-26,roas dashboard,/insights,USA,MOBILE,WEB,Non-Brand,22,528,0.0417,16.54
2026-04-26,marketing roi,/blog/marketing-roi,USA,DESKTOP,WEB,Non-Brand,19,310,0.0613,26.47
2026-04-27,marketing analytics dashboard,/insights,USA,DESKTOP,WEB,Brand,29,449,0.0646,4.85
2026-04-27,digital marketing agency,/blog/digital-marketing-agency,India,DESKTOP,WEB,Non-Brand,39,434,0.0899,14.17
2026-04-27,marketing performance dashboard,/insights,USA,MOBILE,WEB,Non-Brand,48,542,0.0886,29.3
2026-04-27,best marketing dashboard,/insights,India,MOBILE,WEB,Non-Brand,7,239,0.0293,31.95
2026-04-27,google ads roi,/blog/google-ads-roi,India,DESKTOP,WEB,Non-Brand,61,781,0.0781,20.45
2026-04-27,meta ads roi,/blog/meta-ads-roi,USA,DESKTOP,WEB,Non-Brand,20,329,0.0608,6.45
2026-04-27,linkedin ads analytics,/insights,India,TABLET,WEB,Non-Brand,21,391,0.0537,27.96
2026-04-27,marketing kpi dashboard,/insights,USA,MOBILE,WEB,Non-Brand,52,629,0.0827,10.21
2026-04-27,campaign roi calculator,/blog/campaign-roi-calculator,USA,DESKTOP,WEB,Non-Brand,2,125,0.016,30.53
2026-04-27,marketing reporting tools,/blog/marketing-reporting-tools,Canada,MOBILE,WEB,Non-Brand,15,306,0.049,26.21
2026-04-27,marketing attribution,/blog/marketing-attribution,UK,TABLET,WEB,Non-Brand,9,710,0.0127,18.46
2026-04-27,performance marketing analytics,/insights,India,MOBILE,WEB,Non-Brand,2,116,0.0172,29.55
2026-04-27,paid media dashboard,/insights,India,MOBILE,WEB,Non-Brand,15,464,0.0323,13.06
2026-04-27,marketing data pipeline,/blog/marketing-data-pipeline,UK,DESKTOP,WEB,Non-Brand,25,293,0.0853,14.94
2026-04-27,digital campaign analytics,/insights,India,DESKTOP,WEB,Non-Brand,2,114,0.0175,17.6
2026-04-27,marketing insights,/blog/marketing-insights,USA,TABLET,WEB,Non-Brand,19,348,0.0546,6.09
2026-04-27,seo marketing dashboard,/insights,India,DESKTOP,WEB,Non-Brand,32,433,0.0739,28.79
2026-04-27,customer acquisition cost,/blog/customer-acquisition-cost,USA,DESKTOP,WEB,Non-Brand,13,182,0.0714,10.81
2026-04-27,roas dashboard,/insights,USA,DESKTOP,WEB,Non-Brand,16,274,0.0584,26.11
2026-04-27,marketing roi,/blog/marketing-roi,UK,MOBILE,WEB,Non-Brand,4,89,0.0449,21.76
2026-04-28,marketing analytics dashboard,/insights,USA,DESKTOP,WEB,Brand,6,392,0.0153,6.77
2026-04-28,digital marketing agency,/blog/digital-marketing-agency,India,DESKTOP,WEB,Non-Brand,6,390,0.0154,24.24
2026-04-28,marketing performance dashboard,/insights,USA,DESKTOP,WEB,Non-Brand,2,160,0.0125,7.15
2026-04-28,best marketing dashboard,/insights,USA,DESKTOP,WEB,Non-Brand,30,359,0.0836,27.35
2026-04-28,google ads roi,/blog/google-ads-roi,Canada,MOBILE,WEB,Non-Brand,46,708,0.065,27.1
2026-04-28,meta ads roi,/blog/meta-ads-roi,UK,DESKTOP,WEB,Non-Brand,17,700,0.0243,30.33
2026-04-28,linkedin ads analytics,/insights,USA,DESKTOP,WEB,Non-Brand,22,812,0.0271,15.28
2026-04-28,marketing kpi dashboard,/insights,India,DESKTOP,WEB,Non-Brand,5,173,0.0289,16.83
2026-04-28,campaign roi calculator,/blog/campaign-roi-calculator,USA,DESKTOP,WEB,Non-Brand,33,551,0.0599,2.6
2026-04-28,marketing reporting tools,/blog/marketing-reporting-tools,India,DESKTOP,WEB,Non-Brand,72,838,0.0859,20.39
2026-04-28,marketing attribution,/blog/marketing-attribution,USA,DESKTOP,WEB,Non-Brand,39,674,0.0579,5.14
2026-04-28,performance marketing analytics,/insights,USA,MOBILE,WEB,Non-Brand,21,622,0.0338,5.62
2026-04-28,paid media dashboard,/insights,USA,MOBILE,WEB,Non-Brand,8,131,0.0611,6.31
2026-04-28,marketing data pipeline,/blog/marketing-data-pipeline,USA,DESKTOP,WEB,Non-Brand,16,219,0.0731,15.99
2026-04-28,digital campaign analytics,/insights,Canada,DESKTOP,WEB,Non-Brand,16,311,0.0514,13.81
2026-04-28,marketing insights,/blog/marketing-insights,UK,DESKTOP,WEB,Non-Brand,9,416,0.0216,34.95
2026-04-28,seo marketing dashboard,/insights,India,MOBILE,WEB,Non-Brand,16,386,0.0415,6.98
2026-04-28,customer acquisition cost,/blog/customer-acquisition-cost,India,DESKTOP,WEB,Non-Brand,51,806,0.0633,22.9
2026-04-28,roas dashboard,/insights,USA,MOBILE,WEB,Non-Brand,23,450,0.0511,20.11
2026-04-28,marketing roi,/blog/marketing-roi,USA,DESKTOP,WEB,Non-Brand,12,175,0.0686,8.12
2026-04-29,marketing analytics dashboard,/insights,USA,DESKTOP,WEB,Brand,69,803,0.0859,23.63
2026-04-29,digital marketing agency,/blog/digital-marketing-agency,USA,MOBILE,WEB,Non-Brand,35,584,0.0599,24.94
2026-04-29,marketing performance dashboard,/insights,USA,DESKTOP,WEB,Non-Brand,56,729,0.0768,25.08
2026-04-29,best marketing dashboard,/insights,India,DESKTOP,WEB,Non-Brand,16,474,0.0338,25.64
2026-04-29,google ads roi,/blog/google-ads-roi,India,MOBILE,WEB,Non-Brand,7,551,0.0127,13.59
2026-04-29,meta ads roi,/blog/meta-ads-roi,India,DESKTOP,WEB,Non-Brand,60,870,0.069,3.2
2026-04-29,linkedin ads analytics,/insights,India,DESKTOP,WEB,Non-Brand,56,833,0.0672,6.7
2026-04-29,marketing kpi dashboard,/insights,India,MOBILE,WEB,Non-Brand,43,497,0.0865,20.13
2026-04-29,campaign roi calculator,/blog/campaign-roi-calculator,UK,MOBILE,WEB,Non-Brand,20,418,0.0478,5.59
2026-04-29,marketing reporting tools,/blog/marketing-reporting-tools,Canada,DESKTOP,WEB,Non-Brand,12,193,0.0622,17.31
2026-04-29,marketing attribution,/blog/marketing-attribution,USA,DESKTOP,WEB,Non-Brand,39,433,0.0901,3.7
2026-04-29,performance marketing analytics,/insights,India,MOBILE,WEB,Non-Brand,32,762,0.042,4.91
2026-04-29,paid media dashboard,/insights,UK,MOBILE,WEB,Non-Brand,48,621,0.0773,20.82
2026-04-29,marketing data pipeline,/blog/marketing-data-pipeline,USA,MOBILE,WEB,Non-Brand,13,747,0.0174,2.87
2026-04-29,digital campaign analytics,/insights,Canada,DESKTOP,WEB,Non-Brand,9,150,0.06,28.35
2026-04-29,marketing insights,/blog/marketing-insights,India,DESKTOP,WEB,Non-Brand,34,505,0.0673,6.9
2026-04-29,seo marketing dashboard,/insights,USA,MOBILE,WEB,Non-Brand,31,631,0.0491,25.07
2026-04-29,customer acquisition cost,/blog/customer-acquisition-cost,USA,DESKTOP,WEB,Non-Brand,62,751,0.0826,10.22
2026-04-29,roas dashboard,/insights,India,MOBILE,WEB,Non-Brand,14,243,0.0576,19.27
2026-04-29,marketing roi,/blog/marketing-roi,USA,TABLET,WEB,Non-Brand,31,555,0.0559,23.04
2026-04-30,marketing analytics dashboard,/insights,Canada,MOBILE,WEB,Brand,23,768,0.0299,29.38
2026-04-30,digital marketing agency,/blog/digital-marketing-agency,India,MOBILE,WEB,Non-Brand,34,805,0.0422,16.4
2026-04-30,marketing performance dashboard,/insights,India,DESKTOP,WEB,Non-Brand,10,313,0.0319,32.12
2026-04-30,best marketing dashboard,/insights,USA,DESKTOP,WEB,Non-Brand,6,171,0.0351,34.0
2026-04-30,google ads roi,/blog/google-ads-roi,Canada,DESKTOP,WEB,Non-Brand,20,266,0.0752,6.55
2026-04-30,meta ads roi,/blog/meta-ads-roi,USA,DESKTOP,WEB,Non-Brand,4,263,0.0152,23.47
2026-04-30,linkedin ads analytics,/insights,USA,DESKTOP,WEB,Non-Brand,25,860,0.0291,10.3
2026-04-30,marketing kpi dashboard,/insights,USA,TABLET,WEB,Non-Brand,38,881,0.0431,22.51
2026-04-30,campaign roi calculator,/blog/campaign-roi-calculator,USA,MOBILE,WEB,Non-Brand,13,462,0.0281,17.99
2026-04-30,marketing reporting tools,/blog/marketing-reporting-tools,UK,DESKTOP,WEB,Non-Brand,6,179,0.0335,19.86
2026-04-30,marketing attribution,/blog/marketing-attribution,USA,MOBILE,WEB,Non-Brand,7,483,0.0145,7.97
2026-04-30,performance marketing analytics,/insights,USA,DESKTOP,WEB,Non-Brand,51,892,0.0572,26.13
2026-04-30,paid media dashboard,/insights,USA,MOBILE,WEB,Non-Brand,12,266,0.0451,26.82
2026-04-30,marketing data pipeline,/blog/marketing-data-pipeline,USA,DESKTOP,WEB,Non-Brand,37,802,0.0461,10.87
2026-04-30,digital campaign analytics,/insights,Canada,DESKTOP,WEB,Non-Brand,8,253,0.0316,29.69
2026-04-30,marketing insights,/blog/marketing-insights,Canada,DESKTOP,WEB,Non-Brand,7,351,0.0199,9.39
2026-04-30,seo marketing dashboard,/insights,India,MOBILE,WEB,Non-Brand,73,873,0.0836,23.1
2026-04-30,customer acquisition cost,/blog/customer-acquisition-cost,India,DESKTOP,WEB,Non-Brand,15,848,0.0177,25.03
2026-04-30,roas dashboard,/insights,Canada,MOBILE,WEB,Non-Brand,8,557,0.0144,8.21
2026-04-30,marketing roi,/blog/marketing-roi,UK,DESKTOP,WEB,Non-Brand,26,353,0.0737,6.6
2026-05-01,marketing analytics dashboard,/insights,India,MOBILE,WEB,Brand,2,91,0.022,32.52
2026-05-01,digital marketing agency,/blog/digital-marketing-agency,USA,TABLET,WEB,Non-Brand,8,102,0.0784,29.24
2026-05-01,marketing performance dashboard,/insights,India,MOBILE,WEB,Non-Brand,28,732,0.0383,6.39
2026-05-01,best marketing dashboard,/insights,USA,MOBILE,WEB,Non-Brand,29,541,0.0536,8.99
2026-05-01,google ads roi,/blog/google-ads-roi,Canada,MOBILE,WEB,Non-Brand,35,885,0.0395,5.36
2026-05-01,meta ads roi,/blog/meta-ads-roi,USA,MOBILE,WEB,Non-Brand,4,246,0.0163,24.03
2026-05-01,linkedin ads analytics,/insights,India,DESKTOP,WEB,Non-Brand,14,283,0.0495,17.85
2026-05-01,marketing kpi dashboard,/insights,India,DESKTOP,WEB,Non-Brand,3,167,0.018,9.58
2026-05-01,campaign roi calculator,/blog/campaign-roi-calculator,UK,MOBILE,WEB,Non-Brand,13,427,0.0304,33.96
2026-05-01,marketing reporting tools,/blog/marketing-reporting-tools,USA,MOBILE,WEB,Non-Brand,10,199,0.0503,7.37
2026-05-01,marketing attribution,/blog/marketing-attribution,USA,MOBILE,WEB,Non-Brand,11,489,0.0225,8.41
2026-05-01,performance marketing analytics,/insights,USA,DESKTOP,WEB,Non-Brand,39,726,0.0537,21.11
2026-05-01,paid media dashboard,/insights,India,DESKTOP,WEB,Non-Brand,10,393,0.0254,26.84
2026-05-01,marketing data pipeline,/blog/marketing-data-pipeline,USA,MOBILE,WEB,Non-Brand,19,409,0.0465,12.02
2026-05-01,digital campaign analytics,/insights,USA,MOBILE,WEB,Non-Brand,10,417,0.024,19.85
2026-05-01,marketing insights,/blog/marketing-insights,India,MOBILE,WEB,Non-Brand,22,652,0.0337,6.61
2026-05-01,seo marketing dashboard,/insights,India,TABLET,WEB,Non-Brand,26,617,0.0421,23.79
2026-05-01,customer acquisition cost,/blog/customer-acquisition-cost,Canada,MOBILE,WEB,Non-Brand,22,341,0.0645,4.26
2026-05-01,roas dashboard,/insights,USA,MOBILE,WEB,Non-Brand,10,563,0.0178,6.19
2026-05-01,marketing roi,/blog/marketing-roi,USA,MOBILE,WEB,Non-Brand,10,590,0.0169,28.52
2026-05-02,marketing analytics dashboard,/insights,USA,DESKTOP,WEB,Brand,9,163,0.0552,12.26
2026-05-02,digital marketing agency,/blog/digital-marketing-agency,India,DESKTOP,WEB,Non-Brand,16,265,0.0604,18.97
2026-05-02,marketing performance dashboard,/insights,USA,DESKTOP,WEB,Non-Brand,2,209,0.0096,29.92
2026-05-02,best marketing dashboard,/insights,USA,DESKTOP,WEB,Non-Brand,10,849,0.0118,26.68
2026-05-02,google ads roi,/blog/google-ads-roi,India,TABLET,WEB,Non-Brand,29,562,0.0516,7.09
2026-05-02,meta ads roi,/blog/meta-ads-roi,UK,DESKTOP,WEB,Non-Brand,26,747,0.0348,27.19
2026-05-02,linkedin ads analytics,/insights,India,MOBILE,WEB,Non-Brand,43,890,0.0483,9.56
2026-05-02,marketing kpi dashboard,/insights,USA,DESKTOP,WEB,Non-Brand,1,89,0.0112,23.2
2026-05-02,campaign roi calculator,/blog/campaign-roi-calculator,USA,DESKTOP,WEB,Non-Brand,40,674,0.0593,17.27
2026-05-02,marketing reporting tools,/blog/marketing-reporting-tools,UK,DESKTOP,WEB,Non-Brand,14,698,0.0201,13.39
2026-05-02,marketing attribution,/blog/marketing-attribution,USA,MOBILE,WEB,Non-Brand,74,785,0.0943,15.04
2026-05-02,performance marketing analytics,/insights,USA,DESKTOP,WEB,Non-Brand,34,699,0.0486,17.32
2026-05-02,paid media dashboard,/insights,USA,MOBILE,WEB,Non-Brand,31,862,0.036,32.65
2026-05-02,marketing data pipeline,/blog/marketing-data-pipeline,India,DESKTOP,WEB,Non-Brand,33,808,0.0408,20.94
2026-05-02,digital campaign analytics,/insights,USA,MOBILE,WEB,Non-Brand,9,289,0.0311,23.81
2026-05-02,marketing insights,/blog/marketing-insights,USA,MOBILE,WEB,Non-Brand,48,511,0.0939,30.48
2026-05-02,seo marketing dashboard,/insights,India,DESKTOP,WEB,Non-Brand,25,726,0.0344,24.85
2026-05-02,customer acquisition cost,/blog/customer-acquisition-cost,USA,MOBILE,WEB,Non-Brand,2,138,0.0145,27.83
2026-05-02,roas dashboard,/insights,USA,DESKTOP,WEB,Non-Brand,30,402,0.0746,5.24
2026-05-02,marketing roi,/blog/marketing-roi,USA,DESKTOP,WEB,Non-Brand,38,425,0.0894,25.89
2026-05-03,marketing analytics dashboard,/insights,USA,DESKTOP,WEB,Brand,24,303,0.0792,19.27
2026-05-03,digital marketing agency,/blog/digital-marketing-agency,USA,DESKTOP,WEB,Non-Brand,9,118,0.0763,21.46
2026-05-03,marketing performance dashboard,/insights,India,DESKTOP,WEB,Non-Brand,12,194,0.0619,18.16
2026-05-03,best marketing dashboard,/insights,India,MOBILE,WEB,Non-Brand,35,472,0.0742,27.78
2026-05-03,google ads roi,/blog/google-ads-roi,UK,MOBILE,WEB,Non-Brand,9,111,0.0811,27.0
2026-05-03,meta ads roi,/blog/meta-ads-roi,USA,MOBILE,WEB,Non-Brand,44,798,0.0551,8.01
2026-05-03,linkedin ads analytics,/insights,India,MOBILE,WEB,Non-Brand,13,414,0.0314,22.69
2026-05-03,marketing kpi dashboard,/insights,USA,DESKTOP,WEB,Non-Brand,32,408,0.0784,22.63
2026-05-03,campaign roi calculator,/blog/campaign-roi-calculator,UK,MOBILE,WEB,Non-Brand,2,115,0.0174,18.48
2026-05-03,marketing reporting tools,/blog/marketing-reporting-tools,India,DESKTOP,WEB,Non-Brand,63,770,0.0818,27.45
2026-05-03,marketing attribution,/blog/marketing-attribution,USA,MOBILE,WEB,Non-Brand,74,874,0.0847,24.87
2026-05-03,performance marketing analytics,/insights,USA,DESKTOP,WEB,Non-Brand,76,809,0.0939,28.39
2026-05-03,paid media dashboard,/insights,India,DESKTOP,WEB,Non-Brand,16,644,0.0248,21.11
2026-05-03,marketing data pipeline,/blog/marketing-data-pipeline,UK,DESKTOP,WEB,Non-Brand,9,152,0.0592,31.64
2026-05-03,digital campaign analytics,/insights,UK,DESKTOP,WEB,Non-Brand,51,851,0.0599,2.59
2026-05-03,marketing insights,/blog/marketing-insights,USA,DESKTOP,WEB,Non-Brand,55,606,0.0908,31.56
2026-05-03,seo marketing dashboard,/insights,India,MOBILE,WEB,Non-Brand,25,309,0.0809,26.23
2026-05-03,customer acquisition cost,/blog/customer-acquisition-cost,UK,MOBILE,WEB,Non-Brand,37,478,0.0774,8.74
2026-05-03,roas dashboard,/insights,USA,MOBILE,WEB,Non-Brand,43,685,0.0628,6.8
2026-05-03,marketing roi,/blog/marketing-roi,USA,MOBILE,WEB,Non-Brand,48,650,0.0738,15.53
2026-05-04,marketing analytics dashboard,/insights,India,MOBILE,WEB,Brand,32,739,0.0433,34.91
2026-05-04,digital marketing agency,/blog/digital-marketing-agency,USA,MOBILE,WEB,Non-Brand,11,177,0.0621,23.74
2026-05-04,marketing performance dashboard,/insights,USA,TABLET,WEB,Non-Brand,14,170,0.0824,26.18
2026-05-04,best marketing dashboard,/insights,India,DESKTOP,WEB,Non-Brand,27,486,0.0556,23.27
2026-05-04,google ads roi,/blog/google-ads-roi,Canada,DESKTOP,WEB,Non-Brand,51,683,0.0747,31.71
2026-05-04,meta ads roi,/blog/meta-ads-roi,UK,DESKTOP,WEB,Non-Brand,21,315,0.0667,19.35
2026-05-04,linkedin ads analytics,/insights,India,DESKTOP,WEB,Non-Brand,48,711,0.0675,9.44
2026-05-04,marketing kpi dashboard,/insights,UK,MOBILE,WEB,Non-Brand,58,859,0.0675,23.75
2026-05-04,campaign roi calculator,/blog/campaign-roi-calculator,USA,DESKTOP,WEB,Non-Brand,4,86,0.0465,22.86
2026-05-04,marketing reporting tools,/blog/marketing-reporting-tools,USA,MOBILE,WEB,Non-Brand,31,374,0.0829,25.95
2026-05-04,marketing attribution,/blog/marketing-attribution,USA,DESKTOP,WEB,Non-Brand,19,458,0.0415,11.52
2026-05-04,performance marketing analytics,/insights,USA,DESKTOP,WEB,Non-Brand,7,258,0.0271,12.42
2026-05-04,paid media dashboard,/insights,USA,TABLET,WEB,Non-Brand,20,479,0.0418,25.05
2026-05-04,marketing data pipeline,/blog/marketing-data-pipeline,USA,MOBILE,WEB,Non-Brand,50,598,0.0836,15.71
2026-05-04,digital campaign analytics,/insights,USA,MOBILE,WEB,Non-Brand,18,541,0.0333,7.39
2026-05-04,marketing insights,/blog/marketing-insights,UK,DESKTOP,WEB,Non-Brand,26,780,0.0333,22.1
2026-05-04,seo marketing dashboard,/insights,USA,TABLET,WEB,Non-Brand,14,302,0.0464,30.51
2026-05-04,customer acquisition cost,/blog/customer-acquisition-cost,India,MOBILE,WEB,Non-Brand,15,743,0.0202,28.28
2026-05-04,roas dashboard,/insights,UK,DESKTOP,WEB,Non-Brand,46,787,0.0584,15.78
2026-05-04,marketing roi,/blog/marketing-roi,USA,DESKTOP,WEB,Non-Brand,30,450,0.0667,12.92
2026-05-05,marketing analytics dashboard,/insights,USA,MOBILE,WEB,Brand,35,510,0.0686,22.82
2026-05-05,digital marketing agency,/blog/digital-marketing-agency,USA,MOBILE,WEB,Non-Brand,7,259,0.027,6.99
2026-05-05,marketing performance dashboard,/insights,USA,DESKTOP,WEB,Non-Brand,5,82,0.061,20.73
2026-05-05,best marketing dashboard,/insights,USA,MOBILE,WEB,Non-Brand,7,110,0.0636,5.54
2026-05-05,google ads roi,/blog/google-ads-roi,USA,MOBILE,WEB,Non-Brand,41,611,0.0671,34.75
2026-05-05,meta ads roi,/blog/meta-ads-roi,USA,DESKTOP,WEB,Non-Brand,16,730,0.0219,17.96
2026-05-05,linkedin ads analytics,/insights,USA,DESKTOP,WEB,Non-Brand,55,733,0.075,15.16
2026-05-05,marketing kpi dashboard,/insights,Canada,MOBILE,WEB,Non-Brand,8,174,0.046,24.64
2026-05-05,campaign roi calculator,/blog/campaign-roi-calculator,USA,MOBILE,WEB,Non-Brand,42,856,0.0491,5.93
2026-05-05,marketing reporting tools,/blog/marketing-reporting-tools,USA,DESKTOP,WEB,Non-Brand,9,541,0.0166,4.93
2026-05-05,marketing attribution,/blog/marketing-attribution,USA,MOBILE,WEB,Non-Brand,8,308,0.026,25.24
2026-05-05,performance marketing analytics,/insights,India,TABLET,WEB,Non-Brand,26,772,0.0337,4.65
2026-05-05,paid media dashboard,/insights,USA,MOBILE,WEB,Non-Brand,3,156,0.0192,19.41
2026-05-05,marketing data pipeline,/blog/marketing-data-pipeline,USA,DESKTOP,WEB,Non-Brand,5,189,0.0265,27.32
2026-05-05,digital campaign analytics,/insights,USA,MOBILE,WEB,Non-Brand,38,496,0.0766,19.73
2026-05-05,marketing insights,/blog/marketing-insights,India,MOBILE,WEB,Non-Brand,19,567,0.0335,7.87
2026-05-05,seo marketing dashboard,/insights,India,DESKTOP,WEB,Non-Brand,28,578,0.0484,12.11
2026-05-05,customer acquisition cost,/blog/customer-acquisition-cost,UK,MOBILE,WEB,Non-Brand,10,134,0.0746,5.9
2026-05-05,roas dashboard,/insights,USA,DESKTOP,WEB,Non-Brand,9,569,0.0158,19.51
2026-05-05,marketing roi,/blog/marketing-roi,UK,MOBILE,WEB,Non-Brand,41,885,0.0463,33.02
2026-05-06,marketing analytics dashboard,/insights,UK,MOBILE,WEB,Brand,25,471,0.0531,11.53
2026-05-06,digital marketing agency,/blog/digital-marketing-agency,USA,DESKTOP,WEB,Non-Brand,6,213,0.0282,8.8
2026-05-06,marketing performance dashboard,/insights,USA,MOBILE,WEB,Non-Brand,27,666,0.0405,26.13
2026-05-06,best marketing dashboard,/insights,USA,DESKTOP,WEB,Non-Brand,65,858,0.0758,21.89
2026-05-06,google ads roi,/blog/google-ads-roi,USA,MOBILE,WEB,Non-Brand,2,101,0.0198,28.29
2026-05-06,meta ads roi,/blog/meta-ads-roi,India,MOBILE,WEB,Non-Brand,2,99,0.0202,8.92
2026-05-06,linkedin ads analytics,/insights,USA,MOBILE,WEB,Non-Brand,62,746,0.0831,4.39
2026-05-06,marketing kpi dashboard,/insights,USA,DESKTOP,WEB,Non-Brand,12,427,0.0281,26.83
2026-05-06,campaign roi calculator,/blog/campaign-roi-calculator,India,DESKTOP,WEB,Non-Brand,27,669,0.0404,14.37
2026-05-06,marketing reporting tools,/blog/marketing-reporting-tools,Canada,MOBILE,WEB,Non-Brand,45,510,0.0882,21.05
2026-05-06,marketing attribution,/blog/marketing-attribution,Canada,DESKTOP,WEB,Non-Brand,65,733,0.0887,32.67
2026-05-06,performance marketing analytics,/insights,India,MOBILE,WEB,Non-Brand,12,204,0.0588,20.52
2026-05-06,paid media dashboard,/insights,UK,DESKTOP,WEB,Non-Brand,15,190,0.0789,18.63
2026-05-06,marketing data pipeline,/blog/marketing-data-pipeline,India,MOBILE,WEB,Non-Brand,10,384,0.026,20.07
2026-05-06,digital campaign analytics,/insights,UK,DESKTOP,WEB,Non-Brand,49,746,0.0657,11.34
2026-05-06,marketing insights,/blog/marketing-insights,India,TABLET,WEB,Non-Brand,38,689,0.0552,8.12
2026-05-06,seo marketing dashboard,/insights,Canada,MOBILE,WEB,Non-Brand,3,108,0.0278,5.09
2026-05-06,customer acquisition cost,/blog/customer-acquisition-cost,India,TABLET,WEB,Non-Brand,43,599,0.0718,21.62
2026-05-06,roas dashboard,/insights,Canada,DESKTOP,WEB,Non-Brand,31,567,0.0547,15.87
2026-05-06,marketing roi,/blog/marketing-roi,USA,DESKTOP,WEB,Non-Brand,8,310,0.0258,28.78
2026-05-07,marketing analytics dashboard,/insights,USA,MOBILE,WEB,Brand,47,674,0.0697,3.15
2026-05-07,digital marketing agency,/blog/digital-marketing-agency,USA,MOBILE,WEB,Non-Brand,7,90,0.0778,26.88
2026-05-07,marketing performance dashboard,/insights,India,DESKTOP,WEB,Non-Brand,16,223,0.0717,19.98
2026-05-07,best marketing dashboard,/insights,USA,TABLET,WEB,Non-Brand,55,618,0.089,14.66
2026-05-07,google ads roi,/blog/google-ads-roi,USA,DESKTOP,WEB,Non-Brand,67,722,0.0928,8.58
2026-05-07,meta ads roi,/blog/meta-ads-roi,UK,MOBILE,WEB,Non-Brand,18,858,0.021,11.37
2026-05-07,linkedin ads analytics,/insights,India,DESKTOP,WEB,Non-Brand,70,884,0.0792,31.0
2026-05-07,marketing kpi dashboard,/insights,India,DESKTOP,WEB,Non-Brand,16,348,0.046,30.02
2026-05-07,campaign roi calculator,/blog/campaign-roi-calculator,UK,DESKTOP,WEB,Non-Brand,7,183,0.0383,32.17
2026-05-07,marketing reporting tools,/blog/marketing-reporting-tools,USA,DESKTOP,WEB,Non-Brand,23,455,0.0505,30.46
2026-05-07,marketing attribution,/blog/marketing-attribution,USA,DESKTOP,WEB,Non-Brand,33,412,0.0801,14.04
2026-05-07,performance marketing analytics,/insights,India,DESKTOP,WEB,Non-Brand,43,543,0.0792,3.01
2026-05-07,paid media dashboard,/insights,UK,MOBILE,WEB,Non-Brand,13,319,0.0408,23.98
2026-05-07,marketing data pipeline,/blog/marketing-data-pipeline,USA,DESKTOP,WEB,Non-Brand,20,573,0.0349,21.71
2026-05-07,digital campaign analytics,/insights,USA,DESKTOP,WEB,Non-Brand,47,563,0.0835,33.67
2026-05-07,marketing insights,/blog/marketing-insights,USA,TABLET,WEB,Non-Brand,36,781,0.0461,6.85
2026-05-07,seo marketing dashboard,/insights,USA,TABLET,WEB,Non-Brand,21,401,0.0524,25.5
2026-05-07,customer acquisition cost,/blog/customer-acquisition-cost,Canada,MOBILE,WEB,Non-Brand,6,232,0.0259,6.39
2026-05-07,roas dashboard,/insights,India,DESKTOP,WEB,Non-Brand,31,836,0.0371,15.0
2026-05-07,marketing roi,/blog/marketing-roi,India,DESKTOP,WEB,Non-Brand,55,587,0.0937,8.04
2026-05-08,marketing analytics dashboard,/insights,USA,TABLET,WEB,Brand,47,755,0.0623,7.44
2026-05-08,digital marketing agency,/blog/digital-marketing-agency,USA,MOBILE,WEB,Non-Brand,23,892,0.0258,24.79
2026-05-08,marketing performance dashboard,/insights,UK,MOBILE,WEB,Non-Brand,16,854,0.0187,14.73
2026-05-08,best marketing dashboard,/insights,India,DESKTOP,WEB,Non-Brand,18,252,0.0714,22.24
2026-05-08,google ads roi,/blog/google-ads-roi,USA,DESKTOP,WEB,Non-Brand,45,851,0.0529,25.68
2026-05-08,meta ads roi,/blog/meta-ads-roi,USA,MOBILE,WEB,Non-Brand,26,448,0.058,8.05
2026-05-08,linkedin ads analytics,/insights,India,MOBILE,WEB,Non-Brand,25,338,0.074,23.75
2026-05-08,marketing kpi dashboard,/insights,USA,DESKTOP,WEB,Non-Brand,21,273,0.0769,9.81
2026-05-08,campaign roi calculator,/blog/campaign-roi-calculator,UK,DESKTOP,WEB,Non-Brand,56,776,0.0722,16.89
2026-05-08,marketing reporting tools,/blog/marketing-reporting-tools,USA,DESKTOP,WEB,Non-Brand,7,341,0.0205,20.15
2026-05-08,marketing attribution,/blog/marketing-attribution,USA,MOBILE,WEB,Non-Brand,16,744,0.0215,29.23
2026-05-08,performance marketing analytics,/insights,UK,DESKTOP,WEB,Non-Brand,14,342,0.0409,11.27
2026-05-08,paid media dashboard,/insights,India,MOBILE,WEB,Non-Brand,36,556,0.0647,8.57
2026-05-08,marketing data pipeline,/blog/marketing-data-pipeline,Canada,MOBILE,WEB,Non-Brand,67,867,0.0773,16.66
2026-05-08,digital campaign analytics,/insights,Canada,DESKTOP,WEB,Non-Brand,29,740,0.0392,26.14
2026-05-08,marketing insights,/blog/marketing-insights,Canada,MOBILE,WEB,Non-Brand,24,654,0.0367,31.41
2026-05-08,seo marketing dashboard,/insights,India,MOBILE,WEB,Non-Brand,17,652,0.0261,11.07
2026-05-08,customer acquisition cost,/blog/customer-acquisition-cost,UK,TABLET,WEB,Non-Brand,13,271,0.048,16.87
2026-05-08,roas dashboard,/insights,USA,MOBILE,WEB,Non-Brand,23,543,0.0424,32.53
2026-05-08,marketing roi,/blog/marketing-roi,USA,MOBILE,WEB,Non-Brand,22,385,0.0571,2.76
2026-05-09,marketing analytics dashboard,/insights,India,DESKTOP,WEB,Brand,11,152,0.0724,11.2
2026-05-09,digital marketing agency,/blog/digital-marketing-agency,India,MOBILE,WEB,Non-Brand,23,598,0.0385,23.45
2026-05-09,marketing performance dashboard,/insights,USA,DESKTOP,WEB,Non-Brand,12,170,0.0706,10.62
2026-05-09,best marketing dashboard,/insights,USA,MOBILE,WEB,Non-Brand,11,702,0.0157,5.89
2026-05-09,google ads roi,/blog/google-ads-roi,USA,MOBILE,WEB,Non-Brand,24,353,0.068,11.32
2026-05-09,meta ads roi,/blog/meta-ads-roi,India,DESKTOP,WEB,Non-Brand,10,125,0.08,21.1
2026-05-09,linkedin ads analytics,/insights,USA,MOBILE,WEB,Non-Brand,28,830,0.0337,31.07
2026-05-09,marketing kpi dashboard,/insights,UK,DESKTOP,WEB,Non-Brand,36,504,0.0714,25.4
2026-05-09,campaign roi calculator,/blog/campaign-roi-calculator,USA,TABLET,WEB,Non-Brand,8,301,0.0266,19.42
2026-05-09,marketing reporting tools,/blog/marketing-reporting-tools,USA,DESKTOP,WEB,Non-Brand,26,631,0.0412,11.83
2026-05-09,marketing attribution,/blog/marketing-attribution,USA,DESKTOP,WEB,Non-Brand,12,266,0.0451,33.2
2026-05-09,performance marketing analytics,/insights,India,DESKTOP,WEB,Non-Brand,43,648,0.0664,10.66
2026-05-09,paid media dashboard,/insights,India,MOBILE,WEB,Non-Brand,45,656,0.0686,34.08
2026-05-09,marketing data pipeline,/blog/marketing-data-pipeline,India,MOBILE,WEB,Non-Brand,8,300,0.0267,9.57
2026-05-09,digital campaign analytics,/insights,Canada,MOBILE,WEB,Non-Brand,33,809,0.0408,17.24
2026-05-09,marketing insights,/blog/marketing-insights,India,DESKTOP,WEB,Non-Brand,57,866,0.0658,20.78
2026-05-09,seo marketing dashboard,/insights,USA,MOBILE,WEB,Non-Brand,7,93,0.0753,15.83
2026-05-09,customer acquisition cost,/blog/customer-acquisition-cost,India,DESKTOP,WEB,Non-Brand,57,872,0.0654,15.17
2026-05-09,roas dashboard,/insights,USA,DESKTOP,WEB,Non-Brand,28,483,0.058,10.21
2026-05-09,marketing roi,/blog/marketing-roi,India,DESKTOP,WEB,Non-Brand,30,507,0.0592,9.27
2026-05-10,marketing analytics dashboard,/insights,USA,MOBILE,WEB,Brand,48,852,0.0563,20.69
2026-05-10,digital marketing agency,/blog/digital-marketing-agency,India,DESKTOP,WEB,Non-Brand,49,678,0.0723,23.6
2026-05-10,marketing performance dashboard,/insights,UK,MOBILE,WEB,Non-Brand,26,751,0.0346,9.04
2026-05-10,best marketing dashboard,/insights,India,DESKTOP,WEB,Non-Brand,10,289,0.0346,24.3
2026-05-10,google ads roi,/blog/google-ads-roi,India,MOBILE,WEB,Non-Brand,45,562,0.0801,22.32
2026-05-10,meta ads roi,/blog/meta-ads-roi,Canada,DESKTOP,WEB,Non-Brand,21,311,0.0675,22.61
2026-05-10,linkedin ads analytics,/insights,India,MOBILE,WEB,Non-Brand,57,670,0.0851,35.0
2026-05-10,marketing kpi dashboard,/insights,India,DESKTOP,WEB,Non-Brand,62,692,0.0896,13.84
2026-05-10,campaign roi calculator,/blog/campaign-roi-calculator,India,MOBILE,WEB,Non-Brand,18,374,0.0481,27.31
2026-05-10,marketing reporting tools,/blog/marketing-reporting-tools,India,DESKTOP,WEB,Non-Brand,11,403,0.0273,12.48
2026-05-10,marketing attribution,/blog/marketing-attribution,Canada,MOBILE,WEB,Non-Brand,8,658,0.0122,5.35
2026-05-10,performance marketing analytics,/insights,UK,MOBILE,WEB,Non-Brand,33,584,0.0565,28.16
2026-05-10,paid media dashboard,/insights,USA,DESKTOP,WEB,Non-Brand,51,650,0.0785,28.43
2026-05-10,marketing data pipeline,/blog/marketing-data-pipeline,UK,DESKTOP,WEB,Non-Brand,36,717,0.0502,23.96
2026-05-10,digital campaign analytics,/insights,USA,DESKTOP,WEB,Non-Brand,11,327,0.0336,27.04
2026-05-10,marketing insights,/blog/marketing-insights,India,MOBILE,WEB,Non-Brand,51,568,0.0898,21.29
2026-05-10,seo marketing dashboard,/insights,USA,MOBILE,WEB,Non-Brand,17,292,0.0582,21.2
2026-05-10,customer acquisition cost,/blog/customer-acquisition-cost,India,TABLET,WEB,Non-Brand,15,232,0.0647,11.15
2026-05-10,roas dashboard,/insights,USA,MOBILE,WEB,Non-Brand,34,428,0.0794,32.81
2026-05-10,marketing roi,/blog/marketing-roi,India,DESKTOP,WEB,Non-Brand,12,563,0.0213,15.21
2026-05-11,marketing analytics dashboard,/insights,USA,DESKTOP,WEB,Brand,3,86,0.0349,11.05
2026-05-11,digital marketing agency,/blog/digital-marketing-agency,India,MOBILE,WEB,Non-Brand,30,579,0.0518,25.18
2026-05-11,marketing performance dashboard,/insights,Canada,MOBILE,WEB,Non-Brand,38,463,0.0821,20.03
2026-05-11,best marketing dashboard,/insights,USA,MOBILE,WEB,Non-Brand,20,430,0.0465,25.51
2026-05-11,google ads roi,/blog/google-ads-roi,Canada,MOBILE,WEB,Non-Brand,45,590,0.0763,24.45
2026-05-11,meta ads roi,/blog/meta-ads-roi,USA,DESKTOP,WEB,Non-Brand,12,282,0.0426,12.74
2026-05-11,linkedin ads analytics,/insights,Canada,DESKTOP,WEB,Non-Brand,37,517,0.0716,31.03
2026-05-11,marketing kpi dashboard,/insights,USA,DESKTOP,WEB,Non-Brand,7,174,0.0402,15.5
2026-05-11,campaign roi calculator,/blog/campaign-roi-calculator,UK,DESKTOP,WEB,Non-Brand,44,553,0.0796,32.48
2026-05-11,marketing reporting tools,/blog/marketing-reporting-tools,UK,DESKTOP,WEB,Non-Brand,28,853,0.0328,27.08
2026-05-11,marketing attribution,/blog/marketing-attribution,USA,DESKTOP,WEB,Non-Brand,18,793,0.0227,10.65
2026-05-11,performance marketing analytics,/insights,India,MOBILE,WEB,Non-Brand,38,792,0.048,27.96
2026-05-11,paid media dashboard,/insights,India,MOBILE,WEB,Non-Brand,25,465,0.0538,18.88
2026-05-11,marketing data pipeline,/blog/marketing-data-pipeline,USA,MOBILE,WEB,Non-Brand,34,404,0.0842,17.23
2026-05-11,digital campaign analytics,/insights,India,DESKTOP,WEB,Non-Brand,24,304,0.0789,4.82
2026-05-11,marketing insights,/blog/marketing-insights,Canada,DESKTOP,WEB,Non-Brand,1,112,0.0089,7.38
2026-05-11,seo marketing dashboard,/insights,USA,DESKTOP,WEB,Non-Brand,26,312,0.0833,27.97
2026-05-11,customer acquisition cost,/blog/customer-acquisition-cost,India,DESKTOP,WEB,Non-Brand,7,187,0.0374,10.46
2026-05-11,roas dashboard,/insights,India,MOBILE,WEB,Non-Brand,22,638,0.0345,29.23
2026-05-11,marketing roi,/blog/marketing-roi,USA,DESKTOP,WEB,Non-Brand,2,126,0.0159,34.54
2026-05-12,marketing analytics dashboard,/insights,USA,DESKTOP,WEB,Brand,11,496,0.0222,14.13
2026-05-12,digital marketing agency,/blog/digital-marketing-agency,UK,TABLET,WEB,Non-Brand,41,502,0.0817,21.73
2026-05-12,marketing performance dashboard,/insights,India,MOBILE,WEB,Non-Brand,40,595,0.0672,12.2
2026-05-12,best marketing dashboard,/insights,India,DESKTOP,WEB,Non-Brand,11,164,0.0671,8.49
2026-05-12,google ads roi,/blog/google-ads-roi,India,DESKTOP,WEB,Non-Brand,55,809,0.068,21.48
2026-05-12,meta ads roi,/blog/meta-ads-roi,USA,DESKTOP,WEB,Non-Brand,16,183,0.0874,25.38
2026-05-12,linkedin ads analytics,/insights,USA,DESKTOP,WEB,Non-Brand,44,714,0.0616,27.35
2026-05-12,marketing kpi dashboard,/insights,USA,TABLET,WEB,Non-Brand,39,631,0.0618,4.43
2026-05-12,campaign roi calculator,/blog/campaign-roi-calculator,Canada,DESKTOP,WEB,Non-Brand,12,192,0.0625,18.9
2026-05-12,marketing reporting tools,/blog/marketing-reporting-tools,USA,DESKTOP,WEB,Non-Brand,6,181,0.0331,25.46
2026-05-12,marketing attribution,/blog/marketing-attribution,USA,DESKTOP,WEB,Non-Brand,21,745,0.0282,12.65
2026-05-12,performance marketing analytics,/insights,USA,MOBILE,WEB,Non-Brand,18,332,0.0542,18.66
2026-05-12,paid media dashboard,/insights,USA,DESKTOP,WEB,Non-Brand,71,856,0.0829,34.5
2026-05-12,marketing data pipeline,/blog/marketing-data-pipeline,UK,DESKTOP,WEB,Non-Brand,11,258,0.0426,34.3
2026-05-12,digital campaign analytics,/insights,UK,DESKTOP,WEB,Non-Brand,9,126,0.0714,20.96
2026-05-12,marketing insights,/blog/marketing-insights,India,MOBILE,WEB,Non-Brand,54,658,0.0821,29.71
2026-05-12,seo marketing dashboard,/insights,Canada,DESKTOP,WEB,Non-Brand,20,468,0.0427,34.32
2026-05-12,customer acquisition cost,/blog/customer-acquisition-cost,USA,DESKTOP,WEB,Non-Brand,17,545,0.0312,33.48
2026-05-12,roas dashboard,/insights,USA,MOBILE,WEB,Non-Brand,38,715,0.0531,30.87
2026-05-12,marketing roi,/blog/marketing-roi,Canada,MOBILE,WEB,Non-Brand,43,892,0.0482,10.49
2026-05-13,marketing analytics dashboard,/insights,India,DESKTOP,WEB,Brand,50,826,0.0605,34.63
2026-05-13,digital marketing agency,/blog/digital-marketing-agency,UK,DESKTOP,WEB,Non-Brand,2,95,0.0211,27.35
2026-05-13,marketing performance dashboard,/insights,India,MOBILE,WEB,Non-Brand,13,896,0.0145,33.82
2026-05-13,best marketing dashboard,/insights,UK,MOBILE,WEB,Non-Brand,59,782,0.0754,7.23
2026-05-13,google ads roi,/blog/google-ads-roi,USA,MOBILE,WEB,Non-Brand,17,276,0.0616,21.04
2026-05-13,meta ads roi,/blog/meta-ads-roi,USA,DESKTOP,WEB,Non-Brand,38,459,0.0828,29.59
2026-05-13,linkedin ads analytics,/insights,USA,DESKTOP,WEB,Non-Brand,8,619,0.0129,28.61
2026-05-13,marketing kpi dashboard,/insights,USA,MOBILE,WEB,Non-Brand,36,399,0.0902,19.77
2026-05-13,campaign roi calculator,/blog/campaign-roi-calculator,USA,MOBILE,WEB,Non-Brand,28,481,0.0582,15.25
2026-05-13,marketing reporting tools,/blog/marketing-reporting-tools,India,MOBILE,WEB,Non-Brand,7,368,0.019,23.21
2026-05-13,marketing attribution,/blog/marketing-attribution,UK,DESKTOP,WEB,Non-Brand,21,749,0.028,24.63
2026-05-13,performance marketing analytics,/insights,India,MOBILE,WEB,Non-Brand,44,855,0.0515,4.26
2026-05-13,paid media dashboard,/insights,USA,MOBILE,WEB,Non-Brand,18,492,0.0366,22.81
2026-05-13,marketing data pipeline,/blog/marketing-data-pipeline,USA,DESKTOP,WEB,Non-Brand,29,621,0.0467,8.76
2026-05-13,digital campaign analytics,/insights,Canada,DESKTOP,WEB,Non-Brand,13,588,0.0221,15.76
2026-05-13,marketing insights,/blog/marketing-insights,UK,MOBILE,WEB,Non-Brand,6,295,0.0203,2.57
2026-05-13,seo marketing dashboard,/insights,UK,DESKTOP,WEB,Non-Brand,30,858,0.035,22.71
2026-05-13,customer acquisition cost,/blog/customer-acquisition-cost,USA,TABLET,WEB,Non-Brand,7,594,0.0118,4.1
2026-05-13,roas dashboard,/insights,UK,TABLET,WEB,Non-Brand,6,120,0.05,26.73
2026-05-13,marketing roi,/blog/marketing-roi,UK,DESKTOP,WEB,Non-Brand,21,619,0.0339,19.77
2026-05-14,marketing analytics dashboard,/insights,USA,MOBILE,WEB,Brand,19,823,0.0231,24.58
2026-05-14,digital marketing agency,/blog/digital-marketing-agency,USA,MOBILE,WEB,Non-Brand,19,565,0.0336,27.67
2026-05-14,marketing performance dashboard,/insights,Canada,DESKTOP,WEB,Non-Brand,7,551,0.0127,9.21
2026-05-14,best marketing dashboard,/insights,USA,DESKTOP,WEB,Non-Brand,38,469,0.081,7.7
2026-05-14,google ads roi,/blog/google-ads-roi,UK,DESKTOP,WEB,Non-Brand,73,861,0.0848,32.49
2026-05-14,meta ads roi,/blog/meta-ads-roi,Canada,DESKTOP,WEB,Non-Brand,19,693,0.0274,30.94
2026-05-14,linkedin ads analytics,/insights,Canada,DESKTOP,WEB,Non-Brand,22,578,0.0381,15.86
2026-05-14,marketing kpi dashboard,/insights,Canada,DESKTOP,WEB,Non-Brand,5,141,0.0355,11.86
2026-05-14,campaign roi calculator,/blog/campaign-roi-calculator,USA,DESKTOP,WEB,Non-Brand,24,527,0.0455,34.93
2026-05-14,marketing reporting tools,/blog/marketing-reporting-tools,India,DESKTOP,WEB,Non-Brand,17,807,0.0211,16.61
2026-05-14,marketing attribution,/blog/marketing-attribution,UK,DESKTOP,WEB,Non-Brand,3,259,0.0116,33.54
2026-05-14,performance marketing analytics,/insights,UK,DESKTOP,WEB,Non-Brand,9,574,0.0157,2.87
2026-05-14,paid media dashboard,/insights,USA,DESKTOP,WEB,Non-Brand,17,361,0.0471,22.95
2026-05-14,marketing data pipeline,/blog/marketing-data-pipeline,India,DESKTOP,WEB,Non-Brand,51,687,0.0742,29.48
2026-05-14,digital campaign analytics,/insights,India,MOBILE,WEB,Non-Brand,29,671,0.0432,13.98
2026-05-14,marketing insights,/blog/marketing-insights,USA,DESKTOP,WEB,Non-Brand,37,671,0.0551,19.15
2026-05-14,seo marketing dashboard,/insights,USA,DESKTOP,WEB,Non-Brand,3,208,0.0144,18.48
2026-05-14,customer acquisition cost,/blog/customer-acquisition-cost,USA,DESKTOP,WEB,Non-Brand,74,793,0.0933,27.71
2026-05-14,roas dashboard,/insights,USA,MOBILE,WEB,Non-Brand,7,211,0.0332,7.11
2026-05-14,marketing roi,/blog/marketing-roi,UK,MOBILE,WEB,Non-Brand,25,392,0.0638,25.19
2026-05-15,marketing analytics dashboard,/insights,USA,DESKTOP,WEB,Brand,11,165,0.0667,21.95
2026-05-15,digital marketing agency,/blog/digital-marketing-agency,UK,DESKTOP,WEB,Non-Brand,20,291,0.0687,30.55
2026-05-15,marketing performance dashboard,/insights,USA,DESKTOP,WEB,Non-Brand,20,739,0.0271,28.6
2026-05-15,best marketing dashboard,/insights,India,DESKTOP,WEB,Non-Brand,23,682,0.0337,19.7
2026-05-15,google ads roi,/blog/google-ads-roi,UK,DESKTOP,WEB,Non-Brand,4,248,0.0161,25.93
2026-05-15,meta ads roi,/blog/meta-ads-roi,UK,MOBILE,WEB,Non-Brand,14,194,0.0722,4.56
2026-05-15,linkedin ads analytics,/insights,India,MOBILE,WEB,Non-Brand,36,499,0.0721,31.97
2026-05-15,marketing kpi dashboard,/insights,India,MOBILE,WEB,Non-Brand,8,160,0.05,23.78
2026-05-15,campaign roi calculator,/blog/campaign-roi-calculator,India,MOBILE,WEB,Non-Brand,6,90,0.0667,6.31
2026-05-15,marketing reporting tools,/blog/marketing-reporting-tools,UK,MOBILE,WEB,Non-Brand,51,638,0.0799,23.4
2026-05-15,marketing attribution,/blog/marketing-attribution,USA,DESKTOP,WEB,Non-Brand,10,823,0.0122,33.93
2026-05-15,performance marketing analytics,/insights,USA,DESKTOP,WEB,Non-Brand,45,803,0.056,6.09
2026-05-15,paid media dashboard,/insights,Canada,DESKTOP,WEB,Non-Brand,37,744,0.0497,33.58
2026-05-15,marketing data pipeline,/blog/marketing-data-pipeline,USA,DESKTOP,WEB,Non-Brand,24,331,0.0725,34.53
2026-05-15,digital campaign analytics,/insights,USA,DESKTOP,WEB,Non-Brand,46,494,0.0931,2.97
2026-05-15,marketing insights,/blog/marketing-insights,India,DESKTOP,WEB,Non-Brand,44,674,0.0653,11.94
2026-05-15,seo marketing dashboard,/insights,India,DESKTOP,WEB,Non-Brand,35,690,0.0507,11.87
2026-05-15,customer acquisition cost,/blog/customer-acquisition-cost,USA,MOBILE,WEB,Non-Brand,16,898,0.0178,16.99
2026-05-15,roas dashboard,/insights,UK,MOBILE,WEB,Non-Brand,28,442,0.0633,31.31
2026-05-15,marketing roi,/blog/marketing-roi,India,DESKTOP,WEB,Non-Brand,34,705,0.0482,18.46
2026-05-16,marketing analytics dashboard,/insights,Canada,MOBILE,WEB,Brand,2,117,0.0171,29.75
2026-05-16,digital marketing agency,/blog/digital-marketing-agency,USA,DESKTOP,WEB,Non-Brand,33,735,0.0449,9.18
2026-05-16,marketing performance dashboard,/insights,USA,DESKTOP,WEB,Non-Brand,57,610,0.0934,8.44
2026-05-16,best marketing dashboard,/insights,India,MOBILE,WEB,Non-Brand,28,710,0.0394,15.41
2026-05-16,google ads roi,/blog/google-ads-roi,India,MOBILE,WEB,Non-Brand,57,815,0.0699,13.11
2026-05-16,meta ads roi,/blog/meta-ads-roi,India,TABLET,WEB,Non-Brand,51,744,0.0685,29.16
2026-05-16,linkedin ads analytics,/insights,USA,DESKTOP,WEB,Non-Brand,10,199,0.0503,10.67
2026-05-16,marketing kpi dashboard,/insights,UK,MOBILE,WEB,Non-Brand,10,547,0.0183,25.9
2026-05-16,campaign roi calculator,/blog/campaign-roi-calculator,India,DESKTOP,WEB,Non-Brand,12,334,0.0359,21.8
2026-05-16,marketing reporting tools,/blog/marketing-reporting-tools,UK,DESKTOP,WEB,Non-Brand,15,251,0.0598,9.43
2026-05-16,marketing attribution,/blog/marketing-attribution,India,DESKTOP,WEB,Non-Brand,54,593,0.0911,2.9
2026-05-16,performance marketing analytics,/insights,USA,MOBILE,WEB,Non-Brand,10,583,0.0172,13.7
2026-05-16,paid media dashboard,/insights,USA,DESKTOP,WEB,Non-Brand,38,551,0.069,23.22
2026-05-16,marketing data pipeline,/blog/marketing-data-pipeline,India,DESKTOP,WEB,Non-Brand,7,108,0.0648,22.76
2026-05-16,digital campaign analytics,/insights,India,DESKTOP,WEB,Non-Brand,26,817,0.0318,21.54
2026-05-16,marketing insights,/blog/marketing-insights,USA,MOBILE,WEB,Non-Brand,15,524,0.0286,25.5
2026-05-16,seo marketing dashboard,/insights,India,DESKTOP,WEB,Non-Brand,4,96,0.0417,3.93
2026-05-16,customer acquisition cost,/blog/customer-acquisition-cost,USA,DESKTOP,WEB,Non-Brand,29,545,0.0532,12.02
2026-05-16,roas dashboard,/insights,USA,TABLET,WEB,Non-Brand,48,874,0.0549,21.36
2026-05-16,marketing roi,/blog/marketing-roi,USA,DESKTOP,WEB,Non-Brand,51,896,0.0569,30.22
2026-05-17,marketing analytics dashboard,/insights,USA,MOBILE,WEB,Brand,26,403,0.0645,33.57
2026-05-17,digital marketing agency,/blog/digital-marketing-agency,India,MOBILE,WEB,Non-Brand,9,345,0.0261,21.32
2026-05-17,marketing performance dashboard,/insights,UK,DESKTOP,WEB,Non-Brand,55,881,0.0624,31.63
2026-05-17,best marketing dashboard,/insights,India,DESKTOP,WEB,Non-Brand,49,665,0.0737,8.0
2026-05-17,google ads roi,/blog/google-ads-roi,USA,DESKTOP,WEB,Non-Brand,11,176,0.0625,34.44
2026-05-17,meta ads roi,/blog/meta-ads-roi,India,DESKTOP,WEB,Non-Brand,14,477,0.0294,11.97
2026-05-17,linkedin ads analytics,/insights,USA,DESKTOP,WEB,Non-Brand,50,565,0.0885,15.61
2026-05-17,marketing kpi dashboard,/insights,USA,DESKTOP,WEB,Non-Brand,28,358,0.0782,24.76
2026-05-17,campaign roi calculator,/blog/campaign-roi-calculator,India,DESKTOP,WEB,Non-Brand,9,196,0.0459,2.98
2026-05-17,marketing reporting tools,/blog/marketing-reporting-tools,UK,DESKTOP,WEB,Non-Brand,51,538,0.0948,4.07
2026-05-17,marketing attribution,/blog/marketing-attribution,India,MOBILE,WEB,Non-Brand,17,664,0.0256,6.08
2026-05-17,performance marketing analytics,/insights,USA,DESKTOP,WEB,Non-Brand,22,272,0.0809,18.22
2026-05-17,paid media dashboard,/insights,USA,DESKTOP,WEB,Non-Brand,9,196,0.0459,8.99
2026-05-17,marketing data pipeline,/blog/marketing-data-pipeline,USA,MOBILE,WEB,Non-Brand,15,310,0.0484,14.27
2026-05-17,digital campaign analytics,/insights,UK,DESKTOP,WEB,Non-Brand,15,175,0.0857,8.66
2026-05-17,marketing insights,/blog/marketing-insights,USA,MOBILE,WEB,Non-Brand,32,742,0.0431,2.65
2026-05-17,seo marketing dashboard,/insights,UK,MOBILE,WEB,Non-Brand,11,409,0.0269,14.68
2026-05-17,customer acquisition cost,/blog/customer-acquisition-cost,Canada,DESKTOP,WEB,Non-Brand,9,722,0.0125,16.73
2026-05-17,roas dashboard,/insights,UK,DESKTOP,WEB,Non-Brand,8,101,0.0792,26.3
2026-05-17,marketing roi,/blog/marketing-roi,USA,TABLET,WEB,Non-Brand,53,705,0.0752,33.67
2026-05-18,marketing analytics dashboard,/insights,USA,DESKTOP,WEB,Brand,10,698,0.0143,31.87
2026-05-18,digital marketing agency,/blog/digital-marketing-agency,UK,MOBILE,WEB,Non-Brand,12,191,0.0628,3.08
2026-05-18,marketing performance dashboard,/insights,USA,DESKTOP,WEB,Non-Brand,24,786,0.0305,6.7
2026-05-18,best marketing dashboard,/insights,Canada,DESKTOP,WEB,Non-Brand,19,676,0.0281,17.81
2026-05-18,google ads roi,/blog/google-ads-roi,India,DESKTOP,WEB,Non-Brand,23,533,0.0432,9.85
2026-05-18,meta ads roi,/blog/meta-ads-roi,UK,DESKTOP,WEB,Non-Brand,10,130,0.0769,26.63
2026-05-18,linkedin ads analytics,/insights,USA,MOBILE,WEB,Non-Brand,4,304,0.0132,13.86
2026-05-18,marketing kpi dashboard,/insights,UK,DESKTOP,WEB,Non-Brand,18,673,0.0267,16.64
2026-05-18,campaign roi calculator,/blog/campaign-roi-calculator,Canada,DESKTOP,WEB,Non-Brand,3,89,0.0337,7.43
2026-05-18,marketing reporting tools,/blog/marketing-reporting-tools,USA,DESKTOP,WEB,Non-Brand,7,99,0.0707,25.72
2026-05-18,marketing attribution,/blog/marketing-attribution,USA,TABLET,WEB,Non-Brand,11,208,0.0529,10.81
2026-05-18,performance marketing analytics,/insights,USA,MOBILE,WEB,Non-Brand,38,576,0.066,27.92
2026-05-18,paid media dashboard,/insights,India,MOBILE,WEB,Non-Brand,17,234,0.0726,26.95
2026-05-18,marketing data pipeline,/blog/marketing-data-pipeline,USA,DESKTOP,WEB,Non-Brand,17,240,0.0708,9.63
2026-05-18,digital campaign analytics,/insights,USA,MOBILE,WEB,Non-Brand,75,891,0.0842,31.78
2026-05-18,marketing insights,/blog/marketing-insights,USA,MOBILE,WEB,Non-Brand,38,691,0.055,7.5
2026-05-18,seo marketing dashboard,/insights,Canada,DESKTOP,WEB,Non-Brand,43,838,0.0513,4.46
2026-05-18,customer acquisition cost,/blog/customer-acquisition-cost,USA,MOBILE,WEB,Non-Brand,13,315,0.0413,12.5
2026-05-18,roas dashboard,/insights,USA,DESKTOP,WEB,Non-Brand,23,444,0.0518,24.71
2026-05-18,marketing roi,/blog/marketing-roi,USA,DESKTOP,WEB,Non-Brand,25,588,0.0425,28.36
2026-05-19,marketing analytics dashboard,/insights,USA,MOBILE,WEB,Brand,15,360,0.0417,32.64
2026-05-19,digital marketing agency,/blog/digital-marketing-agency,UK,DESKTOP,WEB,Non-Brand,6,175,0.0343,31.14
2026-05-19,marketing performance dashboard,/insights,USA,DESKTOP,WEB,Non-Brand,49,571,0.0858,16.81
2026-05-19,best marketing dashboard,/insights,India,DESKTOP,WEB,Non-Brand,39,518,0.0753,31.57
2026-05-19,google ads roi,/blog/google-ads-roi,India,MOBILE,WEB,Non-Brand,6,143,0.042,13.52
2026-05-19,meta ads roi,/blog/meta-ads-roi,UK,MOBILE,WEB,Non-Brand,22,623,0.0353,34.64
2026-05-19,linkedin ads analytics,/insights,Canada,DESKTOP,WEB,Non-Brand,10,279,0.0358,30.48
2026-05-19,marketing kpi dashboard,/insights,USA,DESKTOP,WEB,Non-Brand,18,540,0.0333,7.09
2026-05-19,campaign roi calculator,/blog/campaign-roi-calculator,India,DESKTOP,WEB,Non-Brand,40,520,0.0769,7.0
2026-05-19,marketing reporting tools,/blog/marketing-reporting-tools,UK,MOBILE,WEB,Non-Brand,47,671,0.07,12.35
2026-05-19,marketing attribution,/blog/marketing-attribution,USA,MOBILE,WEB,Non-Brand,15,360,0.0417,3.11
2026-05-19,performance marketing analytics,/insights,India,MOBILE,WEB,Non-Brand,42,569,0.0738,4.64
2026-05-19,paid media dashboard,/insights,USA,MOBILE,WEB,Non-Brand,17,381,0.0446,10.83
2026-05-19,marketing data pipeline,/blog/marketing-data-pipeline,India,MOBILE,WEB,Non-Brand,5,334,0.015,26.87
2026-05-19,digital campaign analytics,/insights,UK,DESKTOP,WEB,Non-Brand,31,899,0.0345,4.88
2026-05-19,marketing insights,/blog/marketing-insights,USA,DESKTOP,WEB,Non-Brand,7,199,0.0352,10.11
2026-05-19,seo marketing dashboard,/insights,USA,DESKTOP,WEB,Non-Brand,30,442,0.0679,25.39
2026-05-19,customer acquisition cost,/blog/customer-acquisition-cost,USA,TABLET,WEB,Non-Brand,26,489,0.0532,8.07
2026-05-19,roas dashboard,/insights,USA,MOBILE,WEB,Non-Brand,32,668,0.0479,8.98
2026-05-19,marketing roi,/blog/marketing-roi,UK,MOBILE,WEB,Non-Brand,11,398,0.0276,20.36
2026-05-20,marketing analytics dashboard,/insights,USA,DESKTOP,WEB,Brand,6,173,0.0347,31.87
2026-05-20,digital marketing agency,/blog/digital-marketing-agency,USA,DESKTOP,WEB,Non-Brand,18,751,0.024,11.54
2026-05-20,marketing performance dashboard,/insights,USA,MOBILE,WEB,Non-Brand,15,891,0.0168,3.0
2026-05-20,best marketing dashboard,/insights,USA,DESKTOP,WEB,Non-Brand,43,455,0.0945,15.19
2026-05-20,google ads roi,/blog/google-ads-roi,USA,DESKTOP,WEB,Non-Brand,30,881,0.0341,25.18
2026-05-20,meta ads roi,/blog/meta-ads-roi,USA,MOBILE,WEB,Non-Brand,51,818,0.0623,23.28
2026-05-20,linkedin ads analytics,/insights,India,DESKTOP,WEB,Non-Brand,34,732,0.0464,30.46
2026-05-20,marketing kpi dashboard,/insights,India,MOBILE,WEB,Non-Brand,10,241,0.0415,31.22
2026-05-20,campaign roi calculator,/blog/campaign-roi-calculator,India,MOBILE,WEB,Non-Brand,42,873,0.0481,22.46
2026-05-20,marketing reporting tools,/blog/marketing-reporting-tools,India,DESKTOP,WEB,Non-Brand,5,82,0.061,34.25
2026-05-20,marketing attribution,/blog/marketing-attribution,Canada,MOBILE,WEB,Non-Brand,20,312,0.0641,11.38
2026-05-20,performance marketing analytics,/insights,USA,MOBILE,WEB,Non-Brand,19,732,0.026,27.13
2026-05-20,paid media dashboard,/insights,USA,DESKTOP,WEB,Non-Brand,43,698,0.0616,7.6
2026-05-20,marketing data pipeline,/blog/marketing-data-pipeline,India,DESKTOP,WEB,Non-Brand,69,858,0.0804,23.34
2026-05-20,digital campaign analytics,/insights,India,DESKTOP,WEB,Non-Brand,27,840,0.0321,23.09
2026-05-20,marketing insights,/blog/marketing-insights,USA,MOBILE,WEB,Non-Brand,26,542,0.048,4.38
2026-05-20,seo marketing dashboard,/insights,UK,MOBILE,WEB,Non-Brand,13,174,0.0747,13.68
2026-05-20,customer acquisition cost,/blog/customer-acquisition-cost,USA,DESKTOP,WEB,Non-Brand,31,524,0.0592,18.59
2026-05-20,roas dashboard,/insights,UK,DESKTOP,WEB,Non-Brand,22,560,0.0393,11.54
2026-05-20,marketing roi,/blog/marketing-roi,USA,DESKTOP,WEB,Non-Brand,15,747,0.0201,23.44
2026-05-21,marketing analytics dashboard,/insights,USA,MOBILE,WEB,Brand,24,304,0.0789,33.06
2026-05-21,digital marketing agency,/blog/digital-marketing-agency,USA,MOBILE,WEB,Non-Brand,18,677,0.0266,34.82
2026-05-21,marketing performance dashboard,/insights,Canada,MOBILE,WEB,Non-Brand,7,170,0.0412,19.99
2026-05-21,best marketing dashboard,/insights,India,DESKTOP,WEB,Non-Brand,37,764,0.0484,8.31
2026-05-21,google ads roi,/blog/google-ads-roi,UK,DESKTOP,WEB,Non-Brand,7,449,0.0156,3.55
2026-05-21,meta ads roi,/blog/meta-ads-roi,USA,TABLET,WEB,Non-Brand,43,846,0.0508,18.33
2026-05-21,linkedin ads analytics,/insights,USA,DESKTOP,WEB,Non-Brand,14,254,0.0551,6.38
2026-05-21,marketing kpi dashboard,/insights,India,MOBILE,WEB,Non-Brand,12,665,0.018,20.6
2026-05-21,campaign roi calculator,/blog/campaign-roi-calculator,USA,DESKTOP,WEB,Non-Brand,5,270,0.0185,26.05
2026-05-21,marketing reporting tools,/blog/marketing-reporting-tools,India,DESKTOP,WEB,Non-Brand,3,89,0.0337,34.74
2026-05-21,marketing attribution,/blog/marketing-attribution,USA,DESKTOP,WEB,Non-Brand,2,108,0.0185,21.97
2026-05-21,performance marketing analytics,/insights,UK,DESKTOP,WEB,Non-Brand,8,99,0.0808,19.0
2026-05-21,paid media dashboard,/insights,UK,MOBILE,WEB,Non-Brand,43,513,0.0838,17.07
2026-05-21,marketing data pipeline,/blog/marketing-data-pipeline,Canada,MOBILE,WEB,Non-Brand,57,694,0.0821,25.17
2026-05-21,digital campaign analytics,/insights,USA,DESKTOP,WEB,Non-Brand,9,452,0.0199,31.3
2026-05-21,marketing insights,/blog/marketing-insights,UK,MOBILE,WEB,Non-Brand,45,669,0.0673,8.1
2026-05-21,seo marketing dashboard,/insights,Canada,DESKTOP,WEB,Non-Brand,17,188,0.0904,3.15
2026-05-21,customer acquisition cost,/blog/customer-acquisition-cost,Canada,MOBILE,WEB,Non-Brand,71,788,0.0901,29.0
2026-05-21,roas dashboard,/insights,USA,DESKTOP,WEB,Non-Brand,8,475,0.0168,33.26
2026-05-21,marketing roi,/blog/marketing-roi,USA,MOBILE,WEB,Non-Brand,19,476,0.0399,26.84
2026-05-22,marketing analytics dashboard,/insights,India,DESKTOP,WEB,Brand,19,317,0.0599,9.66
2026-05-22,digital marketing agency,/blog/digital-marketing-agency,USA,DESKTOP,WEB,Non-Brand,24,486,0.0494,20.02
2026-05-22,marketing performance dashboard,/insights,USA,TABLET,WEB,Non-Brand,23,682,0.0337,14.19
2026-05-22,best marketing dashboard,/insights,India,DESKTOP,WEB,Non-Brand,57,680,0.0838,11.82
2026-05-22,google ads roi,/blog/google-ads-roi,USA,MOBILE,WEB,Non-Brand,39,612,0.0637,30.12
2026-05-22,meta ads roi,/blog/meta-ads-roi,USA,TABLET,WEB,Non-Brand,50,690,0.0725,27.11
2026-05-22,linkedin ads analytics,/insights,India,DESKTOP,WEB,Non-Brand,42,789,0.0532,14.72
2026-05-22,marketing kpi dashboard,/insights,India,DESKTOP,WEB,Non-Brand,21,847,0.0248,8.86
2026-05-22,campaign roi calculator,/blog/campaign-roi-calculator,India,MOBILE,WEB,Non-Brand,14,361,0.0388,25.54
2026-05-22,marketing reporting tools,/blog/marketing-reporting-tools,India,DESKTOP,WEB,Non-Brand,38,563,0.0675,28.23
2026-05-22,marketing attribution,/blog/marketing-attribution,UK,TABLET,WEB,Non-Brand,5,179,0.0279,9.48
2026-05-22,performance marketing analytics,/insights,USA,MOBILE,WEB,Non-Brand,25,290,0.0862,18.64
2026-05-22,paid media dashboard,/insights,Canada,MOBILE,WEB,Non-Brand,19,793,0.024,15.27
2026-05-22,marketing data pipeline,/blog/marketing-data-pipeline,UK,DESKTOP,WEB,Non-Brand,20,525,0.0381,3.68
2026-05-22,digital campaign analytics,/insights,USA,DESKTOP,WEB,Non-Brand,13,808,0.0161,33.49
2026-05-22,marketing insights,/blog/marketing-insights,India,MOBILE,WEB,Non-Brand,13,284,0.0458,18.47
2026-05-22,seo marketing dashboard,/insights,India,MOBILE,WEB,Non-Brand,29,459,0.0632,9.79
2026-05-22,customer acquisition cost,/blog/customer-acquisition-cost,USA,DESKTOP,WEB,Non-Brand,6,169,0.0355,26.54
2026-05-22,roas dashboard,/insights,UK,DESKTOP,WEB,Non-Brand,8,582,0.0137,10.18
2026-05-22,marketing roi,/blog/marketing-roi,India,MOBILE,WEB,Non-Brand,14,720,0.0194,3.54
2026-05-23,marketing analytics dashboard,/insights,USA,MOBILE,WEB,Brand,5,417,0.012,31.55
2026-05-23,digital marketing agency,/blog/digital-marketing-agency,USA,MOBILE,WEB,Non-Brand,19,276,0.0688,3.41
2026-05-23,marketing performance dashboard,/insights,USA,DESKTOP,WEB,Non-Brand,11,810,0.0136,4.41
2026-05-23,best marketing dashboard,/insights,Canada,DESKTOP,WEB,Non-Brand,20,701,0.0285,22.38
2026-05-23,google ads roi,/blog/google-ads-roi,India,DESKTOP,WEB,Non-Brand,10,829,0.0121,33.43
2026-05-23,meta ads roi,/blog/meta-ads-roi,USA,TABLET,WEB,Non-Brand,32,736,0.0435,5.99
2026-05-23,linkedin ads analytics,/insights,USA,DESKTOP,WEB,Non-Brand,6,418,0.0144,31.52
2026-05-23,marketing kpi dashboard,/insights,USA,DESKTOP,WEB,Non-Brand,9,122,0.0738,7.97
2026-05-23,campaign roi calculator,/blog/campaign-roi-calculator,USA,MOBILE,WEB,Non-Brand,23,334,0.0689,16.11
2026-05-23,marketing reporting tools,/blog/marketing-reporting-tools,India,DESKTOP,WEB,Non-Brand,4,201,0.0199,29.98
2026-05-23,marketing attribution,/blog/marketing-attribution,USA,MOBILE,WEB,Non-Brand,48,671,0.0715,28.06
2026-05-23,performance marketing analytics,/insights,USA,DESKTOP,WEB,Non-Brand,2,206,0.0097,14.84
2026-05-23,paid media dashboard,/insights,USA,MOBILE,WEB,Non-Brand,2,134,0.0149,31.56
2026-05-23,marketing data pipeline,/blog/marketing-data-pipeline,UK,DESKTOP,WEB,Non-Brand,60,736,0.0815,21.03
2026-05-23,digital campaign analytics,/insights,USA,DESKTOP,WEB,Non-Brand,19,707,0.0269,25.74
2026-05-23,marketing insights,/blog/marketing-insights,India,MOBILE,WEB,Non-Brand,10,309,0.0324,20.64
2026-05-23,seo marketing dashboard,/insights,India,DESKTOP,WEB,Non-Brand,18,473,0.0381,12.19
2026-05-23,customer acquisition cost,/blog/customer-acquisition-cost,USA,MOBILE,WEB,Non-Brand,43,565,0.0761,17.74
2026-05-23,roas dashboard,/insights,Canada,DESKTOP,WEB,Non-Brand,20,874,0.0229,6.88
2026-05-23,marketing roi,/blog/marketing-roi,USA,MOBILE,WEB,Non-Brand,7,175,0.04,31.11
2026-05-24,marketing analytics dashboard,/insights,USA,DESKTOP,WEB,Brand,31,615,0.0504,23.65
2026-05-24,digital marketing agency,/blog/digital-marketing-agency,UK,MOBILE,WEB,Non-Brand,21,339,0.0619,15.15
2026-05-24,marketing performance dashboard,/insights,India,DESKTOP,WEB,Non-Brand,39,687,0.0568,9.27
2026-05-24,best marketing dashboard,/insights,USA,MOBILE,WEB,Non-Brand,36,486,0.0741,31.97
2026-05-24,google ads roi,/blog/google-ads-roi,India,DESKTOP,WEB,Non-Brand,32,532,0.0602,13.13
2026-05-24,meta ads roi,/blog/meta-ads-roi,India,TABLET,WEB,Non-Brand,48,805,0.0596,33.74
2026-05-24,linkedin ads analytics,/insights,Canada,TABLET,WEB,Non-Brand,6,429,0.014,32.25
2026-05-24,marketing kpi dashboard,/insights,USA,MOBILE,WEB,Non-Brand,22,479,0.0459,32.93
2026-05-24,campaign roi calculator,/blog/campaign-roi-calculator,USA,DESKTOP,WEB,Non-Brand,3,206,0.0146,19.29
2026-05-24,marketing reporting tools,/blog/marketing-reporting-tools,Canada,MOBILE,WEB,Non-Brand,13,576,0.0226,33.44
2026-05-24,marketing attribution,/blog/marketing-attribution,Canada,MOBILE,WEB,Non-Brand,39,487,0.0801,5.24
2026-05-24,performance marketing analytics,/insights,USA,MOBILE,WEB,Non-Brand,37,646,0.0573,22.39
2026-05-24,paid media dashboard,/insights,USA,MOBILE,WEB,Non-Brand,58,705,0.0823,29.69
2026-05-24,marketing data pipeline,/blog/marketing-data-pipeline,USA,DESKTOP,WEB,Non-Brand,40,505,0.0792,31.91
2026-05-24,digital campaign analytics,/insights,India,MOBILE,WEB,Non-Brand,35,682,0.0513,8.0
2026-05-24,marketing insights,/blog/marketing-insights,USA,DESKTOP,WEB,Non-Brand,34,824,0.0413,7.9
2026-05-24,seo marketing dashboard,/insights,India,MOBILE,WEB,Non-Brand,38,710,0.0535,31.12
2026-05-24,customer acquisition cost,/blog/customer-acquisition-cost,UK,MOBILE,WEB,Non-Brand,3,93,0.0323,9.19
2026-05-24,roas dashboard,/insights,UK,DESKTOP,WEB,Non-Brand,54,704,0.0767,13.75
2026-05-24,marketing roi,/blog/marketing-roi,USA,DESKTOP,WEB,Non-Brand,43,458,0.0939,2.64
2026-05-25,marketing analytics dashboard,/insights,India,MOBILE,WEB,Brand,67,852,0.0786,11.1
2026-05-25,digital marketing agency,/blog/digital-marketing-agency,USA,DESKTOP,WEB,Non-Brand,4,244,0.0164,25.97
2026-05-25,marketing performance dashboard,/insights,UK,DESKTOP,WEB,Non-Brand,19,242,0.0785,17.41
2026-05-25,best marketing dashboard,/insights,USA,DESKTOP,WEB,Non-Brand,57,764,0.0746,9.42
2026-05-25,google ads roi,/blog/google-ads-roi,USA,DESKTOP,WEB,Non-Brand,42,687,0.0611,9.21
2026-05-25,meta ads roi,/blog/meta-ads-roi,UK,MOBILE,WEB,Non-Brand,5,309,0.0162,8.44
2026-05-25,linkedin ads analytics,/insights,USA,DESKTOP,WEB,Non-Brand,4,124,0.0323,14.99
2026-05-25,marketing kpi dashboard,/insights,USA,DESKTOP,WEB,Non-Brand,53,809,0.0655,18.79
2026-05-25,campaign roi calculator,/blog/campaign-roi-calculator,USA,MOBILE,WEB,Non-Brand,13,370,0.0351,26.05
2026-05-25,marketing reporting tools,/blog/marketing-reporting-tools,Canada,MOBILE,WEB,Non-Brand,1,96,0.0104,14.98
2026-05-25,marketing attribution,/blog/marketing-attribution,USA,MOBILE,WEB,Non-Brand,12,166,0.0723,20.17
2026-05-25,performance marketing analytics,/insights,USA,DESKTOP,WEB,Non-Brand,15,679,0.0221,10.65
2026-05-25,paid media dashboard,/insights,USA,MOBILE,WEB,Non-Brand,31,510,0.0608,15.19
2026-05-25,marketing data pipeline,/blog/marketing-data-pipeline,India,DESKTOP,WEB,Non-Brand,57,615,0.0927,33.04
2026-05-25,digital campaign analytics,/insights,USA,DESKTOP,WEB,Non-Brand,22,271,0.0812,8.21
2026-05-25,marketing insights,/blog/marketing-insights,UK,DESKTOP,WEB,Non-Brand,8,522,0.0153,15.55
2026-05-25,seo marketing dashboard,/insights,India,MOBILE,WEB,Non-Brand,14,202,0.0693,9.09
2026-05-25,customer acquisition cost,/blog/customer-acquisition-cost,USA,DESKTOP,WEB,Non-Brand,34,528,0.0644,4.96
2026-05-25,roas dashboard,/insights,USA,MOBILE,WEB,Non-Brand,55,686,0.0802,24.85
2026-05-25,marketing roi,/blog/marketing-roi,UK,MOBILE,WEB,Non-Brand,37,624,0.0593,31.65
2026-05-26,marketing analytics dashboard,/insights,USA,MOBILE,WEB,Brand,11,438,0.0251,28.96
2026-05-26,digital marketing agency,/blog/digital-marketing-agency,India,DESKTOP,WEB,Non-Brand,47,568,0.0827,18.28
2026-05-26,marketing performance dashboard,/insights,India,MOBILE,WEB,Non-Brand,10,403,0.0248,6.41
2026-05-26,best marketing dashboard,/insights,UK,DESKTOP,WEB,Non-Brand,22,362,0.0608,30.92
2026-05-26,google ads roi,/blog/google-ads-roi,India,MOBILE,WEB,Non-Brand,35,443,0.079,14.8
2026-05-26,meta ads roi,/blog/meta-ads-roi,UK,DESKTOP,WEB,Non-Brand,7,362,0.0193,10.24
2026-05-26,linkedin ads analytics,/insights,USA,MOBILE,WEB,Non-Brand,14,153,0.0915,29.2
2026-05-26,marketing kpi dashboard,/insights,USA,DESKTOP,WEB,Non-Brand,3,80,0.0375,20.81
2026-05-26,campaign roi calculator,/blog/campaign-roi-calculator,USA,DESKTOP,WEB,Non-Brand,6,102,0.0588,24.27
2026-05-26,marketing reporting tools,/blog/marketing-reporting-tools,India,DESKTOP,WEB,Non-Brand,8,273,0.0293,26.04
2026-05-26,marketing attribution,/blog/marketing-attribution,India,DESKTOP,WEB,Non-Brand,9,360,0.025,20.81
2026-05-26,performance marketing analytics,/insights,USA,DESKTOP,WEB,Non-Brand,7,316,0.0222,11.28
2026-05-26,paid media dashboard,/insights,India,MOBILE,WEB,Non-Brand,3,269,0.0112,7.38
2026-05-26,marketing data pipeline,/blog/marketing-data-pipeline,USA,DESKTOP,WEB,Non-Brand,13,188,0.0691,3.74
2026-05-26,digital campaign analytics,/insights,Canada,MOBILE,WEB,Non-Brand,2,125,0.016,4.29
2026-05-26,marketing insights,/blog/marketing-insights,UK,DESKTOP,WEB,Non-Brand,18,758,0.0237,14.1
2026-05-26,seo marketing dashboard,/insights,India,MOBILE,WEB,Non-Brand,16,278,0.0576,34.94
2026-05-26,customer acquisition cost,/blog/customer-acquisition-cost,UK,DESKTOP,WEB,Non-Brand,28,601,0.0466,11.99
2026-05-26,roas dashboard,/insights,India,DESKTOP,WEB,Non-Brand,9,157,0.0573,29.28
2026-05-26,marketing roi,/blog/marketing-roi,USA,DESKTOP,WEB,Non-Brand,65,794,0.0819,29.25
2026-05-27,marketing analytics dashboard,/insights,USA,MOBILE,WEB,Brand,15,263,0.057,19.74
2026-05-27,digital marketing agency,/blog/digital-marketing-agency,UK,DESKTOP,WEB,Non-Brand,33,778,0.0424,24.75
2026-05-27,marketing performance dashboard,/insights,USA,MOBILE,WEB,Non-Brand,21,400,0.0525,20.77
2026-05-27,best marketing dashboard,/insights,USA,DESKTOP,WEB,Non-Brand,53,679,0.0781,7.42
2026-05-27,google ads roi,/blog/google-ads-roi,USA,DESKTOP,WEB,Non-Brand,4,170,0.0235,15.7
2026-05-27,meta ads roi,/blog/meta-ads-roi,India,MOBILE,WEB,Non-Brand,6,340,0.0176,7.46
2026-05-27,linkedin ads analytics,/insights,USA,TABLET,WEB,Non-Brand,35,418,0.0837,34.74
2026-05-27,marketing kpi dashboard,/insights,USA,DESKTOP,WEB,Non-Brand,46,552,0.0833,3.22
2026-05-27,campaign roi calculator,/blog/campaign-roi-calculator,USA,MOBILE,WEB,Non-Brand,30,813,0.0369,23.97
2026-05-27,marketing reporting tools,/blog/marketing-reporting-tools,USA,MOBILE,WEB,Non-Brand,23,506,0.0455,27.49
2026-05-27,marketing attribution,/blog/marketing-attribution,Canada,DESKTOP,WEB,Non-Brand,14,750,0.0187,24.63
2026-05-27,performance marketing analytics,/insights,India,MOBILE,WEB,Non-Brand,10,182,0.0549,8.92
2026-05-27,paid media dashboard,/insights,India,MOBILE,WEB,Non-Brand,3,109,0.0275,29.68
2026-05-27,marketing data pipeline,/blog/marketing-data-pipeline,USA,MOBILE,WEB,Non-Brand,21,542,0.0387,12.81
2026-05-27,digital campaign analytics,/insights,USA,DESKTOP,WEB,Non-Brand,35,532,0.0658,27.62
2026-05-27,marketing insights,/blog/marketing-insights,USA,MOBILE,WEB,Non-Brand,11,256,0.043,33.01
2026-05-27,seo marketing dashboard,/insights,India,DESKTOP,WEB,Non-Brand,44,696,0.0632,7.94
2026-05-27,customer acquisition cost,/blog/customer-acquisition-cost,USA,MOBILE,WEB,Non-Brand,8,518,0.0154,3.66
2026-05-27,roas dashboard,/insights,UK,MOBILE,WEB,Non-Brand,21,429,0.049,33.11
2026-05-27,marketing roi,/blog/marketing-roi,UK,DESKTOP,WEB,Non-Brand,31,604,0.0513,27.73
2026-05-28,marketing analytics dashboard,/insights,UK,DESKTOP,WEB,Brand,16,271,0.059,34.19
2026-05-28,digital marketing agency,/blog/digital-marketing-agency,USA,MOBILE,WEB,Non-Brand,2,84,0.0238,26.82
2026-05-28,marketing performance dashboard,/insights,India,MOBILE,WEB,Non-Brand,27,508,0.0531,25.18
2026-05-28,best marketing dashboard,/insights,USA,MOBILE,WEB,Non-Brand,11,134,0.0821,11.65
2026-05-28,google ads roi,/blog/google-ads-roi,USA,DESKTOP,WEB,Non-Brand,13,735,0.0177,18.07
2026-05-28,meta ads roi,/blog/meta-ads-roi,USA,DESKTOP,WEB,Non-Brand,3,82,0.0366,32.92
2026-05-28,linkedin ads analytics,/insights,Canada,DESKTOP,WEB,Non-Brand,24,707,0.0339,28.59
2026-05-28,marketing kpi dashboard,/insights,Canada,MOBILE,WEB,Non-Brand,32,491,0.0652,19.2
2026-05-28,campaign roi calculator,/blog/campaign-roi-calculator,USA,DESKTOP,WEB,Non-Brand,7,498,0.0141,3.82
2026-05-28,marketing reporting tools,/blog/marketing-reporting-tools,USA,MOBILE,WEB,Non-Brand,4,169,0.0237,3.16
2026-05-28,marketing attribution,/blog/marketing-attribution,UK,DESKTOP,WEB,Non-Brand,13,702,0.0185,22.19
2026-05-28,performance marketing analytics,/insights,Canada,MOBILE,WEB,Non-Brand,42,467,0.0899,9.69
2026-05-28,paid media dashboard,/insights,UK,DESKTOP,WEB,Non-Brand,19,279,0.0681,10.6
2026-05-28,marketing data pipeline,/blog/marketing-data-pipeline,UK,DESKTOP,WEB,Non-Brand,12,212,0.0566,27.63
2026-05-28,digital campaign analytics,/insights,USA,DESKTOP,WEB,Non-Brand,38,703,0.0541,33.85
2026-05-28,marketing insights,/blog/marketing-insights,UK,DESKTOP,WEB,Non-Brand,59,832,0.0709,8.42
2026-05-28,seo marketing dashboard,/insights,India,DESKTOP,WEB,Non-Brand,38,755,0.0503,28.67
2026-05-28,customer acquisition cost,/blog/customer-acquisition-cost,USA,MOBILE,WEB,Non-Brand,8,98,0.0816,4.55
2026-05-28,roas dashboard,/insights,USA,MOBILE,WEB,Non-Brand,32,886,0.0361,32.41
2026-05-28,marketing roi,/blog/marketing-roi,India,MOBILE,WEB,Non-Brand,25,874,0.0286,32.33
2026-05-29,marketing analytics dashboard,/insights,USA,DESKTOP,WEB,Brand,21,299,0.0702,11.45
2026-05-29,digital marketing agency,/blog/digital-marketing-agency,India,MOBILE,WEB,Non-Brand,20,790,0.0253,34.73
2026-05-29,marketing performance dashboard,/insights,USA,DESKTOP,WEB,Non-Brand,12,173,0.0694,18.12
2026-05-29,best marketing dashboard,/insights,India,DESKTOP,WEB,Non-Brand,10,141,0.0709,17.18
2026-05-29,google ads roi,/blog/google-ads-roi,UK,MOBILE,WEB,Non-Brand,4,131,0.0305,12.32
2026-05-29,meta ads roi,/blog/meta-ads-roi,Canada,DESKTOP,WEB,Non-Brand,37,868,0.0426,8.35
2026-05-29,linkedin ads analytics,/insights,USA,DESKTOP,WEB,Non-Brand,3,97,0.0309,10.5
2026-05-29,marketing kpi dashboard,/insights,USA,MOBILE,WEB,Non-Brand,18,620,0.029,9.4
2026-05-29,campaign roi calculator,/blog/campaign-roi-calculator,USA,DESKTOP,WEB,Non-Brand,47,654,0.0719,10.66
2026-05-29,marketing reporting tools,/blog/marketing-reporting-tools,India,MOBILE,WEB,Non-Brand,7,82,0.0854,22.27
2026-05-29,marketing attribution,/blog/marketing-attribution,India,MOBILE,WEB,Non-Brand,13,138,0.0942,19.31
2026-05-29,performance marketing analytics,/insights,India,MOBILE,WEB,Non-Brand,35,677,0.0517,9.05
2026-05-29,paid media dashboard,/insights,USA,DESKTOP,WEB,Non-Brand,23,272,0.0846,9.02
2026-05-29,marketing data pipeline,/blog/marketing-data-pipeline,USA,MOBILE,WEB,Non-Brand,17,206,0.0825,16.31
2026-05-29,digital campaign analytics,/insights,India,MOBILE,WEB,Non-Brand,41,695,0.059,20.43
2026-05-29,marketing insights,/blog/marketing-insights,USA,DESKTOP,WEB,Non-Brand,41,464,0.0884,16.35
2026-05-29,seo marketing dashboard,/insights,India,DESKTOP,WEB,Non-Brand,33,571,0.0578,30.96
2026-05-29,customer acquisition cost,/blog/customer-acquisition-cost,UK,DESKTOP,WEB,Non-Brand,6,113,0.0531,19.79
2026-05-29,roas dashboard,/insights,USA,MOBILE,WEB,Non-Brand,3,111,0.027,11.19
2026-05-29,marketing roi,/blog/marketing-roi,UK,DESKTOP,WEB,Non-Brand,8,456,0.0175,14.97
2026-05-30,marketing analytics dashboard,/insights,India,DESKTOP,WEB,Brand,8,121,0.0661,20.89
2026-05-30,digital marketing agency,/blog/digital-marketing-agency,India,DESKTOP,WEB,Non-Brand,29,661,0.0439,6.76
2026-05-30,marketing performance dashboard,/insights,USA,MOBILE,WEB,Non-Brand,78,898,0.0869,25.81
2026-05-30,best marketing dashboard,/insights,UK,MOBILE,WEB,Non-Brand,16,517,0.0309,12.71
2026-05-30,google ads roi,/blog/google-ads-roi,Canada,DESKTOP,WEB,Non-Brand,40,597,0.067,21.15
2026-05-30,meta ads roi,/blog/meta-ads-roi,India,DESKTOP,WEB,Non-Brand,5,325,0.0154,20.3
2026-05-30,linkedin ads analytics,/insights,India,DESKTOP,WEB,Non-Brand,33,462,0.0714,9.29
2026-05-30,marketing kpi dashboard,/insights,India,DESKTOP,WEB,Non-Brand,10,638,0.0157,25.7
2026-05-30,campaign roi calculator,/blog/campaign-roi-calculator,India,DESKTOP,WEB,Non-Brand,49,734,0.0668,13.76
2026-05-30,marketing reporting tools,/blog/marketing-reporting-tools,USA,DESKTOP,WEB,Non-Brand,22,847,0.026,5.63
2026-05-30,marketing attribution,/blog/marketing-attribution,USA,MOBILE,WEB,Non-Brand,17,733,0.0232,13.29
2026-05-30,performance marketing analytics,/insights,India,DESKTOP,WEB,Non-Brand,28,486,0.0576,28.12
2026-05-30,paid media dashboard,/insights,India,MOBILE,WEB,Non-Brand,52,778,0.0668,24.27
2026-05-30,marketing data pipeline,/blog/marketing-data-pipeline,USA,DESKTOP,WEB,Non-Brand,7,83,0.0843,4.97
2026-05-30,digital campaign analytics,/insights,USA,DESKTOP,WEB,Non-Brand,54,653,0.0827,23.81
2026-05-30,marketing insights,/blog/marketing-insights,USA,DESKTOP,WEB,Non-Brand,63,803,0.0785,3.21
2026-05-30,seo marketing dashboard,/insights,USA,MOBILE,WEB,Non-Brand,17,195,0.0872,24.29
2026-05-30,customer acquisition cost,/blog/customer-acquisition-cost,India,DESKTOP,WEB,Non-Brand,16,362,0.0442,6.29
2026-05-30,roas dashboard,/insights,UK,MOBILE,WEB,Non-Brand,34,501,0.0679,4.32
2026-05-30,marketing roi,/blog/marketing-roi,UK,DESKTOP,WEB,Non-Brand,14,797,0.0176,15.94
2026-05-31,marketing analytics dashboard,/insights,UK,DESKTOP,WEB,Brand,11,322,0.0342,24.18
2026-05-31,digital marketing agency,/blog/digital-marketing-agency,USA,MOBILE,WEB,Non-Brand,40,611,0.0655,21.77
2026-05-31,marketing performance dashboard,/insights,UK,DESKTOP,WEB,Non-Brand,6,165,0.0364,25.74
2026-05-31,best marketing dashboard,/insights,USA,DESKTOP,WEB,Non-Brand,55,834,0.0659,29.07
2026-05-31,google ads roi,/blog/google-ads-roi,UK,DESKTOP,WEB,Non-Brand,38,794,0.0479,28.83
2026-05-31,meta ads roi,/blog/meta-ads-roi,India,DESKTOP,WEB,Non-Brand,15,798,0.0188,25.79
2026-05-31,linkedin ads analytics,/insights,USA,DESKTOP,WEB,Non-Brand,14,221,0.0633,10.4
2026-05-31,marketing kpi dashboard,/insights,USA,MOBILE,WEB,Non-Brand,2,118,0.0169,12.44
2026-05-31,campaign roi calculator,/blog/campaign-roi-calculator,India,DESKTOP,WEB,Non-Brand,8,378,0.0212,25.69
2026-05-31,marketing reporting tools,/blog/marketing-reporting-tools,USA,TABLET,WEB,Non-Brand,10,202,0.0495,10.49
2026-05-31,marketing attribution,/blog/marketing-attribution,USA,DESKTOP,WEB,Non-Brand,27,301,0.0897,24.21
2026-05-31,performance marketing analytics,/insights,USA,DESKTOP,WEB,Non-Brand,25,887,0.0282,11.12
2026-05-31,paid media dashboard,/insights,USA,DESKTOP,WEB,Non-Brand,66,861,0.0767,12.68
2026-05-31,marketing data pipeline,/blog/marketing-data-pipeline,Canada,DESKTOP,WEB,Non-Brand,4,272,0.0147,24.6
2026-05-31,digital campaign analytics,/insights,Canada,DESKTOP,WEB,Non-Brand,11,260,0.0423,8.67
2026-05-31,marketing insights,/blog/marketing-insights,India,MOBILE,WEB,Non-Brand,18,343,0.0525,17.99
2026-05-31,seo marketing dashboard,/insights,India,DESKTOP,WEB,Non-Brand,59,862,0.0684,25.65
2026-05-31,customer acquisition cost,/blog/customer-acquisition-cost,India,DESKTOP,WEB,Non-Brand,23,553,0.0416,17.9
2026-05-31,roas dashboard,/insights,India,DESKTOP,WEB,Non-Brand,28,803,0.0349,23.69
2026-05-31,marketing roi,/blog/marketing-roi,India,MOBILE,WEB,Non-Brand,50,542,0.0923,3.4
2026-06-01,marketing analytics dashboard,/insights,USA,DESKTOP,WEB,Brand,20,256,0.0781,34.23
2026-06-01,digital marketing agency,/blog/digital-marketing-agency,UK,DESKTOP,WEB,Non-Brand,33,678,0.0487,5.29
2026-06-01,marketing performance dashboard,/insights,UK,MOBILE,WEB,Non-Brand,17,332,0.0512,8.81
2026-06-01,best marketing dashboard,/insights,India,MOBILE,WEB,Non-Brand,45,493,0.0913,7.99
2026-06-01,google ads roi,/blog/google-ads-roi,USA,MOBILE,WEB,Non-Brand,15,230,0.0652,27.66
2026-06-01,meta ads roi,/blog/meta-ads-roi,USA,DESKTOP,WEB,Non-Brand,16,479,0.0334,4.97
2026-06-01,linkedin ads analytics,/insights,India,DESKTOP,WEB,Non-Brand,8,97,0.0825,7.73
2026-06-01,marketing kpi dashboard,/insights,India,MOBILE,WEB,Non-Brand,33,546,0.0604,27.25
2026-06-01,campaign roi calculator,/blog/campaign-roi-calculator,USA,DESKTOP,WEB,Non-Brand,9,210,0.0429,15.59
2026-06-01,marketing reporting tools,/blog/marketing-reporting-tools,UK,DESKTOP,WEB,Non-Brand,10,150,0.0667,10.44
2026-06-01,marketing attribution,/blog/marketing-attribution,USA,DESKTOP,WEB,Non-Brand,53,608,0.0872,6.2
2026-06-01,performance marketing analytics,/insights,UK,DESKTOP,WEB,Non-Brand,10,608,0.0164,4.16
2026-06-01,paid media dashboard,/insights,India,MOBILE,WEB,Non-Brand,32,412,0.0777,14.73
2026-06-01,marketing data pipeline,/blog/marketing-data-pipeline,USA,DESKTOP,WEB,Non-Brand,27,584,0.0462,15.39
2026-06-01,digital campaign analytics,/insights,USA,DESKTOP,WEB,Non-Brand,26,868,0.03,9.45
2026-06-01,marketing insights,/blog/marketing-insights,USA,DESKTOP,WEB,Non-Brand,39,556,0.0701,22.65
2026-06-01,seo marketing dashboard,/insights,India,TABLET,WEB,Non-Brand,4,371,0.0108,9.8
2026-06-01,customer acquisition cost,/blog/customer-acquisition-cost,USA,DESKTOP,WEB,Non-Brand,6,464,0.0129,23.05
2026-06-01,roas dashboard,/insights,USA,DESKTOP,WEB,Non-Brand,10,185,0.0541,26.92
2026-06-01,marketing roi,/blog/marketing-roi,India,DESKTOP,WEB,Non-Brand,9,262,0.0344,9.91
2026-06-02,marketing analytics dashboard,/insights,Canada,MOBILE,WEB,Brand,32,619,0.0517,3.5
2026-06-02,digital marketing agency,/blog/digital-marketing-agency,USA,TABLET,WEB,Non-Brand,3,299,0.01,30.43
2026-06-02,marketing performance dashboard,/insights,UK,DESKTOP,WEB,Non-Brand,66,751,0.0879,5.77
2026-06-02,best marketing dashboard,/insights,USA,DESKTOP,WEB,Non-Brand,37,745,0.0497,2.99
2026-06-02,google ads roi,/blog/google-ads-roi,USA,MOBILE,WEB,Non-Brand,20,586,0.0341,18.44
2026-06-02,meta ads roi,/blog/meta-ads-roi,UK,MOBILE,WEB,Non-Brand,9,200,0.045,29.56
2026-06-02,linkedin ads analytics,/insights,UK,MOBILE,WEB,Non-Brand,58,868,0.0668,16.23
2026-06-02,marketing kpi dashboard,/insights,USA,DESKTOP,WEB,Non-Brand,20,285,0.0702,27.81
2026-06-02,campaign roi calculator,/blog/campaign-roi-calculator,USA,TABLET,WEB,Non-Brand,51,694,0.0735,10.6
2026-06-02,marketing reporting tools,/blog/marketing-reporting-tools,USA,DESKTOP,WEB,Non-Brand,7,149,0.047,16.57
2026-06-02,marketing attribution,/blog/marketing-attribution,Canada,DESKTOP,WEB,Non-Brand,34,434,0.0783,24.87
2026-06-02,performance marketing analytics,/insights,UK,DESKTOP,WEB,Non-Brand,55,743,0.074,24.55
2026-06-02,paid media dashboard,/insights,India,MOBILE,WEB,Non-Brand,23,680,0.0338,14.0
2026-06-02,marketing data pipeline,/blog/marketing-data-pipeline,USA,MOBILE,WEB,Non-Brand,44,699,0.0629,24.77
2026-06-02,digital campaign analytics,/insights,India,DESKTOP,WEB,Non-Brand,9,307,0.0293,33.86
2026-06-02,marketing insights,/blog/marketing-insights,USA,MOBILE,WEB,Non-Brand,3,132,0.0227,25.68
2026-06-02,seo marketing dashboard,/insights,USA,DESKTOP,WEB,Non-Brand,7,103,0.068,21.33
2026-06-02,customer acquisition cost,/blog/customer-acquisition-cost,Canada,DESKTOP,WEB,Non-Brand,14,167,0.0838,9.34
2026-06-02,roas dashboard,/insights,USA,MOBILE,WEB,Non-Brand,38,864,0.044,8.52
2026-06-02,marketing roi,/blog/marketing-roi,USA,MOBILE,WEB,Non-Brand,28,832,0.0337,20.61
2026-06-03,marketing analytics dashboard,/insights,Canada,DESKTOP,WEB,Brand,14,158,0.0886,19.32
2026-06-03,digital marketing agency,/blog/digital-marketing-agency,India,MOBILE,WEB,Non-Brand,51,579,0.0881,33.87
2026-06-03,marketing performance dashboard,/insights,Canada,MOBILE,WEB,Non-Brand,2,93,0.0215,14.18
2026-06-03,best marketing dashboard,/insights,India,DESKTOP,WEB,Non-Brand,13,308,0.0422,30.95
2026-06-03,google ads roi,/blog/google-ads-roi,UK,DESKTOP,WEB,Non-Brand,45,608,0.074,13.26
2026-06-03,meta ads roi,/blog/meta-ads-roi,India,DESKTOP,WEB,Non-Brand,8,116,0.069,6.6
2026-06-03,linkedin ads analytics,/insights,India,MOBILE,WEB,Non-Brand,77,881,0.0874,33.15
2026-06-03,marketing kpi dashboard,/insights,USA,DESKTOP,WEB,Non-Brand,20,460,0.0435,17.97
2026-06-03,campaign roi calculator,/blog/campaign-roi-calculator,USA,DESKTOP,WEB,Non-Brand,18,207,0.087,18.45
2026-06-03,marketing reporting tools,/blog/marketing-reporting-tools,USA,DESKTOP,WEB,Non-Brand,3,271,0.0111,12.89
2026-06-03,marketing attribution,/blog/marketing-attribution,USA,MOBILE,WEB,Non-Brand,12,710,0.0169,23.11
2026-06-03,performance marketing analytics,/insights,India,MOBILE,WEB,Non-Brand,8,142,0.0563,14.89
2026-06-03,paid media dashboard,/insights,UK,DESKTOP,WEB,Non-Brand,28,699,0.0401,3.02
2026-06-03,marketing data pipeline,/blog/marketing-data-pipeline,USA,TABLET,WEB,Non-Brand,11,574,0.0192,8.96
2026-06-03,digital campaign analytics,/insights,UK,MOBILE,WEB,Non-Brand,9,410,0.022,24.34
2026-06-03,marketing insights,/blog/marketing-insights,India,DESKTOP,WEB,Non-Brand,60,828,0.0725,34.26
2026-06-03,seo marketing dashboard,/insights,India,MOBILE,WEB,Non-Brand,31,415,0.0747,13.78
2026-06-03,customer acquisition cost,/blog/customer-acquisition-cost,USA,DESKTOP,WEB,Non-Brand,4,324,0.0123,5.73
2026-06-03,roas dashboard,/insights,USA,DESKTOP,WEB,Non-Brand,53,587,0.0903,9.45
2026-06-03,marketing roi,/blog/marketing-roi,USA,MOBILE,WEB,Non-Brand,30,595,0.0504,34.78
2026-06-04,marketing analytics dashboard,/insights,USA,DESKTOP,WEB,Brand,10,325,0.0308,24.65
2026-06-04,digital marketing agency,/blog/digital-marketing-agency,USA,DESKTOP,WEB,Non-Brand,7,437,0.016,15.67
2026-06-04,marketing performance dashboard,/insights,India,DESKTOP,WEB,Non-Brand,2,140,0.0143,16.43
2026-06-04,best marketing dashboard,/insights,UK,DESKTOP,WEB,Non-Brand,20,226,0.0885,28.66
2026-06-04,google ads roi,/blog/google-ads-roi,USA,DESKTOP,WEB,Non-Brand,22,285,0.0772,5.27
2026-06-04,meta ads roi,/blog/meta-ads-roi,India,MOBILE,WEB,Non-Brand,12,258,0.0465,17.93
2026-06-04,linkedin ads analytics,/insights,India,MOBILE,WEB,Non-Brand,40,436,0.0917,17.22
2026-06-04,marketing kpi dashboard,/insights,USA,DESKTOP,WEB,Non-Brand,61,656,0.093,2.68
2026-06-04,campaign roi calculator,/blog/campaign-roi-calculator,UK,DESKTOP,WEB,Non-Brand,27,302,0.0894,4.37
2026-06-04,marketing reporting tools,/blog/marketing-reporting-tools,UK,DESKTOP,WEB,Non-Brand,10,317,0.0315,18.16
2026-06-04,marketing attribution,/blog/marketing-attribution,India,MOBILE,WEB,Non-Brand,11,506,0.0217,34.24
2026-06-04,performance marketing analytics,/insights,USA,MOBILE,WEB,Non-Brand,32,600,0.0533,29.42
2026-06-04,paid media dashboard,/insights,India,MOBILE,WEB,Non-Brand,42,764,0.055,9.62
2026-06-04,marketing data pipeline,/blog/marketing-data-pipeline,India,DESKTOP,WEB,Non-Brand,6,107,0.0561,24.5
2026-06-04,digital campaign analytics,/insights,USA,DESKTOP,WEB,Non-Brand,44,693,0.0635,21.96
2026-06-04,marketing insights,/blog/marketing-insights,USA,MOBILE,WEB,Non-Brand,16,206,0.0777,33.37
2026-06-04,seo marketing dashboard,/insights,USA,DESKTOP,WEB,Non-Brand,6,308,0.0195,12.07
2026-06-04,customer acquisition cost,/blog/customer-acquisition-cost,India,MOBILE,WEB,Non-Brand,20,889,0.0225,16.95
2026-06-04,roas dashboard,/insights,USA,DESKTOP,WEB,Non-Brand,42,542,0.0775,15.32
2026-06-04,marketing roi,/blog/marketing-roi,UK,TABLET,WEB,Non-Brand,43,654,0.0657,33.47
2026-06-05,marketing analytics dashboard,/insights,India,DESKTOP,WEB,Brand,23,665,0.0346,2.62
2026-06-05,digital marketing agency,/blog/digital-marketing-agency,India,DESKTOP,WEB,Non-Brand,17,229,0.0742,12.39
2026-06-05,marketing performance dashboard,/insights,UK,MOBILE,WEB,Non-Brand,7,224,0.0312,8.03
2026-06-05,best marketing dashboard,/insights,UK,MOBILE,WEB,Non-Brand,23,294,0.0782,17.73
2026-06-05,google ads roi,/blog/google-ads-roi,Canada,MOBILE,WEB,Non-Brand,4,124,0.0323,28.58
2026-06-05,meta ads roi,/blog/meta-ads-roi,UK,DESKTOP,WEB,Non-Brand,17,380,0.0447,7.82
2026-06-05,linkedin ads analytics,/insights,India,DESKTOP,WEB,Non-Brand,30,679,0.0442,7.87
2026-06-05,marketing kpi dashboard,/insights,USA,TABLET,WEB,Non-Brand,21,238,0.0882,24.6
2026-06-05,campaign roi calculator,/blog/campaign-roi-calculator,USA,MOBILE,WEB,Non-Brand,58,720,0.0806,18.2
2026-06-05,marketing reporting tools,/blog/marketing-reporting-tools,USA,DESKTOP,WEB,Non-Brand,19,858,0.0221,3.54
2026-06-05,marketing attribution,/blog/marketing-attribution,USA,DESKTOP,WEB,Non-Brand,43,768,0.056,8.82
2026-06-05,performance marketing analytics,/insights,USA,MOBILE,WEB,Non-Brand,32,469,0.0682,13.4
2026-06-05,paid media dashboard,/insights,India,MOBILE,WEB,Non-Brand,36,878,0.041,32.34
2026-06-05,marketing data pipeline,/blog/marketing-data-pipeline,USA,MOBILE,WEB,Non-Brand,25,356,0.0702,33.66
2026-06-05,digital campaign analytics,/insights,USA,TABLET,WEB,Non-Brand,42,658,0.0638,30.38
2026-06-05,marketing insights,/blog/marketing-insights,USA,DESKTOP,WEB,Non-Brand,44,723,0.0609,20.65
2026-06-05,seo marketing dashboard,/insights,India,DESKTOP,WEB,Non-Brand,60,779,0.077,31.89
2026-06-05,customer acquisition cost,/blog/customer-acquisition-cost,USA,MOBILE,WEB,Non-Brand,17,387,0.0439,10.52
2026-06-05,roas dashboard,/insights,USA,DESKTOP,WEB,Non-Brand,8,212,0.0377,9.28
2026-06-05,marketing roi,/blog/marketing-roi,USA,MOBILE,WEB,Non-Brand,15,460,0.0326,30.13
2026-06-06,marketing analytics dashboard,/insights,USA,DESKTOP,WEB,Brand,2,145,0.0138,24.23
2026-06-06,digital marketing agency,/blog/digital-marketing-agency,USA,MOBILE,WEB,Non-Brand,10,175,0.0571,15.02
2026-06-06,marketing performance dashboard,/insights,UK,MOBILE,WEB,Non-Brand,8,148,0.0541,4.79
2026-06-06,best marketing dashboard,/insights,UK,MOBILE,WEB,Non-Brand,19,373,0.0509,5.63
2026-06-06,google ads roi,/blog/google-ads-roi,USA,MOBILE,WEB,Non-Brand,3,150,0.02,10.47
2026-06-06,meta ads roi,/blog/meta-ads-roi,UK,TABLET,WEB,Non-Brand,41,475,0.0863,17.44
2026-06-06,linkedin ads analytics,/insights,USA,DESKTOP,WEB,Non-Brand,74,886,0.0835,12.1
2026-06-06,marketing kpi dashboard,/insights,USA,MOBILE,WEB,Non-Brand,8,98,0.0816,33.45
2026-06-06,campaign roi calculator,/blog/campaign-roi-calculator,India,DESKTOP,WEB,Non-Brand,23,284,0.081,28.07
2026-06-06,marketing reporting tools,/blog/marketing-reporting-tools,USA,MOBILE,WEB,Non-Brand,18,339,0.0531,2.58
2026-06-06,marketing attribution,/blog/marketing-attribution,USA,DESKTOP,WEB,Non-Brand,12,376,0.0319,3.88
2026-06-06,performance marketing analytics,/insights,India,MOBILE,WEB,Non-Brand,7,494,0.0142,22.79
2026-06-06,paid media dashboard,/insights,India,MOBILE,WEB,Non-Brand,18,898,0.02,13.9
2026-06-06,marketing data pipeline,/blog/marketing-data-pipeline,UK,DESKTOP,WEB,Non-Brand,17,200,0.085,22.07
2026-06-06,digital campaign analytics,/insights,UK,DESKTOP,WEB,Non-Brand,8,252,0.0317,25.35
2026-06-06,marketing insights,/blog/marketing-insights,USA,DESKTOP,WEB,Non-Brand,29,631,0.046,21.31
2026-06-06,seo marketing dashboard,/insights,India,TABLET,WEB,Non-Brand,50,793,0.0631,28.27
2026-06-06,customer acquisition cost,/blog/customer-acquisition-cost,USA,DESKTOP,WEB,Non-Brand,12,886,0.0135,33.6
2026-06-06,roas dashboard,/insights,USA,DESKTOP,WEB,Non-Brand,9,235,0.0383,26.43
2026-06-06,marketing roi,/blog/marketing-roi,Canada,DESKTOP,WEB,Non-Brand,15,308,0.0487,29.58
2026-06-07,marketing analytics dashboard,/insights,India,MOBILE,WEB,Brand,34,763,0.0446,15.5
2026-06-07,digital marketing agency,/blog/digital-marketing-agency,India,MOBILE,WEB,Non-Brand,40,658,0.0608,5.5
2026-06-07,marketing performance dashboard,/insights,USA,DESKTOP,WEB,Non-Brand,14,267,0.0524,23.26
2026-06-07,best marketing dashboard,/insights,UK,MOBILE,WEB,Non-Brand,5,87,0.0575,16.08
2026-06-07,google ads roi,/blog/google-ads-roi,USA,DESKTOP,WEB,Non-Brand,15,746,0.0201,26.47
2026-06-07,meta ads roi,/blog/meta-ads-roi,India,MOBILE,WEB,Non-Brand,36,391,0.0921,6.78
2026-06-07,linkedin ads analytics,/insights,USA,DESKTOP,WEB,Non-Brand,69,770,0.0896,31.29
2026-06-07,marketing kpi dashboard,/insights,India,MOBILE,WEB,Non-Brand,25,452,0.0553,8.53
2026-06-07,campaign roi calculator,/blog/campaign-roi-calculator,India,MOBILE,WEB,Non-Brand,5,159,0.0314,22.82
2026-06-07,marketing reporting tools,/blog/marketing-reporting-tools,USA,DESKTOP,WEB,Non-Brand,11,492,0.0224,15.06
2026-06-07,marketing attribution,/blog/marketing-attribution,UK,DESKTOP,WEB,Non-Brand,24,630,0.0381,17.45
2026-06-07,performance marketing analytics,/insights,India,DESKTOP,WEB,Non-Brand,46,519,0.0886,13.86
2026-06-07,paid media dashboard,/insights,India,MOBILE,WEB,Non-Brand,30,711,0.0422,10.87
2026-06-07,marketing data pipeline,/blog/marketing-data-pipeline,USA,DESKTOP,WEB,Non-Brand,48,856,0.0561,6.99
2026-06-07,digital campaign analytics,/insights,USA,DESKTOP,WEB,Non-Brand,65,731,0.0889,22.91
2026-06-07,marketing insights,/blog/marketing-insights,UK,MOBILE,WEB,Non-Brand,14,653,0.0214,27.3
2026-06-07,seo marketing dashboard,/insights,USA,MOBILE,WEB,Non-Brand,12,141,0.0851,4.84
2026-06-07,customer acquisition cost,/blog/customer-acquisition-cost,USA,DESKTOP,WEB,Non-Brand,17,392,0.0434,5.36
2026-06-07,roas dashboard,/insights,India,TABLET,WEB,Non-Brand,10,252,0.0397,20.64
2026-06-07,marketing roi,/blog/marketing-roi,India,DESKTOP,WEB,Non-Brand,40,805,0.0497,25.72
2026-06-08,marketing analytics dashboard,/insights,India,MOBILE,WEB,Brand,10,221,0.0452,26.21
2026-06-08,digital marketing agency,/blog/digital-marketing-agency,India,DESKTOP,WEB,Non-Brand,10,631,0.0158,30.86
2026-06-08,marketing performance dashboard,/insights,UK,DESKTOP,WEB,Non-Brand,23,369,0.0623,31.34
2026-06-08,best marketing dashboard,/insights,USA,DESKTOP,WEB,Non-Brand,69,749,0.0921,21.06
2026-06-08,google ads roi,/blog/google-ads-roi,USA,DESKTOP,WEB,Non-Brand,45,769,0.0585,29.72
2026-06-08,meta ads roi,/blog/meta-ads-roi,India,TABLET,WEB,Non-Brand,17,889,0.0191,7.31
2026-06-08,linkedin ads analytics,/insights,UK,MOBILE,WEB,Non-Brand,6,179,0.0335,16.42
2026-06-08,marketing kpi dashboard,/insights,UK,DESKTOP,WEB,Non-Brand,37,720,0.0514,27.4
2026-06-08,campaign roi calculator,/blog/campaign-roi-calculator,USA,MOBILE,WEB,Non-Brand,9,575,0.0157,22.99
2026-06-08,marketing reporting tools,/blog/marketing-reporting-tools,UK,MOBILE,WEB,Non-Brand,26,402,0.0647,13.96
2026-06-08,marketing attribution,/blog/marketing-attribution,USA,DESKTOP,WEB,Non-Brand,12,392,0.0306,33.71
2026-06-08,performance marketing analytics,/insights,UK,DESKTOP,WEB,Non-Brand,41,755,0.0543,13.69
2026-06-08,paid media dashboard,/insights,USA,DESKTOP,WEB,Non-Brand,16,399,0.0401,18.36
2026-06-08,marketing data pipeline,/blog/marketing-data-pipeline,USA,MOBILE,WEB,Non-Brand,18,694,0.0259,29.61
2026-06-08,digital campaign analytics,/insights,UK,MOBILE,WEB,Non-Brand,55,735,0.0748,16.2
2026-06-08,marketing insights,/blog/marketing-insights,India,MOBILE,WEB,Non-Brand,18,430,0.0419,23.73
2026-06-08,seo marketing dashboard,/insights,India,MOBILE,WEB,Non-Brand,31,652,0.0475,24.11
2026-06-08,customer acquisition cost,/blog/customer-acquisition-cost,UK,MOBILE,WEB,Non-Brand,72,836,0.0861,17.92
2026-06-08,roas dashboard,/insights,USA,MOBILE,WEB,Non-Brand,20,582,0.0344,5.57
2026-06-08,marketing roi,/blog/marketing-roi,USA,DESKTOP,WEB,Non-Brand,12,803,0.0149,13.96
2026-06-09,marketing analytics dashboard,/insights,USA,DESKTOP,WEB,Brand,9,444,0.0203,29.22
2026-06-09,digital marketing agency,/blog/digital-marketing-agency,USA,MOBILE,WEB,Non-Brand,3,152,0.0197,33.29
2026-06-09,marketing performance dashboard,/insights,USA,DESKTOP,WEB,Non-Brand,19,242,0.0785,32.36
2026-06-09,best marketing dashboard,/insights,USA,DESKTOP,WEB,Non-Brand,5,208,0.024,5.23
2026-06-09,google ads roi,/blog/google-ads-roi,UK,MOBILE,WEB,Non-Brand,12,500,0.024,18.78
2026-06-09,meta ads roi,/blog/meta-ads-roi,India,DESKTOP,WEB,Non-Brand,27,507,0.0533,6.9
2026-06-09,linkedin ads analytics,/insights,India,DESKTOP,WEB,Non-Brand,29,357,0.0812,15.78
2026-06-09,marketing kpi dashboard,/insights,India,MOBILE,WEB,Non-Brand,16,522,0.0307,15.85
2026-06-09,campaign roi calculator,/blog/campaign-roi-calculator,USA,DESKTOP,WEB,Non-Brand,21,858,0.0245,20.4
2026-06-09,marketing reporting tools,/blog/marketing-reporting-tools,USA,DESKTOP,WEB,Non-Brand,20,309,0.0647,21.16
2026-06-09,marketing attribution,/blog/marketing-attribution,Canada,DESKTOP,WEB,Non-Brand,13,203,0.064,23.89
2026-06-09,performance marketing analytics,/insights,USA,DESKTOP,WEB,Non-Brand,15,472,0.0318,19.08
2026-06-09,paid media dashboard,/insights,Canada,DESKTOP,WEB,Non-Brand,53,869,0.061,9.79
2026-06-09,marketing data pipeline,/blog/marketing-data-pipeline,UK,MOBILE,WEB,Non-Brand,13,467,0.0278,15.21
2026-06-09,digital campaign analytics,/insights,India,MOBILE,WEB,Non-Brand,40,789,0.0507,12.06
2026-06-09,marketing insights,/blog/marketing-insights,Canada,MOBILE,WEB,Non-Brand,12,354,0.0339,22.75
2026-06-09,seo marketing dashboard,/insights,USA,DESKTOP,WEB,Non-Brand,24,308,0.0779,18.14
2026-06-09,customer acquisition cost,/blog/customer-acquisition-cost,India,DESKTOP,WEB,Non-Brand,8,587,0.0136,12.5
2026-06-09,roas dashboard,/insights,India,DESKTOP,WEB,Non-Brand,21,293,0.0717,3.1
2026-06-09,marketing roi,/blog/marketing-roi,India,DESKTOP,WEB,Non-Brand,22,337,0.0653,8.63
2026-06-10,marketing analytics dashboard,/insights,USA,MOBILE,WEB,Brand,45,730,0.0616,26.02
2026-06-10,digital marketing agency,/blog/digital-marketing-agency,USA,MOBILE,WEB,Non-Brand,14,449,0.0312,33.52
2026-06-10,marketing performance dashboard,/insights,USA,DESKTOP,WEB,Non-Brand,70,884,0.0792,2.68
2026-06-10,best marketing dashboard,/insights,USA,MOBILE,WEB,Non-Brand,28,393,0.0712,16.03
2026-06-10,google ads roi,/blog/google-ads-roi,India,MOBILE,WEB,Non-Brand,17,203,0.0837,28.4
2026-06-10,meta ads roi,/blog/meta-ads-roi,Canada,MOBILE,WEB,Non-Brand,10,170,0.0588,17.74
2026-06-10,linkedin ads analytics,/insights,India,DESKTOP,WEB,Non-Brand,24,824,0.0291,10.52
2026-06-10,marketing kpi dashboard,/insights,India,MOBILE,WEB,Non-Brand,15,188,0.0798,24.39
2026-06-10,campaign roi calculator,/blog/campaign-roi-calculator,Canada,MOBILE,WEB,Non-Brand,38,452,0.0841,21.01
2026-06-10,marketing reporting tools,/blog/marketing-reporting-tools,USA,DESKTOP,WEB,Non-Brand,47,870,0.054,23.04
2026-06-10,marketing attribution,/blog/marketing-attribution,Canada,DESKTOP,WEB,Non-Brand,14,767,0.0183,10.27
2026-06-10,performance marketing analytics,/insights,USA,MOBILE,WEB,Non-Brand,5,163,0.0307,10.74
2026-06-10,paid media dashboard,/insights,India,MOBILE,WEB,Non-Brand,8,143,0.0559,3.97
2026-06-10,marketing data pipeline,/blog/marketing-data-pipeline,India,MOBILE,WEB,Non-Brand,2,177,0.0113,13.82
2026-06-10,digital campaign analytics,/insights,Canada,MOBILE,WEB,Non-Brand,15,315,0.0476,34.53
2026-06-10,marketing insights,/blog/marketing-insights,UK,DESKTOP,WEB,Non-Brand,15,265,0.0566,20.48
2026-06-10,seo marketing dashboard,/insights,USA,DESKTOP,WEB,Non-Brand,5,214,0.0234,13.81
2026-06-10,customer acquisition cost,/blog/customer-acquisition-cost,USA,DESKTOP,WEB,Non-Brand,34,616,0.0552,29.21
2026-06-10,roas dashboard,/insights,Canada,DESKTOP,WEB,Non-Brand,18,507,0.0355,23.12
2026-06-10,marketing roi,/blog/marketing-roi,India,DESKTOP,WEB,Non-Brand,44,633,0.0695,11.69
2026-06-11,marketing analytics dashboard,/insights,UK,DESKTOP,WEB,Brand,50,743,0.0673,4.72
2026-06-11,digital marketing agency,/blog/digital-marketing-agency,India,DESKTOP,WEB,Non-Brand,8,450,0.0178,20.88
2026-06-11,marketing performance dashboard,/insights,USA,MOBILE,WEB,Non-Brand,51,794,0.0642,32.04
2026-06-11,best marketing dashboard,/insights,India,DESKTOP,WEB,Non-Brand,32,538,0.0595,9.28
2026-06-11,google ads roi,/blog/google-ads-roi,India,DESKTOP,WEB,Non-Brand,31,502,0.0618,19.06
2026-06-11,meta ads roi,/blog/meta-ads-roi,India,DESKTOP,WEB,Non-Brand,4,81,0.0494,27.53
2026-06-11,linkedin ads analytics,/insights,USA,DESKTOP,WEB,Non-Brand,60,671,0.0894,13.19
2026-06-11,marketing kpi dashboard,/insights,India,DESKTOP,WEB,Non-Brand,48,721,0.0666,16.4
2026-06-11,campaign roi calculator,/blog/campaign-roi-calculator,USA,DESKTOP,WEB,Non-Brand,8,175,0.0457,34.57
2026-06-11,marketing reporting tools,/blog/marketing-reporting-tools,UK,DESKTOP,WEB,Non-Brand,13,393,0.0331,24.07
2026-06-11,marketing attribution,/blog/marketing-attribution,India,TABLET,WEB,Non-Brand,5,290,0.0172,15.06
2026-06-11,performance marketing analytics,/insights,India,MOBILE,WEB,Non-Brand,13,339,0.0383,14.5
2026-06-11,paid media dashboard,/insights,India,MOBILE,WEB,Non-Brand,2,108,0.0185,30.51
2026-06-11,marketing data pipeline,/blog/marketing-data-pipeline,India,DESKTOP,WEB,Non-Brand,38,543,0.07,30.56
2026-06-11,digital campaign analytics,/insights,USA,MOBILE,WEB,Non-Brand,32,455,0.0703,10.52
2026-06-11,marketing insights,/blog/marketing-insights,USA,DESKTOP,WEB,Non-Brand,16,235,0.0681,6.3
2026-06-11,seo marketing dashboard,/insights,USA,MOBILE,WEB,Non-Brand,16,553,0.0289,15.23
2026-06-11,customer acquisition cost,/blog/customer-acquisition-cost,USA,DESKTOP,WEB,Non-Brand,77,892,0.0863,17.62
2026-06-11,roas dashboard,/insights,India,MOBILE,WEB,Non-Brand,63,809,0.0779,14.61
2026-06-11,marketing roi,/blog/marketing-roi,UK,DESKTOP,WEB,Non-Brand,2,203,0.0099,34.22
2026-06-12,marketing analytics dashboard,/insights,India,DESKTOP,WEB,Brand,20,827,0.0242,8.97
2026-06-12,digital marketing agency,/blog/digital-marketing-agency,Canada,MOBILE,WEB,Non-Brand,38,870,0.0437,3.66
2026-06-12,marketing performance dashboard,/insights,USA,MOBILE,WEB,Non-Brand,2,180,0.0111,21.78
2026-06-12,best marketing dashboard,/insights,USA,DESKTOP,WEB,Non-Brand,40,622,0.0643,26.89
2026-06-12,google ads roi,/blog/google-ads-roi,USA,DESKTOP,WEB,Non-Brand,65,824,0.0789,26.52
2026-06-12,meta ads roi,/blog/meta-ads-roi,UK,DESKTOP,WEB,Non-Brand,2,118,0.0169,17.09
2026-06-12,linkedin ads analytics,/insights,India,DESKTOP,WEB,Non-Brand,50,797,0.0627,34.42
2026-06-12,marketing kpi dashboard,/insights,Canada,MOBILE,WEB,Non-Brand,18,604,0.0298,11.68
2026-06-12,campaign roi calculator,/blog/campaign-roi-calculator,UK,DESKTOP,WEB,Non-Brand,1,104,0.0096,19.21
2026-06-12,marketing reporting tools,/blog/marketing-reporting-tools,USA,DESKTOP,WEB,Non-Brand,60,792,0.0758,16.74
2026-06-12,marketing attribution,/blog/marketing-attribution,Canada,DESKTOP,WEB,Non-Brand,28,825,0.0339,33.85
2026-06-12,performance marketing analytics,/insights,India,MOBILE,WEB,Non-Brand,11,495,0.0222,5.13
2026-06-12,paid media dashboard,/insights,India,MOBILE,WEB,Non-Brand,19,233,0.0815,28.21
2026-06-12,marketing data pipeline,/blog/marketing-data-pipeline,USA,DESKTOP,WEB,Non-Brand,22,455,0.0484,6.74
2026-06-12,digital campaign analytics,/insights,UK,MOBILE,WEB,Non-Brand,9,178,0.0506,30.34
2026-06-12,marketing insights,/blog/marketing-insights,India,DESKTOP,WEB,Non-Brand,25,291,0.0859,27.81
2026-06-12,seo marketing dashboard,/insights,UK,MOBILE,WEB,Non-Brand,24,551,0.0436,34.09
2026-06-12,customer acquisition cost,/blog/customer-acquisition-cost,Canada,MOBILE,WEB,Non-Brand,7,255,0.0275,4.14
2026-06-12,roas dashboard,/insights,Canada,MOBILE,WEB,Non-Brand,12,252,0.0476,24.65
2026-06-12,marketing roi,/blog/marketing-roi,UK,MOBILE,WEB,Non-Brand,27,888,0.0304,27.39
2026-06-13,marketing analytics dashboard,/insights,USA,DESKTOP,WEB,Brand,26,750,0.0347,28.7
2026-06-13,digital marketing agency,/blog/digital-marketing-agency,UK,DESKTOP,WEB,Non-Brand,19,337,0.0564,31.96
2026-06-13,marketing performance dashboard,/insights,Canada,DESKTOP,WEB,Non-Brand,43,543,0.0792,10.75
2026-06-13,best marketing dashboard,/insights,India,MOBILE,WEB,Non-Brand,63,702,0.0897,10.24
2026-06-13,google ads roi,/blog/google-ads-roi,USA,MOBILE,WEB,Non-Brand,44,720,0.0611,12.54
2026-06-13,meta ads roi,/blog/meta-ads-roi,India,MOBILE,WEB,Non-Brand,12,830,0.0145,33.18
2026-06-13,linkedin ads analytics,/insights,UK,DESKTOP,WEB,Non-Brand,40,551,0.0726,8.24
2026-06-13,marketing kpi dashboard,/insights,USA,MOBILE,WEB,Non-Brand,10,263,0.038,31.4
2026-06-13,campaign roi calculator,/blog/campaign-roi-calculator,UK,DESKTOP,WEB,Non-Brand,18,594,0.0303,28.76
2026-06-13,marketing reporting tools,/blog/marketing-reporting-tools,India,MOBILE,WEB,Non-Brand,41,676,0.0607,7.36
2026-06-13,marketing attribution,/blog/marketing-attribution,UK,MOBILE,WEB,Non-Brand,17,363,0.0468,33.84
2026-06-13,performance marketing analytics,/insights,UK,MOBILE,WEB,Non-Brand,20,304,0.0658,12.3
2026-06-13,paid media dashboard,/insights,USA,DESKTOP,WEB,Non-Brand,14,155,0.0903,20.47
2026-06-13,marketing data pipeline,/blog/marketing-data-pipeline,Canada,DESKTOP,WEB,Non-Brand,2,178,0.0112,3.23
2026-06-13,digital campaign analytics,/insights,USA,MOBILE,WEB,Non-Brand,25,368,0.0679,34.35
2026-06-13,marketing insights,/blog/marketing-insights,India,MOBILE,WEB,Non-Brand,14,410,0.0341,7.01
2026-06-13,seo marketing dashboard,/insights,USA,DESKTOP,WEB,Non-Brand,7,123,0.0569,22.21
2026-06-13,customer acquisition cost,/blog/customer-acquisition-cost,Canada,MOBILE,WEB,Non-Brand,45,558,0.0806,30.55
2026-06-13,roas dashboard,/insights,USA,MOBILE,WEB,Non-Brand,47,672,0.0699,17.12
2026-06-13,marketing roi,/blog/marketing-roi,UK,DESKTOP,WEB,Non-Brand,8,123,0.065,11.23
2026-06-14,marketing analytics dashboard,/insights,UK,DESKTOP,WEB,Brand,62,730,0.0849,20.72
2026-06-14,digital marketing agency,/blog/digital-marketing-agency,India,DESKTOP,WEB,Non-Brand,27,342,0.0789,31.78
2026-06-14,marketing performance dashboard,/insights,India,MOBILE,WEB,Non-Brand,45,781,0.0576,15.8
2026-06-14,best marketing dashboard,/insights,Canada,MOBILE,WEB,Non-Brand,36,432,0.0833,22.98
2026-06-14,google ads roi,/blog/google-ads-roi,USA,DESKTOP,WEB,Non-Brand,43,565,0.0761,19.1
2026-06-14,meta ads roi,/blog/meta-ads-roi,UK,MOBILE,WEB,Non-Brand,60,825,0.0727,34.22
2026-06-14,linkedin ads analytics,/insights,Canada,DESKTOP,WEB,Non-Brand,8,485,0.0165,30.91
2026-06-14,marketing kpi dashboard,/insights,USA,TABLET,WEB,Non-Brand,5,160,0.0312,5.91
2026-06-14,campaign roi calculator,/blog/campaign-roi-calculator,India,TABLET,WEB,Non-Brand,36,651,0.0553,16.3
2026-06-14,marketing reporting tools,/blog/marketing-reporting-tools,USA,MOBILE,WEB,Non-Brand,29,353,0.0822,34.53
2026-06-14,marketing attribution,/blog/marketing-attribution,USA,DESKTOP,WEB,Non-Brand,50,625,0.08,18.2
2026-06-14,performance marketing analytics,/insights,USA,MOBILE,WEB,Non-Brand,11,288,0.0382,16.97
2026-06-14,paid media dashboard,/insights,USA,DESKTOP,WEB,Non-Brand,14,151,0.0927,15.02
2026-06-14,marketing data pipeline,/blog/marketing-data-pipeline,India,TABLET,WEB,Non-Brand,69,776,0.0889,29.13
2026-06-14,digital campaign analytics,/insights,USA,MOBILE,WEB,Non-Brand,3,148,0.0203,29.16
2026-06-14,marketing insights,/blog/marketing-insights,USA,MOBILE,WEB,Non-Brand,31,586,0.0529,22.39
2026-06-14,seo marketing dashboard,/insights,USA,DESKTOP,WEB,Non-Brand,53,650,0.0815,5.57
2026-06-14,customer acquisition cost,/blog/customer-acquisition-cost,USA,DESKTOP,WEB,Non-Brand,22,401,0.0549,33.89
2026-06-14,roas dashboard,/insights,India,MOBILE,WEB,Non-Brand,14,604,0.0232,11.03
2026-06-14,marketing roi,/blog/marketing-roi,USA,DESKTOP,WEB,Non-Brand,26,420,0.0619,10.81
2026-06-15,marketing analytics dashboard,/insights,USA,DESKTOP,WEB,Brand,16,592,0.027,28.91
2026-06-15,digital marketing agency,/blog/digital-marketing-agency,USA,DESKTOP,WEB,Non-Brand,39,645,0.0605,11.93
2026-06-15,marketing performance dashboard,/insights,India,DESKTOP,WEB,Non-Brand,58,723,0.0802,26.08
2026-06-15,best marketing dashboard,/insights,India,TABLET,WEB,Non-Brand,15,386,0.0389,4.85
2026-06-15,google ads roi,/blog/google-ads-roi,India,MOBILE,WEB,Non-Brand,53,566,0.0936,9.1
2026-06-15,meta ads roi,/blog/meta-ads-roi,India,MOBILE,WEB,Non-Brand,7,111,0.0631,11.45
2026-06-15,linkedin ads analytics,/insights,UK,MOBILE,WEB,Non-Brand,42,728,0.0577,11.95
2026-06-15,marketing kpi dashboard,/insights,India,DESKTOP,WEB,Non-Brand,44,805,0.0547,34.56
2026-06-15,campaign roi calculator,/blog/campaign-roi-calculator,India,MOBILE,WEB,Non-Brand,3,315,0.0095,25.17
2026-06-15,marketing reporting tools,/blog/marketing-reporting-tools,USA,DESKTOP,WEB,Non-Brand,4,212,0.0189,31.43
2026-06-15,marketing attribution,/blog/marketing-attribution,India,DESKTOP,WEB,Non-Brand,25,441,0.0567,27.48
2026-06-15,performance marketing analytics,/insights,India,MOBILE,WEB,Non-Brand,37,573,0.0646,20.11
2026-06-15,paid media dashboard,/insights,USA,MOBILE,WEB,Non-Brand,33,874,0.0378,14.61
2026-06-15,marketing data pipeline,/blog/marketing-data-pipeline,India,MOBILE,WEB,Non-Brand,3,135,0.0222,23.61
2026-06-15,digital campaign analytics,/insights,India,MOBILE,WEB,Non-Brand,38,764,0.0497,32.26
2026-06-15,marketing insights,/blog/marketing-insights,India,MOBILE,WEB,Non-Brand,24,269,0.0892,28.14
2026-06-15,seo marketing dashboard,/insights,USA,MOBILE,WEB,Non-Brand,75,874,0.0858,27.84
2026-06-15,customer acquisition cost,/blog/customer-acquisition-cost,UK,DESKTOP,WEB,Non-Brand,33,760,0.0434,24.36
2026-06-15,roas dashboard,/insights,India,MOBILE,WEB,Non-Brand,18,377,0.0477,28.06
2026-06-15,marketing roi,/blog/marketing-roi,USA,DESKTOP,WEB,Non-Brand,13,595,0.0218,14.85
2026-06-16,marketing analytics dashboard,/insights,India,DESKTOP,WEB,Brand,13,315,0.0413,19.44
2026-06-16,digital marketing agency,/blog/digital-marketing-agency,India,MOBILE,WEB,Non-Brand,32,499,0.0641,18.53
2026-06-16,marketing performance dashboard,/insights,USA,DESKTOP,WEB,Non-Brand,14,844,0.0166,32.64
2026-06-16,best marketing dashboard,/insights,UK,MOBILE,WEB,Non-Brand,37,675,0.0548,3.01
2026-06-16,google ads roi,/blog/google-ads-roi,USA,MOBILE,WEB,Non-Brand,46,628,0.0732,2.53
2026-06-16,meta ads roi,/blog/meta-ads-roi,Canada,MOBILE,WEB,Non-Brand,23,389,0.0591,12.86
2026-06-16,linkedin ads analytics,/insights,India,MOBILE,WEB,Non-Brand,17,426,0.0399,15.38
2026-06-16,marketing kpi dashboard,/insights,Canada,DESKTOP,WEB,Non-Brand,9,119,0.0756,32.68
2026-06-16,campaign roi calculator,/blog/campaign-roi-calculator,Canada,DESKTOP,WEB,Non-Brand,30,823,0.0365,3.96
2026-06-16,marketing reporting tools,/blog/marketing-reporting-tools,USA,DESKTOP,WEB,Non-Brand,52,672,0.0774,24.44
2026-06-16,marketing attribution,/blog/marketing-attribution,USA,MOBILE,WEB,Non-Brand,20,284,0.0704,26.4
2026-06-16,performance marketing analytics,/insights,India,MOBILE,WEB,Non-Brand,25,312,0.0801,3.03
2026-06-16,paid media dashboard,/insights,USA,DESKTOP,WEB,Non-Brand,17,342,0.0497,32.47
2026-06-16,marketing data pipeline,/blog/marketing-data-pipeline,India,DESKTOP,WEB,Non-Brand,9,328,0.0274,31.03
2026-06-16,digital campaign analytics,/insights,Canada,MOBILE,WEB,Non-Brand,14,509,0.0275,13.25
2026-06-16,marketing insights,/blog/marketing-insights,USA,MOBILE,WEB,Non-Brand,34,497,0.0684,29.82
2026-06-16,seo marketing dashboard,/insights,USA,MOBILE,WEB,Non-Brand,6,150,0.04,22.24
2026-06-16,customer acquisition cost,/blog/customer-acquisition-cost,India,DESKTOP,WEB,Non-Brand,17,331,0.0514,4.54
2026-06-16,roas dashboard,/insights,USA,DESKTOP,WEB,Non-Brand,3,307,0.0098,22.46
2026-06-16,marketing roi,/blog/marketing-roi,USA,MOBILE,WEB,Non-Brand,17,362,0.047,17.64
2026-06-17,marketing analytics dashboard,/insights,Canada,DESKTOP,WEB,Brand,27,311,0.0868,17.2
2026-06-17,digital marketing agency,/blog/digital-marketing-agency,USA,MOBILE,WEB,Non-Brand,54,654,0.0826,18.09
2026-06-17,marketing performance dashboard,/insights,USA,DESKTOP,WEB,Non-Brand,36,482,0.0747,21.58
2026-06-17,best marketing dashboard,/insights,India,DESKTOP,WEB,Non-Brand,13,411,0.0316,3.42
2026-06-17,google ads roi,/blog/google-ads-roi,India,MOBILE,WEB,Non-Brand,11,333,0.033,31.09
2026-06-17,meta ads roi,/blog/meta-ads-roi,USA,DESKTOP,WEB,Non-Brand,12,654,0.0183,13.01
2026-06-17,linkedin ads analytics,/insights,USA,DESKTOP,WEB,Non-Brand,27,381,0.0709,29.05
2026-06-17,marketing kpi dashboard,/insights,USA,DESKTOP,WEB,Non-Brand,22,353,0.0623,22.55
2026-06-17,campaign roi calculator,/blog/campaign-roi-calculator,India,MOBILE,WEB,Non-Brand,57,631,0.0903,15.82
2026-06-17,marketing reporting tools,/blog/marketing-reporting-tools,USA,MOBILE,WEB,Non-Brand,34,777,0.0438,12.08
2026-06-17,marketing attribution,/blog/marketing-attribution,India,DESKTOP,WEB,Non-Brand,32,454,0.0705,11.37
2026-06-17,performance marketing analytics,/insights,USA,TABLET,WEB,Non-Brand,49,794,0.0617,22.63
2026-06-17,paid media dashboard,/insights,USA,MOBILE,WEB,Non-Brand,8,207,0.0386,18.65
2026-06-17,marketing data pipeline,/blog/marketing-data-pipeline,India,DESKTOP,WEB,Non-Brand,15,372,0.0403,4.16
2026-06-17,digital campaign analytics,/insights,India,TABLET,WEB,Non-Brand,66,805,0.082,32.14
2026-06-17,marketing insights,/blog/marketing-insights,India,DESKTOP,WEB,Non-Brand,10,427,0.0234,5.92
2026-06-17,seo marketing dashboard,/insights,India,DESKTOP,WEB,Non-Brand,27,691,0.0391,25.25
2026-06-17,customer acquisition cost,/blog/customer-acquisition-cost,India,MOBILE,WEB,Non-Brand,32,644,0.0497,28.77
2026-06-17,roas dashboard,/insights,India,MOBILE,WEB,Non-Brand,11,307,0.0358,11.56
2026-06-17,marketing roi,/blog/marketing-roi,UK,MOBILE,WEB,Non-Brand,65,698,0.0931,22.69
2026-06-18,marketing analytics dashboard,/insights,India,DESKTOP,WEB,Brand,11,403,0.0273,16.27
2026-06-18,digital marketing agency,/blog/digital-marketing-agency,India,DESKTOP,WEB,Non-Brand,11,193,0.057,34.38
2026-06-18,marketing performance dashboard,/insights,UK,MOBILE,WEB,Non-Brand,46,488,0.0943,9.63
2026-06-18,best marketing dashboard,/insights,USA,TABLET,WEB,Non-Brand,23,343,0.0671,11.37
2026-06-18,google ads roi,/blog/google-ads-roi,USA,DESKTOP,WEB,Non-Brand,26,294,0.0884,13.63
2026-06-18,meta ads roi,/blog/meta-ads-roi,USA,DESKTOP,WEB,Non-Brand,15,264,0.0568,13.4
2026-06-18,linkedin ads analytics,/insights,India,DESKTOP,WEB,Non-Brand,61,781,0.0781,28.96
2026-06-18,marketing kpi dashboard,/insights,UK,MOBILE,WEB,Non-Brand,37,548,0.0675,19.86
2026-06-18,campaign roi calculator,/blog/campaign-roi-calculator,India,MOBILE,WEB,Non-Brand,16,186,0.086,25.64
2026-06-18,marketing reporting tools,/blog/marketing-reporting-tools,India,DESKTOP,WEB,Non-Brand,22,870,0.0253,15.15
2026-06-18,marketing attribution,/blog/marketing-attribution,USA,DESKTOP,WEB,Non-Brand,4,115,0.0348,31.15
2026-06-18,performance marketing analytics,/insights,USA,MOBILE,WEB,Non-Brand,38,777,0.0489,25.04
2026-06-18,paid media dashboard,/insights,UK,DESKTOP,WEB,Non-Brand,3,158,0.019,19.52
2026-06-18,marketing data pipeline,/blog/marketing-data-pipeline,USA,DESKTOP,WEB,Non-Brand,18,208,0.0865,32.65
2026-06-18,digital campaign analytics,/insights,UK,DESKTOP,WEB,Non-Brand,35,455,0.0769,3.0
2026-06-18,marketing insights,/blog/marketing-insights,USA,MOBILE,WEB,Non-Brand,24,333,0.0721,22.59
2026-06-18,seo marketing dashboard,/insights,USA,DESKTOP,WEB,Non-Brand,19,738,0.0257,11.91
2026-06-18,customer acquisition cost,/blog/customer-acquisition-cost,USA,TABLET,WEB,Non-Brand,17,600,0.0283,4.89
2026-06-18,roas dashboard,/insights,India,DESKTOP,WEB,Non-Brand,2,155,0.0129,8.71
2026-06-18,marketing roi,/blog/marketing-roi,USA,DESKTOP,WEB,Non-Brand,47,745,0.0631,23.83
2026-06-19,marketing analytics dashboard,/insights,USA,MOBILE,WEB,Brand,8,338,0.0237,12.93
2026-06-19,digital marketing agency,/blog/digital-marketing-agency,USA,DESKTOP,WEB,Non-Brand,41,514,0.0798,21.22
2026-06-19,marketing performance dashboard,/insights,India,DESKTOP,WEB,Non-Brand,55,627,0.0877,23.06
2026-06-19,best marketing dashboard,/insights,UK,DESKTOP,WEB,Non-Brand,45,759,0.0593,32.74
2026-06-19,google ads roi,/blog/google-ads-roi,India,DESKTOP,WEB,Non-Brand,29,682,0.0425,19.21
2026-06-19,meta ads roi,/blog/meta-ads-roi,USA,DESKTOP,WEB,Non-Brand,27,479,0.0564,32.14
2026-06-19,linkedin ads analytics,/insights,USA,MOBILE,WEB,Non-Brand,19,344,0.0552,17.71
2026-06-19,marketing kpi dashboard,/insights,India,MOBILE,WEB,Non-Brand,29,492,0.0589,10.9
2026-06-19,campaign roi calculator,/blog/campaign-roi-calculator,India,DESKTOP,WEB,Non-Brand,44,618,0.0712,5.8
2026-06-19,marketing reporting tools,/blog/marketing-reporting-tools,Canada,DESKTOP,WEB,Non-Brand,24,689,0.0348,28.12
2026-06-19,marketing attribution,/blog/marketing-attribution,USA,DESKTOP,WEB,Non-Brand,5,181,0.0276,19.35
2026-06-19,performance marketing analytics,/insights,India,MOBILE,WEB,Non-Brand,7,295,0.0237,22.5
2026-06-19,paid media dashboard,/insights,UK,MOBILE,WEB,Non-Brand,7,128,0.0547,16.24
2026-06-19,marketing data pipeline,/blog/marketing-data-pipeline,India,MOBILE,WEB,Non-Brand,24,602,0.0399,24.5
2026-06-19,digital campaign analytics,/insights,India,TABLET,WEB,Non-Brand,6,88,0.0682,30.07
2026-06-19,marketing insights,/blog/marketing-insights,USA,DESKTOP,WEB,Non-Brand,21,319,0.0658,31.52
2026-06-19,seo marketing dashboard,/insights,USA,MOBILE,WEB,Non-Brand,30,483,0.0621,19.29
2026-06-19,customer acquisition cost,/blog/customer-acquisition-cost,India,MOBILE,WEB,Non-Brand,28,455,0.0615,22.25
2026-06-19,roas dashboard,/insights,India,DESKTOP,WEB,Non-Brand,56,761,0.0736,23.64
2026-06-19,marketing roi,/blog/marketing-roi,USA,MOBILE,WEB,Non-Brand,46,690,0.0667,3.36
2026-06-20,marketing analytics dashboard,/insights,Canada,DESKTOP,WEB,Brand,26,448,0.058,26.19
2026-06-20,digital marketing agency,/blog/digital-marketing-agency,USA,MOBILE,WEB,Non-Brand,25,793,0.0315,4.08
2026-06-20,marketing performance dashboard,/insights,USA,DESKTOP,WEB,Non-Brand,7,109,0.0642,23.82
2026-06-20,best marketing dashboard,/insights,India,MOBILE,WEB,Non-Brand,25,369,0.0678,33.82
2026-06-20,google ads roi,/blog/google-ads-roi,USA,MOBILE,WEB,Non-Brand,48,613,0.0783,24.08
2026-06-20,meta ads roi,/blog/meta-ads-roi,USA,DESKTOP,WEB,Non-Brand,14,575,0.0243,28.36
2026-06-20,linkedin ads analytics,/insights,UK,DESKTOP,WEB,Non-Brand,22,807,0.0273,7.0
2026-06-20,marketing kpi dashboard,/insights,USA,MOBILE,WEB,Non-Brand,6,549,0.0109,24.75
2026-06-20,campaign roi calculator,/blog/campaign-roi-calculator,USA,MOBILE,WEB,Non-Brand,10,316,0.0316,8.13
2026-06-20,marketing reporting tools,/blog/marketing-reporting-tools,USA,DESKTOP,WEB,Non-Brand,13,685,0.019,5.26
2026-06-20,marketing attribution,/blog/marketing-attribution,Canada,DESKTOP,WEB,Non-Brand,15,207,0.0725,6.59
2026-06-20,performance marketing analytics,/insights,USA,DESKTOP,WEB,Non-Brand,7,425,0.0165,31.48
2026-06-20,paid media dashboard,/insights,USA,MOBILE,WEB,Non-Brand,29,732,0.0396,13.42
2026-06-20,marketing data pipeline,/blog/marketing-data-pipeline,USA,MOBILE,WEB,Non-Brand,20,791,0.0253,33.98
2026-06-20,digital campaign analytics,/insights,UK,MOBILE,WEB,Non-Brand,5,300,0.0167,11.28
2026-06-20,marketing insights,/blog/marketing-insights,Canada,DESKTOP,WEB,Non-Brand,29,321,0.0903,34.38
2026-06-20,seo marketing dashboard,/insights,India,MOBILE,WEB,Non-Brand,9,721,0.0125,14.95
2026-06-20,customer acquisition cost,/blog/customer-acquisition-cost,USA,DESKTOP,WEB,Non-Brand,51,732,0.0697,14.47
2026-06-20,roas dashboard,/insights,UK,DESKTOP,WEB,Non-Brand,23,483,0.0476,32.38
2026-06-20,marketing roi,/blog/marketing-roi,India,MOBILE,WEB,Non-Brand,2,93,0.0215,10.59
2026-06-21,marketing analytics dashboard,/insights,USA,MOBILE,WEB,Brand,31,641,0.0484,25.34
2026-06-21,digital marketing agency,/blog/digital-marketing-agency,UK,DESKTOP,WEB,Non-Brand,22,816,0.027,27.22
2026-06-21,marketing performance dashboard,/insights,USA,DESKTOP,WEB,Non-Brand,21,385,0.0545,10.51
2026-06-21,best marketing dashboard,/insights,UK,DESKTOP,WEB,Non-Brand,6,341,0.0176,33.84
2026-06-21,google ads roi,/blog/google-ads-roi,USA,MOBILE,WEB,Non-Brand,43,597,0.072,19.96
2026-06-21,meta ads roi,/blog/meta-ads-roi,USA,MOBILE,WEB,Non-Brand,3,246,0.0122,29.64
2026-06-21,linkedin ads analytics,/insights,USA,DESKTOP,WEB,Non-Brand,20,404,0.0495,3.9
2026-06-21,marketing kpi dashboard,/insights,UK,MOBILE,WEB,Non-Brand,6,196,0.0306,11.63
2026-06-21,campaign roi calculator,/blog/campaign-roi-calculator,USA,TABLET,WEB,Non-Brand,18,408,0.0441,22.07
2026-06-21,marketing reporting tools,/blog/marketing-reporting-tools,Canada,DESKTOP,WEB,Non-Brand,32,364,0.0879,22.91
2026-06-21,marketing attribution,/blog/marketing-attribution,Canada,DESKTOP,WEB,Non-Brand,20,744,0.0269,13.44
2026-06-21,performance marketing analytics,/insights,India,DESKTOP,WEB,Non-Brand,30,724,0.0414,7.4
2026-06-21,paid media dashboard,/insights,USA,DESKTOP,WEB,Non-Brand,20,695,0.0288,14.22
2026-06-21,marketing data pipeline,/blog/marketing-data-pipeline,USA,DESKTOP,WEB,Non-Brand,29,527,0.055,12.95
2026-06-21,digital campaign analytics,/insights,India,DESKTOP,WEB,Non-Brand,67,748,0.0896,25.65
2026-06-21,marketing insights,/blog/marketing-insights,UK,MOBILE,WEB,Non-Brand,1,83,0.012,33.9
2026-06-21,seo marketing dashboard,/insights,India,DESKTOP,WEB,Non-Brand,10,197,0.0508,5.05
2026-06-21,customer acquisition cost,/blog/customer-acquisition-cost,UK,DESKTOP,WEB,Non-Brand,4,130,0.0308,26.5
2026-06-21,roas dashboard,/insights,India,DESKTOP,WEB,Non-Brand,58,663,0.0875,29.92
2026-06-21,marketing roi,/blog/marketing-roi,USA,DESKTOP,WEB,Non-Brand,2,108,0.0185,7.89
2026-06-22,marketing analytics dashboard,/insights,USA,MOBILE,WEB,Brand,46,531,0.0866,3.38
2026-06-22,digital marketing agency,/blog/digital-marketing-agency,India,DESKTOP,WEB,Non-Brand,20,734,0.0272,19.86
2026-06-22,marketing performance dashboard,/insights,India,MOBILE,WEB,Non-Brand,25,822,0.0304,22.73
2026-06-22,best marketing dashboard,/insights,USA,MOBILE,WEB,Non-Brand,11,345,0.0319,11.36
2026-06-22,google ads roi,/blog/google-ads-roi,USA,MOBILE,WEB,Non-Brand,20,275,0.0727,6.58
2026-06-22,meta ads roi,/blog/meta-ads-roi,UK,DESKTOP,WEB,Non-Brand,53,811,0.0654,14.4
2026-06-22,linkedin ads analytics,/insights,USA,DESKTOP,WEB,Non-Brand,17,483,0.0352,29.4
2026-06-22,marketing kpi dashboard,/insights,Canada,MOBILE,WEB,Non-Brand,32,561,0.057,4.44
2026-06-22,campaign roi calculator,/blog/campaign-roi-calculator,India,DESKTOP,WEB,Non-Brand,19,404,0.047,28.21
2026-06-22,marketing reporting tools,/blog/marketing-reporting-tools,India,DESKTOP,WEB,Non-Brand,31,744,0.0417,9.36
2026-06-22,marketing attribution,/blog/marketing-attribution,UK,DESKTOP,WEB,Non-Brand,39,629,0.062,17.45
2026-06-22,performance marketing analytics,/insights,India,DESKTOP,WEB,Non-Brand,14,181,0.0773,24.25
2026-06-22,paid media dashboard,/insights,Canada,DESKTOP,WEB,Non-Brand,15,403,0.0372,22.91
2026-06-22,marketing data pipeline,/blog/marketing-data-pipeline,USA,MOBILE,WEB,Non-Brand,13,154,0.0844,20.44
2026-06-22,digital campaign analytics,/insights,UK,MOBILE,WEB,Non-Brand,41,876,0.0468,15.88
2026-06-22,marketing insights,/blog/marketing-insights,UK,DESKTOP,WEB,Non-Brand,48,579,0.0829,2.64
2026-06-22,seo marketing dashboard,/insights,USA,DESKTOP,WEB,Non-Brand,6,147,0.0408,34.31
2026-06-22,customer acquisition cost,/blog/customer-acquisition-cost,India,TABLET,WEB,Non-Brand,41,488,0.084,12.14
2026-06-22,roas dashboard,/insights,UK,DESKTOP,WEB,Non-Brand,34,392,0.0867,11.32
2026-06-22,marketing roi,/blog/marketing-roi,UK,DESKTOP,WEB,Non-Brand,18,266,0.0677,10.91
2026-06-23,marketing analytics dashboard,/insights,UK,DESKTOP,WEB,Brand,5,99,0.0505,14.18
2026-06-23,digital marketing agency,/blog/digital-marketing-agency,USA,DESKTOP,WEB,Non-Brand,13,345,0.0377,14.13
2026-06-23,marketing performance dashboard,/insights,India,MOBILE,WEB,Non-Brand,12,646,0.0186,23.68
2026-06-23,best marketing dashboard,/insights,USA,DESKTOP,WEB,Non-Brand,65,715,0.0909,5.28
2026-06-23,google ads roi,/blog/google-ads-roi,USA,DESKTOP,WEB,Non-Brand,27,399,0.0677,4.51
2026-06-23,meta ads roi,/blog/meta-ads-roi,USA,DESKTOP,WEB,Non-Brand,9,197,0.0457,2.77
2026-06-23,linkedin ads analytics,/insights,USA,DESKTOP,WEB,Non-Brand,25,422,0.0592,22.91
2026-06-23,marketing kpi dashboard,/insights,USA,DESKTOP,WEB,Non-Brand,16,297,0.0539,23.24
2026-06-23,campaign roi calculator,/blog/campaign-roi-calculator,USA,MOBILE,WEB,Non-Brand,58,889,0.0652,27.96
2026-06-23,marketing reporting tools,/blog/marketing-reporting-tools,USA,DESKTOP,WEB,Non-Brand,8,456,0.0175,7.8
2026-06-23,marketing attribution,/blog/marketing-attribution,USA,DESKTOP,WEB,Non-Brand,31,736,0.0421,22.15
2026-06-23,performance marketing analytics,/insights,USA,DESKTOP,WEB,Non-Brand,3,134,0.0224,24.17
2026-06-23,paid media dashboard,/insights,India,DESKTOP,WEB,Non-Brand,41,554,0.074,31.73
2026-06-23,marketing data pipeline,/blog/marketing-data-pipeline,USA,DESKTOP,WEB,Non-Brand,14,181,0.0773,34.61
2026-06-23,digital campaign analytics,/insights,India,MOBILE,WEB,Non-Brand,11,711,0.0155,12.85
2026-06-23,marketing insights,/blog/marketing-insights,India,DESKTOP,WEB,Non-Brand,6,317,0.0189,17.58
2026-06-23,seo marketing dashboard,/insights,Canada,DESKTOP,WEB,Non-Brand,15,665,0.0226,11.47
2026-06-23,customer acquisition cost,/blog/customer-acquisition-cost,India,MOBILE,WEB,Non-Brand,14,259,0.0541,5.58
2026-06-23,roas dashboard,/insights,Canada,MOBILE,WEB,Non-Brand,28,664,0.0422,25.34
2026-06-23,marketing roi,/blog/marketing-roi,USA,DESKTOP,WEB,Non-Brand,32,661,0.0484,15.98
2026-06-24,marketing analytics dashboard,/insights,USA,DESKTOP,WEB,Brand,48,605,0.0793,13.53
2026-06-24,digital marketing agency,/blog/digital-marketing-agency,Canada,DESKTOP,WEB,Non-Brand,17,251,0.0677,21.32
2026-06-24,marketing performance dashboard,/insights,UK,DESKTOP,WEB,Non-Brand,24,831,0.0289,22.7
2026-06-24,best marketing dashboard,/insights,USA,MOBILE,WEB,Non-Brand,50,534,0.0936,5.66
2026-06-24,google ads roi,/blog/google-ads-roi,USA,DESKTOP,WEB,Non-Brand,11,844,0.013,14.49
2026-06-24,meta ads roi,/blog/meta-ads-roi,India,MOBILE,WEB,Non-Brand,29,839,0.0346,17.07
2026-06-24,linkedin ads analytics,/insights,USA,MOBILE,WEB,Non-Brand,8,135,0.0593,20.84
2026-06-24,marketing kpi dashboard,/insights,India,DESKTOP,WEB,Non-Brand,5,215,0.0233,3.62
2026-06-24,campaign roi calculator,/blog/campaign-roi-calculator,UK,TABLET,WEB,Non-Brand,15,240,0.0625,14.02
2026-06-24,marketing reporting tools,/blog/marketing-reporting-tools,India,DESKTOP,WEB,Non-Brand,19,543,0.035,13.51
2026-06-24,marketing attribution,/blog/marketing-attribution,India,TABLET,WEB,Non-Brand,67,873,0.0767,12.87
2026-06-24,performance marketing analytics,/insights,USA,DESKTOP,WEB,Non-Brand,22,563,0.0391,9.47
2026-06-24,paid media dashboard,/insights,USA,DESKTOP,WEB,Non-Brand,3,104,0.0288,17.97
2026-06-24,marketing data pipeline,/blog/marketing-data-pipeline,Canada,DESKTOP,WEB,Non-Brand,10,408,0.0245,6.74
2026-06-24,digital campaign analytics,/insights,India,DESKTOP,WEB,Non-Brand,5,89,0.0562,14.02
2026-06-24,marketing insights,/blog/marketing-insights,USA,MOBILE,WEB,Non-Brand,5,249,0.0201,28.34
2026-06-24,seo marketing dashboard,/insights,Canada,DESKTOP,WEB,Non-Brand,17,235,0.0723,31.29
2026-06-24,customer acquisition cost,/blog/customer-acquisition-cost,India,DESKTOP,WEB,Non-Brand,6,205,0.0293,14.22
2026-06-24,roas dashboard,/insights,USA,DESKTOP,WEB,Non-Brand,78,844,0.0924,32.52
2026-06-24,marketing roi,/blog/marketing-roi,India,MOBILE,WEB,Non-Brand,34,451,0.0754,4.65
2026-06-25,marketing analytics dashboard,/insights,USA,DESKTOP,WEB,Brand,16,552,0.029,7.41
2026-06-25,digital marketing agency,/blog/digital-marketing-agency,Canada,DESKTOP,WEB,Non-Brand,37,507,0.073,31.25
2026-06-25,marketing performance dashboard,/insights,Canada,MOBILE,WEB,Non-Brand,45,489,0.092,9.44
2026-06-25,best marketing dashboard,/insights,India,MOBILE,WEB,Non-Brand,52,549,0.0947,23.14
2026-06-25,google ads roi,/blog/google-ads-roi,India,MOBILE,WEB,Non-Brand,9,165,0.0545,10.6
2026-06-25,meta ads roi,/blog/meta-ads-roi,USA,DESKTOP,WEB,Non-Brand,11,401,0.0274,30.09
2026-06-25,linkedin ads analytics,/insights,UK,DESKTOP,WEB,Non-Brand,14,382,0.0366,13.98
2026-06-25,marketing kpi dashboard,/insights,USA,MOBILE,WEB,Non-Brand,35,398,0.0879,3.88
2026-06-25,campaign roi calculator,/blog/campaign-roi-calculator,USA,DESKTOP,WEB,Non-Brand,43,717,0.06,24.17
2026-06-25,marketing reporting tools,/blog/marketing-reporting-tools,USA,DESKTOP,WEB,Non-Brand,29,315,0.0921,21.04
2026-06-25,marketing attribution,/blog/marketing-attribution,UK,TABLET,WEB,Non-Brand,12,229,0.0524,26.94
2026-06-25,performance marketing analytics,/insights,UK,DESKTOP,WEB,Non-Brand,56,849,0.066,6.4
2026-06-25,paid media dashboard,/insights,India,TABLET,WEB,Non-Brand,14,548,0.0255,13.35
2026-06-25,marketing data pipeline,/blog/marketing-data-pipeline,USA,DESKTOP,WEB,Non-Brand,13,389,0.0334,26.65
2026-06-25,digital campaign analytics,/insights,India,TABLET,WEB,Non-Brand,15,581,0.0258,4.22
2026-06-25,marketing insights,/blog/marketing-insights,India,MOBILE,WEB,Non-Brand,17,399,0.0426,23.83
2026-06-25,seo marketing dashboard,/insights,Canada,MOBILE,WEB,Non-Brand,28,753,0.0372,30.51
2026-06-25,customer acquisition cost,/blog/customer-acquisition-cost,USA,MOBILE,WEB,Non-Brand,13,681,0.0191,25.85
2026-06-25,roas dashboard,/insights,USA,MOBILE,WEB,Non-Brand,2,91,0.022,17.1
2026-06-25,marketing roi,/blog/marketing-roi,India,TABLET,WEB,Non-Brand,63,669,0.0942,18.98
2026-06-26,marketing analytics dashboard,/insights,USA,DESKTOP,WEB,Brand,28,358,0.0782,20.64
2026-06-26,digital marketing agency,/blog/digital-marketing-agency,USA,MOBILE,WEB,Non-Brand,8,123,0.065,31.0
2026-06-26,marketing performance dashboard,/insights,UK,TABLET,WEB,Non-Brand,57,738,0.0772,25.32
2026-06-26,best marketing dashboard,/insights,Canada,MOBILE,WEB,Non-Brand,35,557,0.0628,24.96
2026-06-26,google ads roi,/blog/google-ads-roi,USA,TABLET,WEB,Non-Brand,34,699,0.0486,33.14
2026-06-26,meta ads roi,/blog/meta-ads-roi,USA,TABLET,WEB,Non-Brand,26,320,0.0813,28.16
2026-06-26,linkedin ads analytics,/insights,USA,MOBILE,WEB,Non-Brand,39,576,0.0677,30.77
2026-06-26,marketing kpi dashboard,/insights,India,MOBILE,WEB,Non-Brand,29,396,0.0732,28.62
2026-06-26,campaign roi calculator,/blog/campaign-roi-calculator,USA,TABLET,WEB,Non-Brand,27,883,0.0306,17.72
2026-06-26,marketing reporting tools,/blog/marketing-reporting-tools,USA,MOBILE,WEB,Non-Brand,33,423,0.078,25.61
2026-06-26,marketing attribution,/blog/marketing-attribution,UK,MOBILE,WEB,Non-Brand,54,671,0.0805,19.31
2026-06-26,performance marketing analytics,/insights,USA,DESKTOP,WEB,Non-Brand,27,484,0.0558,34.24
2026-06-26,paid media dashboard,/insights,UK,MOBILE,WEB,Non-Brand,10,152,0.0658,22.74
2026-06-26,marketing data pipeline,/blog/marketing-data-pipeline,India,DESKTOP,WEB,Non-Brand,9,758,0.0119,9.5
2026-06-26,digital campaign analytics,/insights,India,MOBILE,WEB,Non-Brand,31,375,0.0827,10.95
2026-06-26,marketing insights,/blog/marketing-insights,USA,DESKTOP,WEB,Non-Brand,9,692,0.013,32.12
2026-06-26,seo marketing dashboard,/insights,USA,DESKTOP,WEB,Non-Brand,10,823,0.0122,30.7
2026-06-26,customer acquisition cost,/blog/customer-acquisition-cost,USA,MOBILE,WEB,Non-Brand,10,186,0.0538,31.69
2026-06-26,roas dashboard,/insights,India,MOBILE,WEB,Non-Brand,14,600,0.0233,3.86
2026-06-26,marketing roi,/blog/marketing-roi,India,MOBILE,WEB,Non-Brand,1,89,0.0112,2.72
2026-06-27,marketing analytics dashboard,/insights,USA,MOBILE,WEB,Brand,29,630,0.046,19.64
2026-06-27,digital marketing agency,/blog/digital-marketing-agency,USA,MOBILE,WEB,Non-Brand,11,180,0.0611,24.87
2026-06-27,marketing performance dashboard,/insights,UK,MOBILE,WEB,Non-Brand,40,584,0.0685,34.77
2026-06-27,best marketing dashboard,/insights,India,TABLET,WEB,Non-Brand,40,544,0.0735,13.94
2026-06-27,google ads roi,/blog/google-ads-roi,UK,MOBILE,WEB,Non-Brand,3,125,0.024,32.01
2026-06-27,meta ads roi,/blog/meta-ads-roi,India,MOBILE,WEB,Non-Brand,41,590,0.0695,26.28
2026-06-27,linkedin ads analytics,/insights,India,MOBILE,WEB,Non-Brand,68,807,0.0843,17.53
2026-06-27,marketing kpi dashboard,/insights,India,TABLET,WEB,Non-Brand,4,208,0.0192,32.48
2026-06-27,campaign roi calculator,/blog/campaign-roi-calculator,USA,MOBILE,WEB,Non-Brand,19,253,0.0751,25.12
2026-06-27,marketing reporting tools,/blog/marketing-reporting-tools,Canada,DESKTOP,WEB,Non-Brand,18,891,0.0202,28.1
2026-06-27,marketing attribution,/blog/marketing-attribution,India,MOBILE,WEB,Non-Brand,22,868,0.0253,14.63
2026-06-27,performance marketing analytics,/insights,USA,MOBILE,WEB,Non-Brand,24,639,0.0376,22.83
2026-06-27,paid media dashboard,/insights,UK,DESKTOP,WEB,Non-Brand,11,124,0.0887,28.67
2026-06-27,marketing data pipeline,/blog/marketing-data-pipeline,USA,DESKTOP,WEB,Non-Brand,14,592,0.0236,9.32
2026-06-27,digital campaign analytics,/insights,USA,MOBILE,WEB,Non-Brand,7,461,0.0152,34.27
2026-06-27,marketing insights,/blog/marketing-insights,India,MOBILE,WEB,Non-Brand,11,641,0.0172,13.69
2026-06-27,seo marketing dashboard,/insights,USA,MOBILE,WEB,Non-Brand,56,601,0.0932,10.38
2026-06-27,customer acquisition cost,/blog/customer-acquisition-cost,UK,MOBILE,WEB,Non-Brand,8,421,0.019,13.53
2026-06-27,roas dashboard,/insights,India,DESKTOP,WEB,Non-Brand,60,866,0.0693,10.23
2026-06-27,marketing roi,/blog/marketing-roi,USA,DESKTOP,WEB,Non-Brand,16,750,0.0213,7.06
2026-06-28,marketing analytics dashboard,/insights,USA,DESKTOP,WEB,Brand,21,744,0.0282,16.08
2026-06-28,digital marketing agency,/blog/digital-marketing-agency,Canada,DESKTOP,WEB,Non-Brand,34,746,0.0456,5.15
2026-06-28,marketing performance dashboard,/insights,USA,DESKTOP,WEB,Non-Brand,28,305,0.0918,9.67
2026-06-28,best marketing dashboard,/insights,USA,DESKTOP,WEB,Non-Brand,36,684,0.0526,32.57
2026-06-28,google ads roi,/blog/google-ads-roi,India,DESKTOP,WEB,Non-Brand,13,318,0.0409,25.65
2026-06-28,meta ads roi,/blog/meta-ads-roi,Canada,DESKTOP,WEB,Non-Brand,18,468,0.0385,5.61
2026-06-28,linkedin ads analytics,/insights,India,DESKTOP,WEB,Non-Brand,53,586,0.0904,31.69
2026-06-28,marketing kpi dashboard,/insights,USA,DESKTOP,WEB,Non-Brand,30,555,0.0541,27.59
2026-06-28,campaign roi calculator,/blog/campaign-roi-calculator,UK,MOBILE,WEB,Non-Brand,37,773,0.0479,10.05
2026-06-28,marketing reporting tools,/blog/marketing-reporting-tools,India,DESKTOP,WEB,Non-Brand,23,506,0.0455,19.79
2026-06-28,marketing attribution,/blog/marketing-attribution,USA,DESKTOP,WEB,Non-Brand,7,208,0.0337,25.6
2026-06-28,performance marketing analytics,/insights,India,MOBILE,WEB,Non-Brand,3,193,0.0155,9.32
2026-06-28,paid media dashboard,/insights,USA,DESKTOP,WEB,Non-Brand,12,726,0.0165,8.62
2026-06-28,marketing data pipeline,/blog/marketing-data-pipeline,Canada,MOBILE,WEB,Non-Brand,6,110,0.0545,13.85
2026-06-28,digital campaign analytics,/insights,India,MOBILE,WEB,Non-Brand,48,533,0.0901,28.1
2026-06-28,marketing insights,/blog/marketing-insights,USA,MOBILE,WEB,Non-Brand,46,790,0.0582,14.47
2026-06-28,seo marketing dashboard,/insights,USA,MOBILE,WEB,Non-Brand,20,599,0.0334,28.89
2026-06-28,customer acquisition cost,/blog/customer-acquisition-cost,USA,DESKTOP,WEB,Non-Brand,19,242,0.0785,6.48
2026-06-28,roas dashboard,/insights,USA,DESKTOP,WEB,Non-Brand,64,711,0.09,28.22
2026-06-28,marketing roi,/blog/marketing-roi,India,DESKTOP,WEB,Non-Brand,40,608,0.0658,20.28
2026-06-29,marketing analytics dashboard,/insights,Canada,DESKTOP,WEB,Brand,10,164,0.061,23.14
2026-06-29,digital marketing agency,/blog/digital-marketing-agency,India,MOBILE,WEB,Non-Brand,27,642,0.0421,32.26
2026-06-29,marketing performance dashboard,/insights,UK,TABLET,WEB,Non-Brand,45,732,0.0615,5.84
2026-06-29,best marketing dashboard,/insights,Canada,DESKTOP,WEB,Non-Brand,66,699,0.0944,32.96
2026-06-29,google ads roi,/blog/google-ads-roi,USA,DESKTOP,WEB,Non-Brand,7,115,0.0609,29.11
2026-06-29,meta ads roi,/blog/meta-ads-roi,UK,DESKTOP,WEB,Non-Brand,13,652,0.0199,14.36
2026-06-29,linkedin ads analytics,/insights,USA,DESKTOP,WEB,Non-Brand,78,860,0.0907,14.39
2026-06-29,marketing kpi dashboard,/insights,India,TABLET,WEB,Non-Brand,36,629,0.0572,3.1
2026-06-29,campaign roi calculator,/blog/campaign-roi-calculator,USA,DESKTOP,WEB,Non-Brand,9,300,0.03,23.84
2026-06-29,marketing reporting tools,/blog/marketing-reporting-tools,India,DESKTOP,WEB,Non-Brand,12,564,0.0213,32.59
2026-06-29,marketing attribution,/blog/marketing-attribution,USA,MOBILE,WEB,Non-Brand,10,195,0.0513,18.39
2026-06-29,performance marketing analytics,/insights,UK,MOBILE,WEB,Non-Brand,58,818,0.0709,34.23
2026-06-29,paid media dashboard,/insights,India,MOBILE,WEB,Non-Brand,17,666,0.0255,26.9
2026-06-29,marketing data pipeline,/blog/marketing-data-pipeline,USA,DESKTOP,WEB,Non-Brand,9,513,0.0175,30.49
2026-06-29,digital campaign analytics,/insights,USA,MOBILE,WEB,Non-Brand,69,808,0.0854,14.22
2026-06-29,marketing insights,/blog/marketing-insights,UK,DESKTOP,WEB,Non-Brand,43,541,0.0795,30.58
2026-06-29,seo marketing dashboard,/insights,USA,MOBILE,WEB,Non-Brand,8,293,0.0273,21.67
2026-06-29,customer acquisition cost,/blog/customer-acquisition-cost,USA,MOBILE,WEB,Non-Brand,21,336,0.0625,34.59
2026-06-29,roas dashboard,/insights,USA,DESKTOP,WEB,Non-Brand,40,697,0.0574,6.69
2026-06-29,marketing roi,/blog/marketing-roi,USA,DESKTOP,WEB,Non-Brand,30,561,0.0535,28.03
2026-06-30,marketing analytics dashboard,/insights,USA,DESKTOP,WEB,Brand,28,356,0.0787,18.12
2026-06-30,digital marketing agency,/blog/digital-marketing-agency,Canada,DESKTOP,WEB,Non-Brand,21,265,0.0792,6.42
2026-06-30,marketing performance dashboard,/insights,USA,TABLET,WEB,Non-Brand,10,702,0.0142,3.61
2026-06-30,best marketing dashboard,/insights,USA,MOBILE,WEB,Non-Brand,4,252,0.0159,7.94
2026-06-30,google ads roi,/blog/google-ads-roi,UK,DESKTOP,WEB,Non-Brand,65,849,0.0766,16.89
2026-06-30,meta ads roi,/blog/meta-ads-roi,UK,DESKTOP,WEB,Non-Brand,13,369,0.0352,22.16
2026-06-30,linkedin ads analytics,/insights,India,MOBILE,WEB,Non-Brand,28,354,0.0791,32.62
2026-06-30,marketing kpi dashboard,/insights,Canada,DESKTOP,WEB,Non-Brand,41,603,0.068,32.6
2026-06-30,campaign roi calculator,/blog/campaign-roi-calculator,UK,DESKTOP,WEB,Non-Brand,15,238,0.063,9.38
2026-06-30,marketing reporting tools,/blog/marketing-reporting-tools,USA,DESKTOP,WEB,Non-Brand,23,486,0.0473,31.26
2026-06-30,marketing attribution,/blog/marketing-attribution,USA,DESKTOP,WEB,Non-Brand,40,649,0.0616,28.2
2026-06-30,performance marketing analytics,/insights,UK,MOBILE,WEB,Non-Brand,21,693,0.0303,16.23
2026-06-30,paid media dashboard,/insights,USA,MOBILE,WEB,Non-Brand,18,782,0.023,7.56
2026-06-30,marketing data pipeline,/blog/marketing-data-pipeline,India,DESKTOP,WEB,Non-Brand,4,179,0.0223,4.81
2026-06-30,digital campaign analytics,/insights,India,DESKTOP,WEB,Non-Brand,22,613,0.0359,25.65
2026-06-30,marketing insights,/blog/marketing-insights,India,DESKTOP,WEB,Non-Brand,45,647,0.0696,33.38
2026-06-30,seo marketing dashboard,/insights,UK,MOBILE,WEB,Non-Brand,12,264,0.0455,17.96
2026-06-30,customer acquisition cost,/blog/customer-acquisition-cost,USA,MOBILE,WEB,Non-Brand,6,503,0.0119,33.87
2026-06-30,roas dashboard,/insights,USA,DESKTOP,WEB,Non-Brand,7,252,0.0278,10.97
2026-06-30,marketing roi,/blog/marketing-roi,USA,MOBILE,WEB,Non-Brand,7,107,0.0654,10.73
