date,campaign_id,platform,account_id,campaign_name,objective,spend,impressions,reach,clicks,leads,conversions,conversion_value,currency,source_refresh_timestamp
2026-01-02,LI-CAM-001,LinkedIn Ads,LI-ACC-001,LinkedIn Campaign 01,Lead Generation,264.48,7170,5606,157,6,0,0.0,USD,2026-01-02 23:30:00
2026-01-03,LI-CAM-001,LinkedIn Ads,LI-ACC-001,LinkedIn Campaign 01,Lead Generation,267.74,8458,5746,185,10,9,3069.52,USD,2026-01-03 23:30:00
2026-01-04,LI-CAM-001,LinkedIn Ads,LI-ACC-001,LinkedIn Campaign 01,Lead Generation,294.14,7432,4545,63,1,1,175.45,USD,2026-01-04 23:30:00
2026-01-05,LI-CAM-001,LinkedIn Ads,LI-ACC-001,LinkedIn Campaign 01,Lead Generation,420.03,17873,13484,376,21,9,1834.33,USD,2026-01-05 23:30:00
2026-01-06,LI-CAM-001,LinkedIn Ads,LI-ACC-001,LinkedIn Campaign 01,Lead Generation,353.43,14309,8519,307,14,12,1468.16,USD,2026-01-06 23:30:00
2026-01-07,LI-CAM-001,LinkedIn Ads,LI-ACC-001,LinkedIn Campaign 01,Lead Generation,316.68,10400,7142,251,12,10,1954.81,USD,2026-01-07 23:30:00
2026-01-08,LI-CAM-001,LinkedIn Ads,LI-ACC-001,LinkedIn Campaign 01,Lead Generation,339.37,13037,10992,237,11,7,1828.86,USD,2026-01-08 23:30:00
2026-01-09,LI-CAM-001,LinkedIn Ads,LI-ACC-001,LinkedIn Campaign 01,Lead Generation,412.95,16083,11708,171,9,4,630.72,USD,2026-01-09 23:30:00
2026-01-10,LI-CAM-001,LinkedIn Ads,LI-ACC-001,LinkedIn Campaign 01,Lead Generation,254.84,14094,10173,165,7,8,938.89,USD,2026-01-10 23:30:00
2026-01-11,LI-CAM-001,LinkedIn Ads,LI-ACC-001,LinkedIn Campaign 01,Lead Generation,293.31,7919,5703,168,12,4,991.05,USD,2026-01-11 23:30:00
2026-01-12,LI-CAM-001,LinkedIn Ads,LI-ACC-001,LinkedIn Campaign 01,Lead Generation,341.72,9139,5836,146,18,1,186.27,USD,2026-01-12 23:30:00
2026-01-13,LI-CAM-001,LinkedIn Ads,LI-ACC-001,LinkedIn Campaign 01,Lead Generation,316.47,9685,5962,90,5,6,1035.03,USD,2026-01-13 23:30:00
2026-01-14,LI-CAM-001,LinkedIn Ads,LI-ACC-001,LinkedIn Campaign 01,Lead Generation,309.12,16865,11767,184,17,8,1873.33,USD,2026-01-14 23:30:00
2026-01-15,LI-CAM-001,LinkedIn Ads,LI-ACC-001,LinkedIn Campaign 01,Lead Generation,422.7,22900,15819,424,36,14,3299.28,USD,2026-01-15 23:30:00
2026-01-16,LI-CAM-001,LinkedIn Ads,LI-ACC-001,LinkedIn Campaign 01,Lead Generation,271.45,10535,7787,131,11,5,959.58,USD,2026-01-16 23:30:00
2026-01-17,LI-CAM-001,LinkedIn Ads,LI-ACC-001,LinkedIn Campaign 01,Lead Generation,245.27,10579,6737,239,16,3,507.8,USD,2026-01-17 23:30:00
2026-01-18,LI-CAM-001,LinkedIn Ads,LI-ACC-001,LinkedIn Campaign 01,Lead Generation,314.12,9332,6771,186,21,7,1241.21,USD,2026-01-18 23:30:00
2026-01-19,LI-CAM-001,LinkedIn Ads,LI-ACC-001,LinkedIn Campaign 01,Lead Generation,359.78,15289,10004,199,23,11,2454.64,USD,2026-01-19 23:30:00
2026-01-20,LI-CAM-001,LinkedIn Ads,LI-ACC-001,LinkedIn Campaign 01,Lead Generation,293.51,15327,9111,307,18,10,3371.72,USD,2026-01-20 23:30:00
2026-01-21,LI-CAM-001,LinkedIn Ads,LI-ACC-001,LinkedIn Campaign 01,Lead Generation,300.31,8164,4665,139,12,6,826.71,USD,2026-01-21 23:30:00
2026-01-22,LI-CAM-001,LinkedIn Ads,LI-ACC-001,LinkedIn Campaign 01,Lead Generation,298.61,8420,6434,185,18,6,1478.57,USD,2026-01-22 23:30:00
2026-01-23,LI-CAM-001,LinkedIn Ads,LI-ACC-001,LinkedIn Campaign 01,Lead Generation,370.07,15554,13617,155,11,7,1788.53,USD,2026-01-23 23:30:00
2026-01-24,LI-CAM-001,LinkedIn Ads,LI-ACC-001,LinkedIn Campaign 01,Lead Generation,297.11,11729,10199,160,11,2,228.97,USD,2026-01-24 23:30:00
2026-01-25,LI-CAM-001,LinkedIn Ads,LI-ACC-001,LinkedIn Campaign 01,Lead Generation,210.02,10052,8806,207,13,7,1434.67,USD,2026-01-25 23:30:00
2026-01-26,LI-CAM-001,LinkedIn Ads,LI-ACC-001,LinkedIn Campaign 01,Lead Generation,315.2,7114,5959,171,18,7,1987.7,USD,2026-01-26 23:30:00
2026-01-27,LI-CAM-001,LinkedIn Ads,LI-ACC-001,LinkedIn Campaign 01,Lead Generation,309.02,7834,5194,192,7,6,1810.38,USD,2026-01-27 23:30:00
2026-01-28,LI-CAM-001,LinkedIn Ads,LI-ACC-001,LinkedIn Campaign 01,Lead Generation,331.44,7469,5446,151,16,2,466.06,USD,2026-01-28 23:30:00
2026-01-29,LI-CAM-001,LinkedIn Ads,LI-ACC-001,LinkedIn Campaign 01,Lead Generation,381.44,18471,10204,194,18,3,426.0,USD,2026-01-29 23:30:00
2026-01-30,LI-CAM-001,LinkedIn Ads,LI-ACC-001,LinkedIn Campaign 01,Lead Generation,283.38,8211,5791,201,15,7,1097.88,USD,2026-01-30 23:30:00
2026-01-31,LI-CAM-001,LinkedIn Ads,LI-ACC-001,LinkedIn Campaign 01,Lead Generation,288.37,14994,11625,247,18,16,1724.52,USD,2026-01-31 23:30:00
2026-02-01,LI-CAM-001,LinkedIn Ads,LI-ACC-001,LinkedIn Campaign 01,Lead Generation,238.03,7232,5426,86,9,3,738.51,USD,2026-02-01 23:30:00
2026-02-02,LI-CAM-001,LinkedIn Ads,LI-ACC-001,LinkedIn Campaign 01,Lead Generation,281.16,12409,11071,252,5,5,778.97,USD,2026-02-02 23:30:00
2026-02-03,LI-CAM-001,LinkedIn Ads,LI-ACC-001,LinkedIn Campaign 01,Lead Generation,312.86,8729,7516,125,7,1,170.51,USD,2026-02-03 23:30:00
2026-02-04,LI-CAM-001,LinkedIn Ads,LI-ACC-001,LinkedIn Campaign 01,Lead Generation,402.76,9442,7871,77,3,2,437.95,USD,2026-02-04 23:30:00
2026-02-05,LI-CAM-001,LinkedIn Ads,LI-ACC-001,LinkedIn Campaign 01,Lead Generation,383.7,11877,9054,201,19,11,1906.03,USD,2026-02-05 23:30:00
2026-02-06,LI-CAM-001,LinkedIn Ads,LI-ACC-001,LinkedIn Campaign 01,Lead Generation,397.1,9289,7628,224,8,5,880.53,USD,2026-02-06 23:30:00
2026-02-07,LI-CAM-001,LinkedIn Ads,LI-ACC-001,LinkedIn Campaign 01,Lead Generation,323.47,7627,6512,97,8,2,440.94,USD,2026-02-07 23:30:00
2026-02-08,LI-CAM-001,LinkedIn Ads,LI-ACC-001,LinkedIn Campaign 01,Lead Generation,276.29,9428,6259,229,18,4,593.39,USD,2026-02-08 23:30:00
2026-02-09,LI-CAM-001,LinkedIn Ads,LI-ACC-001,LinkedIn Campaign 01,Lead Generation,294.36,11484,6485,273,26,7,1468.55,USD,2026-02-09 23:30:00
2026-02-10,LI-CAM-001,LinkedIn Ads,LI-ACC-001,LinkedIn Campaign 01,Lead Generation,376.85,12441,8691,257,27,10,2532.47,USD,2026-02-10 23:30:00
2026-02-11,LI-CAM-001,LinkedIn Ads,LI-ACC-001,LinkedIn Campaign 01,Lead Generation,387.73,11864,7749,281,29,6,1429.21,USD,2026-02-11 23:30:00
2026-02-12,LI-CAM-001,LinkedIn Ads,LI-ACC-001,LinkedIn Campaign 01,Lead Generation,351.38,10264,8457,120,8,4,558.76,USD,2026-02-12 23:30:00
2026-02-13,LI-CAM-001,LinkedIn Ads,LI-ACC-001,LinkedIn Campaign 01,Lead Generation,354.38,9540,7550,119,4,1,136.67,USD,2026-02-13 23:30:00
2026-02-14,LI-CAM-001,LinkedIn Ads,LI-ACC-001,LinkedIn Campaign 01,Lead Generation,334.47,8126,5350,85,2,1,130.76,USD,2026-02-14 23:30:00
2026-02-15,LI-CAM-001,LinkedIn Ads,LI-ACC-001,LinkedIn Campaign 01,Lead Generation,270.13,8322,6441,207,15,8,1944.84,USD,2026-02-15 23:30:00
2026-02-16,LI-CAM-001,LinkedIn Ads,LI-ACC-001,LinkedIn Campaign 01,Lead Generation,423.69,16790,9749,404,28,13,1715.89,USD,2026-02-16 23:30:00
2026-02-17,LI-CAM-001,LinkedIn Ads,LI-ACC-001,LinkedIn Campaign 01,Lead Generation,302.85,8314,6069,91,6,5,1315.28,USD,2026-02-17 23:30:00
2026-02-18,LI-CAM-001,LinkedIn Ads,LI-ACC-001,LinkedIn Campaign 01,Lead Generation,327.34,9595,6698,82,7,2,519.6,USD,2026-02-18 23:30:00
2026-02-19,LI-CAM-001,LinkedIn Ads,LI-ACC-001,LinkedIn Campaign 01,Lead Generation,340.04,10884,6794,179,12,9,1438.63,USD,2026-02-19 23:30:00
2026-02-20,LI-CAM-001,LinkedIn Ads,LI-ACC-001,LinkedIn Campaign 01,Lead Generation,355.92,12615,10176,311,31,10,1829.77,USD,2026-02-20 23:30:00
2026-02-21,LI-CAM-001,LinkedIn Ads,LI-ACC-001,LinkedIn Campaign 01,Lead Generation,292.41,9669,5517,163,10,9,2833.46,USD,2026-02-21 23:30:00
2026-02-22,LI-CAM-001,LinkedIn Ads,LI-ACC-001,LinkedIn Campaign 01,Lead Generation,334.32,13855,11794,193,14,6,1250.25,USD,2026-02-22 23:30:00
2026-02-23,LI-CAM-001,LinkedIn Ads,LI-ACC-001,LinkedIn Campaign 01,Lead Generation,338.13,11897,6689,293,33,15,2473.15,USD,2026-02-23 23:30:00
2026-02-24,LI-CAM-001,LinkedIn Ads,LI-ACC-001,LinkedIn Campaign 01,Lead Generation,368.12,11876,9678,273,16,16,4759.61,USD,2026-02-24 23:30:00
2026-02-25,LI-CAM-001,LinkedIn Ads,LI-ACC-001,LinkedIn Campaign 01,Lead Generation,310.91,10978,9214,113,6,7,1476.99,USD,2026-02-25 23:30:00
2026-02-26,LI-CAM-001,LinkedIn Ads,LI-ACC-001,LinkedIn Campaign 01,Lead Generation,287.84,8555,7187,201,16,14,4348.82,USD,2026-02-26 23:30:00
2026-02-27,LI-CAM-001,LinkedIn Ads,LI-ACC-001,LinkedIn Campaign 01,Lead Generation,416.29,10015,7575,129,2,2,349.99,USD,2026-02-27 23:30:00
2026-02-28,LI-CAM-001,LinkedIn Ads,LI-ACC-001,LinkedIn Campaign 01,Lead Generation,223.62,6667,5872,65,2,1,280.59,USD,2026-02-28 23:30:00
2026-03-01,LI-CAM-001,LinkedIn Ads,LI-ACC-001,LinkedIn Campaign 01,Lead Generation,234.02,8700,6762,166,9,6,796.73,USD,2026-03-01 23:30:00
2026-03-02,LI-CAM-001,LinkedIn Ads,LI-ACC-001,LinkedIn Campaign 01,Lead Generation,305.24,8000,5489,156,18,6,981.95,USD,2026-03-02 23:30:00
2026-03-03,LI-CAM-001,LinkedIn Ads,LI-ACC-001,LinkedIn Campaign 01,Lead Generation,334.32,15942,8900,395,42,14,4102.22,USD,2026-03-03 23:30:00
2026-03-04,LI-CAM-001,LinkedIn Ads,LI-ACC-001,LinkedIn Campaign 01,Lead Generation,313.13,9835,6145,141,7,1,218.93,USD,2026-03-04 23:30:00
2026-03-05,LI-CAM-001,LinkedIn Ads,LI-ACC-001,LinkedIn Campaign 01,Lead Generation,286.62,7671,6333,102,4,3,696.77,USD,2026-03-05 23:30:00
2026-03-06,LI-CAM-001,LinkedIn Ads,LI-ACC-001,LinkedIn Campaign 01,Lead Generation,374.49,16133,14457,170,7,6,1183.92,USD,2026-03-06 23:30:00
2026-03-07,LI-CAM-001,LinkedIn Ads,LI-ACC-001,LinkedIn Campaign 01,Lead Generation,251.14,6037,4486,113,7,5,1095.44,USD,2026-03-07 23:30:00
2026-03-08,LI-CAM-001,LinkedIn Ads,LI-ACC-001,LinkedIn Campaign 01,Lead Generation,238.2,9606,5558,159,9,6,1311.53,USD,2026-03-08 23:30:00
2026-03-09,LI-CAM-001,LinkedIn Ads,LI-ACC-001,LinkedIn Campaign 01,Lead Generation,279.68,15129,10167,205,8,5,1445.01,USD,2026-03-09 23:30:00
2026-03-10,LI-CAM-001,LinkedIn Ads,LI-ACC-001,LinkedIn Campaign 01,Lead Generation,422.47,19594,10949,460,16,4,926.88,USD,2026-03-10 23:30:00
2026-03-11,LI-CAM-001,LinkedIn Ads,LI-ACC-001,LinkedIn Campaign 01,Lead Generation,403.67,10741,6708,268,21,10,1748.27,USD,2026-03-11 23:30:00
2026-03-12,LI-CAM-001,LinkedIn Ads,LI-ACC-001,LinkedIn Campaign 01,Lead Generation,280.18,13921,11467,136,4,4,851.54,USD,2026-03-12 23:30:00
2026-03-13,LI-CAM-001,LinkedIn Ads,LI-ACC-001,LinkedIn Campaign 01,Lead Generation,286.52,14180,8349,284,23,12,2748.69,USD,2026-03-13 23:30:00
2026-03-14,LI-CAM-001,LinkedIn Ads,LI-ACC-001,LinkedIn Campaign 01,Lead Generation,233.58,10183,7824,98,3,3,571.56,USD,2026-03-14 23:30:00
2026-03-15,LI-CAM-001,LinkedIn Ads,LI-ACC-001,LinkedIn Campaign 01,Lead Generation,339.72,13105,7690,263,17,7,1647.3,USD,2026-03-15 23:30:00
2026-03-16,LI-CAM-001,LinkedIn Ads,LI-ACC-001,LinkedIn Campaign 01,Lead Generation,347.94,14138,12648,276,23,10,2138.55,USD,2026-03-16 23:30:00
2026-03-17,LI-CAM-001,LinkedIn Ads,LI-ACC-001,LinkedIn Campaign 01,Lead Generation,292.3,7314,4567,82,6,2,301.18,USD,2026-03-17 23:30:00
2026-03-18,LI-CAM-001,LinkedIn Ads,LI-ACC-001,LinkedIn Campaign 01,Lead Generation,317.2,11396,10114,155,10,3,821.72,USD,2026-03-18 23:30:00
2026-03-19,LI-CAM-001,LinkedIn Ads,LI-ACC-001,LinkedIn Campaign 01,Lead Generation,261.28,8920,7295,108,7,4,587.41,USD,2026-03-19 23:30:00
2026-03-20,LI-CAM-001,LinkedIn Ads,LI-ACC-001,LinkedIn Campaign 01,Lead Generation,276.67,8775,7142,186,8,3,440.84,USD,2026-03-20 23:30:00
2026-03-21,LI-CAM-001,LinkedIn Ads,LI-ACC-001,LinkedIn Campaign 01,Lead Generation,273.71,11659,6810,208,16,8,1381.59,USD,2026-03-21 23:30:00
2026-03-22,LI-CAM-001,LinkedIn Ads,LI-ACC-001,LinkedIn Campaign 01,Lead Generation,302.87,9057,6112,74,6,4,1149.17,USD,2026-03-22 23:30:00
2026-03-23,LI-CAM-001,LinkedIn Ads,LI-ACC-001,LinkedIn Campaign 01,Lead Generation,417.35,14413,12796,348,16,8,1617.44,USD,2026-03-23 23:30:00
2026-03-24,LI-CAM-001,LinkedIn Ads,LI-ACC-001,LinkedIn Campaign 01,Lead Generation,344.76,13131,7717,250,10,7,2252.68,USD,2026-03-24 23:30:00
2026-03-25,LI-CAM-001,LinkedIn Ads,LI-ACC-001,LinkedIn Campaign 01,Lead Generation,345.27,16804,9762,339,21,11,2935.43,USD,2026-03-25 23:30:00
2026-03-26,LI-CAM-001,LinkedIn Ads,LI-ACC-001,LinkedIn Campaign 01,Lead Generation,303.83,8736,6338,199,12,9,1736.86,USD,2026-03-26 23:30:00
2026-03-27,LI-CAM-001,LinkedIn Ads,LI-ACC-001,LinkedIn Campaign 01,Lead Generation,416.01,22173,12475,355,36,13,3566.34,USD,2026-03-27 23:30:00
2026-03-28,LI-CAM-001,LinkedIn Ads,LI-ACC-001,LinkedIn Campaign 01,Lead Generation,237.24,9763,7951,195,14,6,1586.23,USD,2026-03-28 23:30:00
2026-03-29,LI-CAM-001,LinkedIn Ads,LI-ACC-001,LinkedIn Campaign 01,Lead Generation,289.99,11426,8605,92,6,3,547.66,USD,2026-03-29 23:30:00
2026-03-30,LI-CAM-001,LinkedIn Ads,LI-ACC-001,LinkedIn Campaign 01,Lead Generation,308.54,8208,4844,105,11,4,546.65,USD,2026-03-30 23:30:00
2026-03-31,LI-CAM-001,LinkedIn Ads,LI-ACC-001,LinkedIn Campaign 01,Lead Generation,344.94,14126,12067,220,16,8,1358.15,USD,2026-03-31 23:30:00
2026-04-01,LI-CAM-001,LinkedIn Ads,LI-ACC-001,LinkedIn Campaign 01,Lead Generation,308.15,6980,5766,131,6,3,803.59,USD,2026-04-01 23:30:00
2026-04-02,LI-CAM-001,LinkedIn Ads,LI-ACC-001,LinkedIn Campaign 01,Lead Generation,341.01,8551,7394,212,6,2,500.73,USD,2026-04-02 23:30:00
2026-04-03,LI-CAM-001,LinkedIn Ads,LI-ACC-001,LinkedIn Campaign 01,Lead Generation,377.47,13165,11296,301,8,5,862.43,USD,2026-04-03 23:30:00
2026-04-04,LI-CAM-001,LinkedIn Ads,LI-ACC-001,LinkedIn Campaign 01,Lead Generation,232.53,9341,5718,130,5,0,0.0,USD,2026-04-04 23:30:00
2026-04-05,LI-CAM-001,LinkedIn Ads,LI-ACC-001,LinkedIn Campaign 01,Lead Generation,233.58,10810,8896,251,10,5,741.82,USD,2026-04-05 23:30:00
2026-04-06,LI-CAM-001,LinkedIn Ads,LI-ACC-001,LinkedIn Campaign 01,Lead Generation,339.12,8388,7219,105,6,2,286.96,USD,2026-04-06 23:30:00
2026-04-07,LI-CAM-001,LinkedIn Ads,LI-ACC-001,LinkedIn Campaign 01,Lead Generation,291.01,8992,7145,186,3,5,617.82,USD,2026-04-07 23:30:00
2026-04-08,LI-CAM-001,LinkedIn Ads,LI-ACC-001,LinkedIn Campaign 01,Lead Generation,264.24,8488,5981,95,8,4,1028.81,USD,2026-04-08 23:30:00
2026-04-09,LI-CAM-001,LinkedIn Ads,LI-ACC-001,LinkedIn Campaign 01,Lead Generation,363.92,14790,12951,218,6,3,378.07,USD,2026-04-09 23:30:00
2026-04-10,LI-CAM-001,LinkedIn Ads,LI-ACC-001,LinkedIn Campaign 01,Lead Generation,288.68,14425,8153,217,18,12,2876.64,USD,2026-04-10 23:30:00
2026-04-11,LI-CAM-001,LinkedIn Ads,LI-ACC-001,LinkedIn Campaign 01,Lead Generation,254.44,5721,3317,110,7,5,1571.19,USD,2026-04-11 23:30:00
2026-04-12,LI-CAM-001,LinkedIn Ads,LI-ACC-001,LinkedIn Campaign 01,Lead Generation,308.82,7467,6481,65,4,1,157.51,USD,2026-04-12 23:30:00
2026-04-13,LI-CAM-001,LinkedIn Ads,LI-ACC-001,LinkedIn Campaign 01,Lead Generation,337.13,13626,10179,275,7,3,431.15,USD,2026-04-13 23:30:00
2026-04-14,LI-CAM-001,LinkedIn Ads,LI-ACC-001,LinkedIn Campaign 01,Lead Generation,387.5,9068,7176,210,15,4,713.68,USD,2026-04-14 23:30:00
2026-04-15,LI-CAM-001,LinkedIn Ads,LI-ACC-001,LinkedIn Campaign 01,Lead Generation,392.44,10008,8760,181,10,6,1811.12,USD,2026-04-15 23:30:00
2026-04-16,LI-CAM-001,LinkedIn Ads,LI-ACC-001,LinkedIn Campaign 01,Lead Generation,296.82,8558,7023,99,13,1,181.92,USD,2026-04-16 23:30:00
2026-04-17,LI-CAM-001,LinkedIn Ads,LI-ACC-001,LinkedIn Campaign 01,Lead Generation,420.75,16855,14512,348,15,12,2311.54,USD,2026-04-17 23:30:00
2026-04-18,LI-CAM-001,LinkedIn Ads,LI-ACC-001,LinkedIn Campaign 01,Lead Generation,279.22,7253,5000,124,6,6,1233.09,USD,2026-04-18 23:30:00
2026-04-19,LI-CAM-001,LinkedIn Ads,LI-ACC-001,LinkedIn Campaign 01,Lead Generation,337.36,16414,12763,284,14,11,3219.74,USD,2026-04-19 23:30:00
2026-04-20,LI-CAM-001,LinkedIn Ads,LI-ACC-001,LinkedIn Campaign 01,Lead Generation,352.3,15747,10249,193,15,15,3957.42,USD,2026-04-20 23:30:00
2026-04-21,LI-CAM-001,LinkedIn Ads,LI-ACC-001,LinkedIn Campaign 01,Lead Generation,293.8,6531,5602,61,5,3,628.65,USD,2026-04-21 23:30:00
2026-04-22,LI-CAM-001,LinkedIn Ads,LI-ACC-001,LinkedIn Campaign 01,Lead Generation,301.78,13428,10888,167,5,2,291.74,USD,2026-04-22 23:30:00
2026-04-23,LI-CAM-001,LinkedIn Ads,LI-ACC-001,LinkedIn Campaign 01,Lead Generation,340.35,8885,5552,72,4,3,725.07,USD,2026-04-23 23:30:00
2026-04-24,LI-CAM-001,LinkedIn Ads,LI-ACC-001,LinkedIn Campaign 01,Lead Generation,389.91,11333,7644,261,18,9,2090.45,USD,2026-04-24 23:30:00
2026-04-25,LI-CAM-001,LinkedIn Ads,LI-ACC-001,LinkedIn Campaign 01,Lead Generation,200.79,5181,3096,100,4,7,2162.36,USD,2026-04-25 23:30:00
2026-04-26,LI-CAM-001,LinkedIn Ads,LI-ACC-001,LinkedIn Campaign 01,Lead Generation,315.97,16272,12256,344,28,17,4834.75,USD,2026-04-26 23:30:00
2026-04-27,LI-CAM-001,LinkedIn Ads,LI-ACC-001,LinkedIn Campaign 01,Lead Generation,283.45,7539,5430,168,15,3,501.22,USD,2026-04-27 23:30:00
2026-04-28,LI-CAM-001,LinkedIn Ads,LI-ACC-001,LinkedIn Campaign 01,Lead Generation,303.06,9183,5197,90,5,5,1174.89,USD,2026-04-28 23:30:00
2026-04-29,LI-CAM-001,LinkedIn Ads,LI-ACC-001,LinkedIn Campaign 01,Lead Generation,327.45,14204,8065,137,13,7,1511.76,USD,2026-04-29 23:30:00
2026-04-30,LI-CAM-001,LinkedIn Ads,LI-ACC-001,LinkedIn Campaign 01,Lead Generation,286.95,15823,12221,346,12,7,2008.09,USD,2026-04-30 23:30:00
2026-05-01,LI-CAM-001,LinkedIn Ads,LI-ACC-001,LinkedIn Campaign 01,Lead Generation,312.16,8393,6292,192,17,8,1606.41,USD,2026-05-01 23:30:00
2026-05-02,LI-CAM-001,LinkedIn Ads,LI-ACC-001,LinkedIn Campaign 01,Lead Generation,265.44,8047,6061,167,6,7,1838.74,USD,2026-05-02 23:30:00
2026-05-03,LI-CAM-001,LinkedIn Ads,LI-ACC-001,LinkedIn Campaign 01,Lead Generation,211.54,7334,6591,137,5,4,495.83,USD,2026-05-03 23:30:00
2026-05-04,LI-CAM-001,LinkedIn Ads,LI-ACC-001,LinkedIn Campaign 01,Lead Generation,377.0,13747,7631,334,13,8,1407.24,USD,2026-05-04 23:30:00
2026-05-05,LI-CAM-001,LinkedIn Ads,LI-ACC-001,LinkedIn Campaign 01,Lead Generation,290.91,11880,8034,158,12,4,651.88,USD,2026-05-05 23:30:00
2026-05-06,LI-CAM-001,LinkedIn Ads,LI-ACC-001,LinkedIn Campaign 01,Lead Generation,260.85,6596,4173,99,12,7,1200.22,USD,2026-05-06 23:30:00
2026-05-07,LI-CAM-001,LinkedIn Ads,LI-ACC-001,LinkedIn Campaign 01,Lead Generation,344.06,8664,7473,129,14,4,550.98,USD,2026-05-07 23:30:00
2026-05-08,LI-CAM-001,LinkedIn Ads,LI-ACC-001,LinkedIn Campaign 01,Lead Generation,366.12,12832,9723,286,17,13,3965.33,USD,2026-05-08 23:30:00
2026-05-09,LI-CAM-001,LinkedIn Ads,LI-ACC-001,LinkedIn Campaign 01,Lead Generation,282.94,6609,4371,138,9,6,2018.66,USD,2026-05-09 23:30:00
2026-05-10,LI-CAM-001,LinkedIn Ads,LI-ACC-001,LinkedIn Campaign 01,Lead Generation,215.38,7063,6018,80,1,1,223.87,USD,2026-05-10 23:30:00
2026-05-11,LI-CAM-001,LinkedIn Ads,LI-ACC-001,LinkedIn Campaign 01,Lead Generation,253.06,6195,5504,86,4,4,1292.38,USD,2026-05-11 23:30:00
2026-05-12,LI-CAM-001,LinkedIn Ads,LI-ACC-001,LinkedIn Campaign 01,Lead Generation,315.41,7500,5868,145,17,2,285.0,USD,2026-05-12 23:30:00
2026-05-13,LI-CAM-001,LinkedIn Ads,LI-ACC-001,LinkedIn Campaign 01,Lead Generation,306.37,14726,8782,284,14,12,3226.38,USD,2026-05-13 23:30:00
2026-05-14,LI-CAM-001,LinkedIn Ads,LI-ACC-001,LinkedIn Campaign 01,Lead Generation,300.54,13175,10524,275,24,15,3683.42,USD,2026-05-14 23:30:00
2026-05-15,LI-CAM-001,LinkedIn Ads,LI-ACC-001,LinkedIn Campaign 01,Lead Generation,347.76,9490,5919,126,3,4,1057.59,USD,2026-05-15 23:30:00
2026-05-16,LI-CAM-001,LinkedIn Ads,LI-ACC-001,LinkedIn Campaign 01,Lead Generation,337.41,9452,6289,224,19,10,2610.87,USD,2026-05-16 23:30:00
2026-05-17,LI-CAM-001,LinkedIn Ads,LI-ACC-001,LinkedIn Campaign 01,Lead Generation,332.13,8145,6450,72,10,2,236.08,USD,2026-05-17 23:30:00
2026-05-18,LI-CAM-001,LinkedIn Ads,LI-ACC-001,LinkedIn Campaign 01,Lead Generation,324.14,7293,5624,88,6,2,352.22,USD,2026-05-18 23:30:00
2026-05-19,LI-CAM-001,LinkedIn Ads,LI-ACC-001,LinkedIn Campaign 01,Lead Generation,318.05,9033,6571,161,6,3,1018.96,USD,2026-05-19 23:30:00
2026-05-20,LI-CAM-001,LinkedIn Ads,LI-ACC-001,LinkedIn Campaign 01,Lead Generation,309.21,10651,9425,253,4,2,499.68,USD,2026-05-20 23:30:00
2026-05-21,LI-CAM-001,LinkedIn Ads,LI-ACC-001,LinkedIn Campaign 01,Lead Generation,318.22,8062,5876,111,7,3,695.31,USD,2026-05-21 23:30:00
2026-05-22,LI-CAM-001,LinkedIn Ads,LI-ACC-001,LinkedIn Campaign 01,Lead Generation,391.67,14056,8933,219,10,10,1597.32,USD,2026-05-22 23:30:00
2026-05-23,LI-CAM-001,LinkedIn Ads,LI-ACC-001,LinkedIn Campaign 01,Lead Generation,278.93,7959,4926,101,4,2,393.3,USD,2026-05-23 23:30:00
2026-05-24,LI-CAM-001,LinkedIn Ads,LI-ACC-001,LinkedIn Campaign 01,Lead Generation,312.14,14299,8633,282,24,14,2730.83,USD,2026-05-24 23:30:00
2026-05-25,LI-CAM-001,LinkedIn Ads,LI-ACC-001,LinkedIn Campaign 01,Lead Generation,300.87,8531,6655,74,4,7,2038.57,USD,2026-05-25 23:30:00
2026-05-26,LI-CAM-001,LinkedIn Ads,LI-ACC-001,LinkedIn Campaign 01,Lead Generation,333.75,8719,5922,168,14,8,1902.99,USD,2026-05-26 23:30:00
2026-05-27,LI-CAM-001,LinkedIn Ads,LI-ACC-001,LinkedIn Campaign 01,Lead Generation,302.07,9933,8293,210,12,5,1119.36,USD,2026-05-27 23:30:00
2026-05-28,LI-CAM-001,LinkedIn Ads,LI-ACC-001,LinkedIn Campaign 01,Lead Generation,271.48,6173,3765,127,6,4,783.53,USD,2026-05-28 23:30:00
2026-05-29,LI-CAM-001,LinkedIn Ads,LI-ACC-001,LinkedIn Campaign 01,Lead Generation,279.69,8123,5109,72,4,1,145.79,USD,2026-05-29 23:30:00
2026-05-30,LI-CAM-001,LinkedIn Ads,LI-ACC-001,LinkedIn Campaign 01,Lead Generation,284.37,13986,10557,255,29,7,1338.53,USD,2026-05-30 23:30:00
2026-05-31,LI-CAM-001,LinkedIn Ads,LI-ACC-001,LinkedIn Campaign 01,Lead Generation,257.4,6979,5253,140,10,4,556.04,USD,2026-05-31 23:30:00
2026-06-01,LI-CAM-001,LinkedIn Ads,LI-ACC-001,LinkedIn Campaign 01,Lead Generation,372.44,8983,7347,192,18,15,3577.22,USD,2026-06-01 23:30:00
2026-06-02,LI-CAM-001,LinkedIn Ads,LI-ACC-001,LinkedIn Campaign 01,Lead Generation,306.81,7290,4227,100,7,4,1052.85,USD,2026-06-02 23:30:00
2026-06-03,LI-CAM-001,LinkedIn Ads,LI-ACC-001,LinkedIn Campaign 01,Lead Generation,396.05,9545,7131,172,18,9,1046.43,USD,2026-06-03 23:30:00
2026-06-04,LI-CAM-001,LinkedIn Ads,LI-ACC-001,LinkedIn Campaign 01,Lead Generation,396.29,10672,9163,191,12,5,917.07,USD,2026-06-04 23:30:00
2026-06-05,LI-CAM-001,LinkedIn Ads,LI-ACC-001,LinkedIn Campaign 01,Lead Generation,325.61,13742,10068,147,11,7,1521.19,USD,2026-06-05 23:30:00
2026-06-06,LI-CAM-001,LinkedIn Ads,LI-ACC-001,LinkedIn Campaign 01,Lead Generation,273.46,12055,7573,152,7,2,237.26,USD,2026-06-06 23:30:00
2026-06-07,LI-CAM-001,LinkedIn Ads,LI-ACC-001,LinkedIn Campaign 01,Lead Generation,339.54,7685,6768,166,14,4,915.91,USD,2026-06-07 23:30:00
2026-06-08,LI-CAM-001,LinkedIn Ads,LI-ACC-001,LinkedIn Campaign 01,Lead Generation,348.33,10593,7986,201,5,6,1824.27,USD,2026-06-08 23:30:00
2026-06-09,LI-CAM-001,LinkedIn Ads,LI-ACC-001,LinkedIn Campaign 01,Lead Generation,361.18,9778,8083,113,10,7,2190.31,USD,2026-06-09 23:30:00
2026-06-10,LI-CAM-001,LinkedIn Ads,LI-ACC-001,LinkedIn Campaign 01,Lead Generation,336.25,8886,6383,151,13,4,944.91,USD,2026-06-10 23:30:00
2026-06-11,LI-CAM-001,LinkedIn Ads,LI-ACC-001,LinkedIn Campaign 01,Lead Generation,323.93,13682,8349,114,11,2,439.07,USD,2026-06-11 23:30:00
2026-06-12,LI-CAM-001,LinkedIn Ads,LI-ACC-001,LinkedIn Campaign 01,Lead Generation,329.7,10722,7417,266,17,14,2154.95,USD,2026-06-12 23:30:00
2026-06-13,LI-CAM-001,LinkedIn Ads,LI-ACC-001,LinkedIn Campaign 01,Lead Generation,224.89,11931,9342,179,16,5,675.7,USD,2026-06-13 23:30:00
2026-06-14,LI-CAM-001,LinkedIn Ads,LI-ACC-001,LinkedIn Campaign 01,Lead Generation,268.56,9165,6048,224,6,0,0.0,USD,2026-06-14 23:30:00
2026-06-15,LI-CAM-001,LinkedIn Ads,LI-ACC-001,LinkedIn Campaign 01,Lead Generation,383.57,13804,9438,325,16,6,1132.88,USD,2026-06-15 23:30:00
2026-06-16,LI-CAM-001,LinkedIn Ads,LI-ACC-001,LinkedIn Campaign 01,Lead Generation,402.11,11943,9575,244,17,9,1960.34,USD,2026-06-16 23:30:00
2026-06-17,LI-CAM-001,LinkedIn Ads,LI-ACC-001,LinkedIn Campaign 01,Lead Generation,377.36,12938,7170,126,9,5,1346.55,USD,2026-06-17 23:30:00
2026-06-18,LI-CAM-001,LinkedIn Ads,LI-ACC-001,LinkedIn Campaign 01,Lead Generation,280.6,9208,8008,155,11,5,663.93,USD,2026-06-18 23:30:00
2026-06-19,LI-CAM-001,LinkedIn Ads,LI-ACC-001,LinkedIn Campaign 01,Lead Generation,342.78,14892,11436,199,19,5,870.64,USD,2026-06-19 23:30:00
2026-01-24,LI-CAM-002,LinkedIn Ads,LI-ACC-001,LinkedIn Campaign 02,Conversions,696.61,20397,17950,453,17,11,2773.13,USD,2026-01-24 23:30:00
2026-01-25,LI-CAM-002,LinkedIn Ads,LI-ACC-001,LinkedIn Campaign 02,Conversions,624.66,23168,15760,329,13,7,1798.24,USD,2026-01-25 23:30:00
2026-01-26,LI-CAM-002,LinkedIn Ads,LI-ACC-001,LinkedIn Campaign 02,Conversions,888.89,43688,25425,365,21,10,1992.43,USD,2026-01-26 23:30:00
2026-01-27,LI-CAM-002,LinkedIn Ads,LI-ACC-001,LinkedIn Campaign 02,Conversions,874.83,41555,23849,557,18,5,830.08,USD,2026-01-27 23:30:00
2026-01-28,LI-CAM-002,LinkedIn Ads,LI-ACC-001,LinkedIn Campaign 02,Conversions,659.93,27432,19730,652,54,17,3627.07,USD,2026-01-28 23:30:00
2026-01-29,LI-CAM-002,LinkedIn Ads,LI-ACC-001,LinkedIn Campaign 02,Conversions,569.89,15829,9674,272,19,8,2384.99,USD,2026-01-29 23:30:00
2026-01-30,LI-CAM-002,LinkedIn Ads,LI-ACC-001,LinkedIn Campaign 02,Conversions,737.83,17264,9503,406,21,13,3903.73,USD,2026-01-30 23:30:00
2026-01-31,LI-CAM-002,LinkedIn Ads,LI-ACC-001,LinkedIn Campaign 02,Conversions,635.86,18897,10688,428,19,7,1340.01,USD,2026-01-31 23:30:00
2026-02-01,LI-CAM-002,LinkedIn Ads,LI-ACC-001,LinkedIn Campaign 02,Conversions,481.41,23548,19409,382,34,14,3728.64,USD,2026-02-01 23:30:00
2026-02-02,LI-CAM-002,LinkedIn Ads,LI-ACC-001,LinkedIn Campaign 02,Conversions,743.42,19683,10996,445,37,17,4737.87,USD,2026-02-02 23:30:00
2026-02-03,LI-CAM-002,LinkedIn Ads,LI-ACC-001,LinkedIn Campaign 02,Conversions,606.85,29109,23277,453,24,14,2908.74,USD,2026-02-03 23:30:00
2026-02-04,LI-CAM-002,LinkedIn Ads,LI-ACC-001,LinkedIn Campaign 02,Conversions,647.45,21014,17676,264,20,9,1643.47,USD,2026-02-04 23:30:00
2026-02-05,LI-CAM-002,LinkedIn Ads,LI-ACC-001,LinkedIn Campaign 02,Conversions,583.07,13947,9935,214,13,4,902.93,USD,2026-02-05 23:30:00
2026-02-06,LI-CAM-002,LinkedIn Ads,LI-ACC-001,LinkedIn Campaign 02,Conversions,809.49,28471,23353,312,24,8,1798.19,USD,2026-02-06 23:30:00
2026-02-07,LI-CAM-002,LinkedIn Ads,LI-ACC-001,LinkedIn Campaign 02,Conversions,733.33,34381,19592,405,33,18,5874.01,USD,2026-02-07 23:30:00
2026-02-08,LI-CAM-002,LinkedIn Ads,LI-ACC-001,LinkedIn Campaign 02,Conversions,731.36,25012,15963,428,11,9,2270.15,USD,2026-02-08 23:30:00
2026-02-09,LI-CAM-002,LinkedIn Ads,LI-ACC-001,LinkedIn Campaign 02,Conversions,780.61,25939,18886,626,25,12,1715.96,USD,2026-02-09 23:30:00
2026-02-10,LI-CAM-002,LinkedIn Ads,LI-ACC-001,LinkedIn Campaign 02,Conversions,768.98,32036,27287,538,24,12,2308.23,USD,2026-02-10 23:30:00
2026-02-11,LI-CAM-002,LinkedIn Ads,LI-ACC-001,LinkedIn Campaign 02,Conversions,781.24,23945,15051,435,25,16,2149.55,USD,2026-02-11 23:30:00
2026-02-12,LI-CAM-002,LinkedIn Ads,LI-ACC-001,LinkedIn Campaign 02,Conversions,596.62,32834,28488,638,63,25,4135.67,USD,2026-02-12 23:30:00
2026-02-13,LI-CAM-002,LinkedIn Ads,LI-ACC-001,LinkedIn Campaign 02,Conversions,886.93,32800,22695,700,45,27,4981.49,USD,2026-02-13 23:30:00
2026-02-14,LI-CAM-002,LinkedIn Ads,LI-ACC-001,LinkedIn Campaign 02,Conversions,627.07,28584,15754,305,28,11,3423.62,USD,2026-02-14 23:30:00
2026-02-15,LI-CAM-002,LinkedIn Ads,LI-ACC-001,LinkedIn Campaign 02,Conversions,658.32,21828,19576,497,21,9,2551.06,USD,2026-02-15 23:30:00
2026-02-16,LI-CAM-002,LinkedIn Ads,LI-ACC-001,LinkedIn Campaign 02,Conversions,851.07,19401,12420,419,35,15,3812.61,USD,2026-02-16 23:30:00
2026-02-17,LI-CAM-002,LinkedIn Ads,LI-ACC-001,LinkedIn Campaign 02,Conversions,871.01,30419,20130,683,71,34,4915.76,USD,2026-02-17 23:30:00
2026-02-18,LI-CAM-002,LinkedIn Ads,LI-ACC-001,LinkedIn Campaign 02,Conversions,602.21,29301,22384,286,13,7,1642.61,USD,2026-02-18 23:30:00
2026-02-19,LI-CAM-002,LinkedIn Ads,LI-ACC-001,LinkedIn Campaign 02,Conversions,633.3,24027,14454,257,23,16,5478.42,USD,2026-02-19 23:30:00
2026-02-20,LI-CAM-002,LinkedIn Ads,LI-ACC-001,LinkedIn Campaign 02,Conversions,824.31,27710,24152,380,22,20,5329.95,USD,2026-02-20 23:30:00
2026-02-21,LI-CAM-002,LinkedIn Ads,LI-ACC-001,LinkedIn Campaign 02,Conversions,563.1,30792,20057,764,56,30,8032.03,USD,2026-02-21 23:30:00
2026-02-22,LI-CAM-002,LinkedIn Ads,LI-ACC-001,LinkedIn Campaign 02,Conversions,654.42,15992,14305,293,17,7,1584.0,USD,2026-02-22 23:30:00
2026-02-23,LI-CAM-002,LinkedIn Ads,LI-ACC-001,LinkedIn Campaign 02,Conversions,791.51,38016,31286,334,8,3,526.25,USD,2026-02-23 23:30:00
2026-02-24,LI-CAM-002,LinkedIn Ads,LI-ACC-001,LinkedIn Campaign 02,Conversions,725.83,18620,15776,455,42,29,7307.36,USD,2026-02-24 23:30:00
2026-02-25,LI-CAM-002,LinkedIn Ads,LI-ACC-001,LinkedIn Campaign 02,Conversions,918.05,35868,31196,868,82,52,9096.95,USD,2026-02-25 23:30:00
2026-02-26,LI-CAM-002,LinkedIn Ads,LI-ACC-001,LinkedIn Campaign 02,Conversions,584.77,18583,15274,279,24,19,6452.82,USD,2026-02-26 23:30:00
2026-02-27,LI-CAM-002,LinkedIn Ads,LI-ACC-001,LinkedIn Campaign 02,Conversions,592.46,15758,9580,136,6,1,293.57,USD,2026-02-27 23:30:00
2026-02-28,LI-CAM-002,LinkedIn Ads,LI-ACC-001,LinkedIn Campaign 02,Conversions,531.51,12693,9106,314,10,9,2076.38,USD,2026-02-28 23:30:00
2026-03-01,LI-CAM-002,LinkedIn Ads,LI-ACC-001,LinkedIn Campaign 02,Conversions,519.8,13052,9611,229,15,4,870.95,USD,2026-03-01 23:30:00
2026-03-02,LI-CAM-002,LinkedIn Ads,LI-ACC-001,LinkedIn Campaign 02,Conversions,891.8,48110,32459,806,42,26,6803.67,USD,2026-03-02 23:30:00
2026-03-03,LI-CAM-002,LinkedIn Ads,LI-ACC-001,LinkedIn Campaign 02,Conversions,907.38,21233,15313,522,59,27,7959.22,USD,2026-03-03 23:30:00
2026-03-04,LI-CAM-002,LinkedIn Ads,LI-ACC-001,LinkedIn Campaign 02,Conversions,676.82,34025,24811,823,59,28,4864.76,USD,2026-03-04 23:30:00
2026-03-05,LI-CAM-002,LinkedIn Ads,LI-ACC-001,LinkedIn Campaign 02,Conversions,677.35,24455,15781,430,14,3,992.55,USD,2026-03-05 23:30:00
2026-03-06,LI-CAM-002,LinkedIn Ads,LI-ACC-001,LinkedIn Campaign 02,Conversions,623.0,20927,11881,497,22,9,2814.04,USD,2026-03-06 23:30:00
2026-03-07,LI-CAM-002,LinkedIn Ads,LI-ACC-001,LinkedIn Campaign 02,Conversions,597.92,17520,9716,320,17,6,1570.74,USD,2026-03-07 23:30:00
2026-03-08,LI-CAM-002,LinkedIn Ads,LI-ACC-001,LinkedIn Campaign 02,Conversions,468.04,25658,21641,331,13,5,846.7,USD,2026-03-08 23:30:00
2026-03-09,LI-CAM-002,LinkedIn Ads,LI-ACC-001,LinkedIn Campaign 02,Conversions,665.82,15919,12383,340,17,16,3690.91,USD,2026-03-09 23:30:00
2026-03-10,LI-CAM-002,LinkedIn Ads,LI-ACC-001,LinkedIn Campaign 02,Conversions,732.28,39852,35033,739,59,26,3702.63,USD,2026-03-10 23:30:00
2026-03-11,LI-CAM-002,LinkedIn Ads,LI-ACC-001,LinkedIn Campaign 02,Conversions,798.05,18186,14986,396,24,12,1916.78,USD,2026-03-11 23:30:00
2026-03-12,LI-CAM-002,LinkedIn Ads,LI-ACC-001,LinkedIn Campaign 02,Conversions,654.12,20724,13933,444,11,6,1563.13,USD,2026-03-12 23:30:00
2026-03-13,LI-CAM-002,LinkedIn Ads,LI-ACC-001,LinkedIn Campaign 02,Conversions,788.78,22290,14412,338,31,12,2399.24,USD,2026-03-13 23:30:00
2026-03-14,LI-CAM-002,LinkedIn Ads,LI-ACC-001,LinkedIn Campaign 02,Conversions,621.63,17976,14481,432,14,13,3920.17,USD,2026-03-14 23:30:00
2026-03-15,LI-CAM-002,LinkedIn Ads,LI-ACC-001,LinkedIn Campaign 02,Conversions,660.99,16257,14597,387,21,15,4520.96,USD,2026-03-15 23:30:00
2026-03-16,LI-CAM-002,LinkedIn Ads,LI-ACC-001,LinkedIn Campaign 02,Conversions,698.32,34019,25332,431,32,22,3514.87,USD,2026-03-16 23:30:00
2026-03-17,LI-CAM-002,LinkedIn Ads,LI-ACC-001,LinkedIn Campaign 02,Conversions,680.21,29993,19842,676,52,25,3613.14,USD,2026-03-17 23:30:00
2026-03-18,LI-CAM-002,LinkedIn Ads,LI-ACC-001,LinkedIn Campaign 02,Conversions,649.79,32320,27107,357,37,18,4774.33,USD,2026-03-18 23:30:00
2026-03-19,LI-CAM-002,LinkedIn Ads,LI-ACC-001,LinkedIn Campaign 02,Conversions,833.33,31110,20577,306,21,19,4495.82,USD,2026-03-19 23:30:00
2026-03-20,LI-CAM-002,LinkedIn Ads,LI-ACC-001,LinkedIn Campaign 02,Conversions,631.25,31028,21023,530,11,9,1962.86,USD,2026-03-20 23:30:00
2026-03-21,LI-CAM-002,LinkedIn Ads,LI-ACC-001,LinkedIn Campaign 02,Conversions,512.83,26303,16215,343,12,7,2414.41,USD,2026-03-21 23:30:00
2026-03-22,LI-CAM-002,LinkedIn Ads,LI-ACC-001,LinkedIn Campaign 02,Conversions,462.77,17845,12384,200,8,2,378.79,USD,2026-03-22 23:30:00
2026-03-23,LI-CAM-002,LinkedIn Ads,LI-ACC-001,LinkedIn Campaign 02,Conversions,894.79,20068,12253,392,35,24,3343.87,USD,2026-03-23 23:30:00
2026-03-24,LI-CAM-002,LinkedIn Ads,LI-ACC-001,LinkedIn Campaign 02,Conversions,776.71,39502,26229,692,56,22,6647.19,USD,2026-03-24 23:30:00
2026-03-25,LI-CAM-002,LinkedIn Ads,LI-ACC-001,LinkedIn Campaign 02,Conversions,882.14,46874,39174,993,85,32,6564.65,USD,2026-03-25 23:30:00
2026-03-26,LI-CAM-002,LinkedIn Ads,LI-ACC-001,LinkedIn Campaign 02,Conversions,852.22,38072,29945,611,20,7,1351.2,USD,2026-03-26 23:30:00
2026-03-27,LI-CAM-002,LinkedIn Ads,LI-ACC-001,LinkedIn Campaign 02,Conversions,787.74,20462,13357,405,32,22,3649.63,USD,2026-03-27 23:30:00
2026-03-28,LI-CAM-002,LinkedIn Ads,LI-ACC-001,LinkedIn Campaign 02,Conversions,470.65,11094,6665,238,25,12,2688.1,USD,2026-03-28 23:30:00
2026-03-29,LI-CAM-002,LinkedIn Ads,LI-ACC-001,LinkedIn Campaign 02,Conversions,520.81,15207,11167,300,12,8,1931.61,USD,2026-03-29 23:30:00
2026-03-30,LI-CAM-002,LinkedIn Ads,LI-ACC-001,LinkedIn Campaign 02,Conversions,749.88,17327,15035,432,35,12,2469.34,USD,2026-03-30 23:30:00
2026-03-31,LI-CAM-002,LinkedIn Ads,LI-ACC-001,LinkedIn Campaign 02,Conversions,822.28,37817,26222,454,44,23,2952.76,USD,2026-03-31 23:30:00
2026-04-01,LI-CAM-002,LinkedIn Ads,LI-ACC-001,LinkedIn Campaign 02,Conversions,680.72,20315,14286,480,54,21,3088.41,USD,2026-04-01 23:30:00
2026-04-02,LI-CAM-002,LinkedIn Ads,LI-ACC-001,LinkedIn Campaign 02,Conversions,681.6,19460,11761,393,31,6,875.46,USD,2026-04-02 23:30:00
2026-04-03,LI-CAM-002,LinkedIn Ads,LI-ACC-001,LinkedIn Campaign 02,Conversions,890.83,27156,23645,667,65,20,3638.22,USD,2026-04-03 23:30:00
2026-04-04,LI-CAM-002,LinkedIn Ads,LI-ACC-001,LinkedIn Campaign 02,Conversions,619.16,25948,15805,374,35,12,4142.86,USD,2026-04-04 23:30:00
2026-04-05,LI-CAM-002,LinkedIn Ads,LI-ACC-001,LinkedIn Campaign 02,Conversions,588.96,14839,9169,330,20,14,3263.98,USD,2026-04-05 23:30:00
2026-04-06,LI-CAM-002,LinkedIn Ads,LI-ACC-001,LinkedIn Campaign 02,Conversions,846.54,20792,12945,406,25,18,5452.22,USD,2026-04-06 23:30:00
2026-04-07,LI-CAM-002,LinkedIn Ads,LI-ACC-001,LinkedIn Campaign 02,Conversions,756.99,28211,16985,426,50,17,3793.41,USD,2026-04-07 23:30:00
2026-04-08,LI-CAM-002,LinkedIn Ads,LI-ACC-001,LinkedIn Campaign 02,Conversions,621.47,20907,15877,488,46,21,4460.41,USD,2026-04-08 23:30:00
2026-04-09,LI-CAM-002,LinkedIn Ads,LI-ACC-001,LinkedIn Campaign 02,Conversions,799.98,18583,13300,396,35,14,3739.95,USD,2026-04-09 23:30:00
2026-04-10,LI-CAM-002,LinkedIn Ads,LI-ACC-001,LinkedIn Campaign 02,Conversions,662.59,20381,15753,355,32,18,3713.4,USD,2026-04-10 23:30:00
2026-04-11,LI-CAM-002,LinkedIn Ads,LI-ACC-001,LinkedIn Campaign 02,Conversions,638.24,17119,13518,248,23,12,1301.66,USD,2026-04-11 23:30:00
2026-04-12,LI-CAM-002,LinkedIn Ads,LI-ACC-001,LinkedIn Campaign 02,Conversions,646.77,23895,18022,374,18,10,1856.84,USD,2026-04-12 23:30:00
2026-04-13,LI-CAM-002,LinkedIn Ads,LI-ACC-001,LinkedIn Campaign 02,Conversions,899.95,39559,23458,570,30,15,3170.7,USD,2026-04-13 23:30:00
2026-04-14,LI-CAM-002,LinkedIn Ads,LI-ACC-001,LinkedIn Campaign 02,Conversions,605.75,29458,25633,284,9,9,1804.5,USD,2026-04-14 23:30:00
2026-04-15,LI-CAM-002,LinkedIn Ads,LI-ACC-001,LinkedIn Campaign 02,Conversions,907.72,46190,39612,448,37,26,4227.09,USD,2026-04-15 23:30:00
2026-04-16,LI-CAM-002,LinkedIn Ads,LI-ACC-001,LinkedIn Campaign 02,Conversions,696.31,26404,21823,384,21,7,1630.7,USD,2026-04-16 23:30:00
2026-04-17,LI-CAM-002,LinkedIn Ads,LI-ACC-001,LinkedIn Campaign 02,Conversions,819.2,24234,19207,395,29,20,4203.51,USD,2026-04-17 23:30:00
2026-04-18,LI-CAM-002,LinkedIn Ads,LI-ACC-001,LinkedIn Campaign 02,Conversions,665.14,22556,15044,336,26,14,1529.19,USD,2026-04-18 23:30:00
2026-04-19,LI-CAM-002,LinkedIn Ads,LI-ACC-001,LinkedIn Campaign 02,Conversions,702.67,24596,21669,379,26,16,2945.87,USD,2026-04-19 23:30:00
2026-04-20,LI-CAM-002,LinkedIn Ads,LI-ACC-001,LinkedIn Campaign 02,Conversions,858.68,20475,11667,193,17,7,1948.98,USD,2026-04-20 23:30:00
2026-04-21,LI-CAM-002,LinkedIn Ads,LI-ACC-001,LinkedIn Campaign 02,Conversions,941.16,28986,24575,371,14,14,1639.63,USD,2026-04-21 23:30:00
2026-04-22,LI-CAM-002,LinkedIn Ads,LI-ACC-001,LinkedIn Campaign 02,Conversions,859.04,30859,17009,412,38,13,4591.14,USD,2026-04-22 23:30:00
2026-04-23,LI-CAM-002,LinkedIn Ads,LI-ACC-001,LinkedIn Campaign 02,Conversions,851.86,32369,26944,770,50,23,3645.25,USD,2026-04-23 23:30:00
2026-04-24,LI-CAM-002,LinkedIn Ads,LI-ACC-001,LinkedIn Campaign 02,Conversions,561.52,26000,18690,265,30,11,1722.35,USD,2026-04-24 23:30:00
2026-04-25,LI-CAM-002,LinkedIn Ads,LI-ACC-001,LinkedIn Campaign 02,Conversions,480.21,16285,10638,279,14,9,1685.79,USD,2026-04-25 23:30:00
2026-04-26,LI-CAM-002,LinkedIn Ads,LI-ACC-001,LinkedIn Campaign 02,Conversions,551.29,12307,8810,159,9,4,937.15,USD,2026-04-26 23:30:00
2026-04-27,LI-CAM-002,LinkedIn Ads,LI-ACC-001,LinkedIn Campaign 02,Conversions,826.37,18865,13480,336,29,12,4168.63,USD,2026-04-27 23:30:00
2026-04-28,LI-CAM-002,LinkedIn Ads,LI-ACC-001,LinkedIn Campaign 02,Conversions,914.7,33661,24493,566,41,30,3212.57,USD,2026-04-28 23:30:00
2026-04-29,LI-CAM-002,LinkedIn Ads,LI-ACC-001,LinkedIn Campaign 02,Conversions,879.8,42858,32454,772,40,11,3240.08,USD,2026-04-29 23:30:00
2026-04-30,LI-CAM-002,LinkedIn Ads,LI-ACC-001,LinkedIn Campaign 02,Conversions,908.63,47398,30678,736,52,19,3673.51,USD,2026-04-30 23:30:00
2026-05-01,LI-CAM-002,LinkedIn Ads,LI-ACC-001,LinkedIn Campaign 02,Conversions,897.66,23932,18794,365,26,7,2043.27,USD,2026-05-01 23:30:00
2026-05-02,LI-CAM-002,LinkedIn Ads,LI-ACC-001,LinkedIn Campaign 02,Conversions,569.53,13045,10179,125,10,6,1086.96,USD,2026-05-02 23:30:00
2026-05-03,LI-CAM-002,LinkedIn Ads,LI-ACC-001,LinkedIn Campaign 02,Conversions,568.18,15068,10724,321,10,4,817.23,USD,2026-05-03 23:30:00
2026-05-04,LI-CAM-002,LinkedIn Ads,LI-ACC-001,LinkedIn Campaign 02,Conversions,797.27,20611,12951,172,4,5,1428.45,USD,2026-05-04 23:30:00
2026-05-05,LI-CAM-002,LinkedIn Ads,LI-ACC-001,LinkedIn Campaign 02,Conversions,807.16,39376,25336,714,62,24,6001.92,USD,2026-05-05 23:30:00
2026-05-06,LI-CAM-002,LinkedIn Ads,LI-ACC-001,LinkedIn Campaign 02,Conversions,801.4,19301,10971,162,14,3,546.07,USD,2026-05-06 23:30:00
2026-05-07,LI-CAM-002,LinkedIn Ads,LI-ACC-001,LinkedIn Campaign 02,Conversions,797.88,25405,20368,624,26,8,975.23,USD,2026-05-07 23:30:00
2026-05-08,LI-CAM-002,LinkedIn Ads,LI-ACC-001,LinkedIn Campaign 02,Conversions,793.7,25100,13818,586,52,33,7015.98,USD,2026-05-08 23:30:00
2026-05-09,LI-CAM-002,LinkedIn Ads,LI-ACC-001,LinkedIn Campaign 02,Conversions,541.16,13323,8683,242,6,8,899.15,USD,2026-05-09 23:30:00
2026-05-10,LI-CAM-002,LinkedIn Ads,LI-ACC-001,LinkedIn Campaign 02,Conversions,589.19,13282,7643,324,20,13,2186.94,USD,2026-05-10 23:30:00
2026-05-11,LI-CAM-002,LinkedIn Ads,LI-ACC-001,LinkedIn Campaign 02,Conversions,653.08,16470,13216,325,19,7,1759.99,USD,2026-05-11 23:30:00
2026-05-12,LI-CAM-002,LinkedIn Ads,LI-ACC-001,LinkedIn Campaign 02,Conversions,658.39,27503,22378,224,19,10,1424.78,USD,2026-05-12 23:30:00
2026-05-13,LI-CAM-002,LinkedIn Ads,LI-ACC-001,LinkedIn Campaign 02,Conversions,714.4,30860,24846,382,29,16,3101.46,USD,2026-05-13 23:30:00
2026-05-14,LI-CAM-002,LinkedIn Ads,LI-ACC-001,LinkedIn Campaign 02,Conversions,742.6,24378,18170,209,7,8,872.84,USD,2026-05-14 23:30:00
2026-05-15,LI-CAM-002,LinkedIn Ads,LI-ACC-001,LinkedIn Campaign 02,Conversions,748.22,36257,32078,732,71,39,6794.11,USD,2026-05-15 23:30:00
2026-05-16,LI-CAM-002,LinkedIn Ads,LI-ACC-001,LinkedIn Campaign 02,Conversions,747.6,25427,17984,225,21,8,1367.05,USD,2026-05-16 23:30:00
2026-05-17,LI-CAM-002,LinkedIn Ads,LI-ACC-001,LinkedIn Campaign 02,Conversions,740.31,24113,16190,325,22,15,3237.43,USD,2026-05-17 23:30:00
2026-05-18,LI-CAM-002,LinkedIn Ads,LI-ACC-001,LinkedIn Campaign 02,Conversions,820.89,28313,16354,314,23,13,2076.84,USD,2026-05-18 23:30:00
2026-05-19,LI-CAM-002,LinkedIn Ads,LI-ACC-001,LinkedIn Campaign 02,Conversions,660.11,15017,12060,361,24,16,3423.26,USD,2026-05-19 23:30:00
2026-05-20,LI-CAM-002,LinkedIn Ads,LI-ACC-001,LinkedIn Campaign 02,Conversions,590.35,31986,27246,604,51,31,6346.26,USD,2026-05-20 23:30:00
2026-05-21,LI-CAM-002,LinkedIn Ads,LI-ACC-001,LinkedIn Campaign 02,Conversions,791.3,24482,21979,393,30,17,3768.86,USD,2026-05-21 23:30:00
2026-05-22,LI-CAM-002,LinkedIn Ads,LI-ACC-001,LinkedIn Campaign 02,Conversions,924.21,34131,26564,421,22,9,2067.45,USD,2026-05-22 23:30:00
2026-05-23,LI-CAM-002,LinkedIn Ads,LI-ACC-001,LinkedIn Campaign 02,Conversions,560.87,19441,13997,359,29,13,2605.35,USD,2026-05-23 23:30:00
2026-05-24,LI-CAM-002,LinkedIn Ads,LI-ACC-001,LinkedIn Campaign 02,Conversions,521.47,21246,13289,413,43,17,3392.35,USD,2026-05-24 23:30:00
2026-05-25,LI-CAM-002,LinkedIn Ads,LI-ACC-001,LinkedIn Campaign 02,Conversions,801.38,21455,12778,429,27,14,3245.37,USD,2026-05-25 23:30:00
2026-05-26,LI-CAM-002,LinkedIn Ads,LI-ACC-001,LinkedIn Campaign 02,Conversions,803.96,28907,17155,530,9,4,1125.96,USD,2026-05-26 23:30:00
2026-05-27,LI-CAM-002,LinkedIn Ads,LI-ACC-001,LinkedIn Campaign 02,Conversions,631.63,33951,22105,767,37,13,2813.3,USD,2026-05-27 23:30:00
2026-05-28,LI-CAM-002,LinkedIn Ads,LI-ACC-001,LinkedIn Campaign 02,Conversions,788.84,29628,20948,238,24,13,3132.54,USD,2026-05-28 23:30:00
2026-05-29,LI-CAM-002,LinkedIn Ads,LI-ACC-001,LinkedIn Campaign 02,Conversions,776.9,27722,16976,609,70,30,4620.02,USD,2026-05-29 23:30:00
2026-05-30,LI-CAM-002,LinkedIn Ads,LI-ACC-001,LinkedIn Campaign 02,Conversions,714.61,28425,17569,285,6,7,1656.81,USD,2026-05-30 23:30:00
2026-05-31,LI-CAM-002,LinkedIn Ads,LI-ACC-001,LinkedIn Campaign 02,Conversions,594.08,17567,15661,274,12,6,789.8,USD,2026-05-31 23:30:00
2026-06-01,LI-CAM-002,LinkedIn Ads,LI-ACC-001,LinkedIn Campaign 02,Conversions,938.94,32642,20339,729,43,24,5345.93,USD,2026-06-01 23:30:00
2026-06-02,LI-CAM-002,LinkedIn Ads,LI-ACC-001,LinkedIn Campaign 02,Conversions,812.23,21191,15319,174,12,8,1039.04,USD,2026-06-02 23:30:00
2026-06-03,LI-CAM-002,LinkedIn Ads,LI-ACC-001,LinkedIn Campaign 02,Conversions,934.09,24381,17728,274,12,9,2962.36,USD,2026-06-03 23:30:00
2026-06-04,LI-CAM-002,LinkedIn Ads,LI-ACC-001,LinkedIn Campaign 02,Conversions,766.3,17206,14670,172,6,2,320.76,USD,2026-06-04 23:30:00
2026-06-05,LI-CAM-002,LinkedIn Ads,LI-ACC-001,LinkedIn Campaign 02,Conversions,565.55,21374,13552,304,19,13,3606.25,USD,2026-06-05 23:30:00
2026-06-06,LI-CAM-002,LinkedIn Ads,LI-ACC-001,LinkedIn Campaign 02,Conversions,511.05,12115,7447,175,11,8,2268.28,USD,2026-06-06 23:30:00
2026-06-07,LI-CAM-002,LinkedIn Ads,LI-ACC-001,LinkedIn Campaign 02,Conversions,614.61,25323,15990,228,27,14,4541.31,USD,2026-06-07 23:30:00
2026-06-08,LI-CAM-002,LinkedIn Ads,LI-ACC-001,LinkedIn Campaign 02,Conversions,918.87,30212,19850,567,56,34,7766.0,USD,2026-06-08 23:30:00
2026-06-09,LI-CAM-002,LinkedIn Ads,LI-ACC-001,LinkedIn Campaign 02,Conversions,760.88,22098,17860,334,28,16,5356.73,USD,2026-06-09 23:30:00
2026-06-10,LI-CAM-002,LinkedIn Ads,LI-ACC-001,LinkedIn Campaign 02,Conversions,820.65,33339,19704,738,49,22,3391.38,USD,2026-06-10 23:30:00
2026-06-11,LI-CAM-002,LinkedIn Ads,LI-ACC-001,LinkedIn Campaign 02,Conversions,656.73,33554,23528,406,21,10,3224.08,USD,2026-06-11 23:30:00
2026-06-12,LI-CAM-002,LinkedIn Ads,LI-ACC-001,LinkedIn Campaign 02,Conversions,702.33,30137,17423,617,16,12,2272.58,USD,2026-06-12 23:30:00
2026-06-13,LI-CAM-002,LinkedIn Ads,LI-ACC-001,LinkedIn Campaign 02,Conversions,527.22,12053,9296,136,6,7,1904.92,USD,2026-06-13 23:30:00
2026-06-14,LI-CAM-002,LinkedIn Ads,LI-ACC-001,LinkedIn Campaign 02,Conversions,463.86,15395,10322,330,18,6,1868.59,USD,2026-06-14 23:30:00
2026-06-15,LI-CAM-002,LinkedIn Ads,LI-ACC-001,LinkedIn Campaign 02,Conversions,793.96,23624,14093,481,45,14,2717.76,USD,2026-06-15 23:30:00
2026-06-16,LI-CAM-002,LinkedIn Ads,LI-ACC-001,LinkedIn Campaign 02,Conversions,632.45,15243,8387,213,8,8,1545.12,USD,2026-06-16 23:30:00
2026-06-17,LI-CAM-002,LinkedIn Ads,LI-ACC-001,LinkedIn Campaign 02,Conversions,946.53,25612,18918,320,8,9,1618.88,USD,2026-06-17 23:30:00
2026-06-18,LI-CAM-002,LinkedIn Ads,LI-ACC-001,LinkedIn Campaign 02,Conversions,947.48,23197,17066,312,9,4,842.34,USD,2026-06-18 23:30:00
2026-06-19,LI-CAM-002,LinkedIn Ads,LI-ACC-001,LinkedIn Campaign 02,Conversions,896.23,25084,21011,445,11,4,682.14,USD,2026-06-19 23:30:00
2026-06-20,LI-CAM-002,LinkedIn Ads,LI-ACC-001,LinkedIn Campaign 02,Conversions,654.13,25446,14443,570,45,17,2515.16,USD,2026-06-20 23:30:00
2026-06-21,LI-CAM-002,LinkedIn Ads,LI-ACC-001,LinkedIn Campaign 02,Conversions,507.82,22937,15872,308,10,10,2655.06,USD,2026-06-21 23:30:00
2026-06-22,LI-CAM-002,LinkedIn Ads,LI-ACC-001,LinkedIn Campaign 02,Conversions,818.62,34987,20420,623,54,28,8118.68,USD,2026-06-22 23:30:00
2026-06-23,LI-CAM-002,LinkedIn Ads,LI-ACC-001,LinkedIn Campaign 02,Conversions,857.32,33894,21035,549,41,25,8147.52,USD,2026-06-23 23:30:00
2026-06-24,LI-CAM-002,LinkedIn Ads,LI-ACC-001,LinkedIn Campaign 02,Conversions,754.63,36884,31604,868,43,12,2028.48,USD,2026-06-24 23:30:00
2026-06-25,LI-CAM-002,LinkedIn Ads,LI-ACC-001,LinkedIn Campaign 02,Conversions,662.92,21919,14973,422,27,8,1643.64,USD,2026-06-25 23:30:00
2026-06-26,LI-CAM-002,LinkedIn Ads,LI-ACC-001,LinkedIn Campaign 02,Conversions,902.46,24781,17201,297,29,10,2006.21,USD,2026-06-26 23:30:00
2026-01-29,LI-CAM-003,LinkedIn Ads,LI-ACC-001,LinkedIn Campaign 03,Lead Generation,784.63,19899,11891,374,22,11,1713.57,USD,2026-01-29 23:30:00
2026-01-30,LI-CAM-003,LinkedIn Ads,LI-ACC-001,LinkedIn Campaign 03,Lead Generation,509.38,20827,17836,473,12,10,2782.08,USD,2026-01-30 23:30:00
2026-01-31,LI-CAM-003,LinkedIn Ads,LI-ACC-001,LinkedIn Campaign 03,Lead Generation,618.01,33766,26268,667,54,30,7999.44,USD,2026-01-31 23:30:00
2026-02-01,LI-CAM-003,LinkedIn Ads,LI-ACC-001,LinkedIn Campaign 03,Lead Generation,599.74,25709,16044,401,17,13,3823.74,USD,2026-02-01 23:30:00
2026-02-02,LI-CAM-003,LinkedIn Ads,LI-ACC-001,LinkedIn Campaign 03,Lead Generation,837.57,23446,18331,232,7,6,673.33,USD,2026-02-02 23:30:00
2026-02-03,LI-CAM-003,LinkedIn Ads,LI-ACC-001,LinkedIn Campaign 03,Lead Generation,855.03,34598,28398,541,35,22,3258.67,USD,2026-02-03 23:30:00
2026-02-04,LI-CAM-003,LinkedIn Ads,LI-ACC-001,LinkedIn Campaign 03,Lead Generation,676.49,30636,18308,313,24,19,5399.65,USD,2026-02-04 23:30:00
2026-02-05,LI-CAM-003,LinkedIn Ads,LI-ACC-001,LinkedIn Campaign 03,Lead Generation,778.06,20003,14776,495,31,13,2916.89,USD,2026-02-05 23:30:00
2026-02-06,LI-CAM-003,LinkedIn Ads,LI-ACC-001,LinkedIn Campaign 03,Lead Generation,576.74,14890,13234,179,14,6,1229.78,USD,2026-02-06 23:30:00
2026-02-07,LI-CAM-003,LinkedIn Ads,LI-ACC-001,LinkedIn Campaign 03,Lead Generation,408.34,21408,19156,378,12,2,582.54,USD,2026-02-07 23:30:00
2026-02-08,LI-CAM-003,LinkedIn Ads,LI-ACC-001,LinkedIn Campaign 03,Lead Generation,674.25,30157,17920,528,32,15,2773.38,USD,2026-02-08 23:30:00
2026-02-09,LI-CAM-003,LinkedIn Ads,LI-ACC-001,LinkedIn Campaign 03,Lead Generation,672.79,29407,26419,337,19,10,1511.54,USD,2026-02-09 23:30:00
2026-02-10,LI-CAM-003,LinkedIn Ads,LI-ACC-001,LinkedIn Campaign 03,Lead Generation,602.23,15493,10826,276,12,5,1141.57,USD,2026-02-10 23:30:00
2026-02-11,LI-CAM-003,LinkedIn Ads,LI-ACC-001,LinkedIn Campaign 03,Lead Generation,689.59,17067,15057,410,22,15,2753.91,USD,2026-02-11 23:30:00
2026-02-12,LI-CAM-003,LinkedIn Ads,LI-ACC-001,LinkedIn Campaign 03,Lead Generation,737.95,29460,19420,555,46,14,2369.31,USD,2026-02-12 23:30:00
2026-02-13,LI-CAM-003,LinkedIn Ads,LI-ACC-001,LinkedIn Campaign 03,Lead Generation,834.36,21378,16732,173,14,14,4294.94,USD,2026-02-13 23:30:00
2026-02-14,LI-CAM-003,LinkedIn Ads,LI-ACC-001,LinkedIn Campaign 03,Lead Generation,540.26,12829,7242,189,12,5,608.75,USD,2026-02-14 23:30:00
2026-02-15,LI-CAM-003,LinkedIn Ads,LI-ACC-001,LinkedIn Campaign 03,Lead Generation,596.05,14522,12678,236,13,10,2887.94,USD,2026-02-15 23:30:00
2026-02-16,LI-CAM-003,LinkedIn Ads,LI-ACC-001,LinkedIn Campaign 03,Lead Generation,538.04,12223,10878,99,9,4,1222.72,USD,2026-02-16 23:30:00
2026-02-17,LI-CAM-003,LinkedIn Ads,LI-ACC-001,LinkedIn Campaign 03,Lead Generation,860.08,35608,27081,478,51,29,8480.29,USD,2026-02-17 23:30:00
2026-02-18,LI-CAM-003,LinkedIn Ads,LI-ACC-001,LinkedIn Campaign 03,Lead Generation,683.12,15591,10326,379,14,6,1029.33,USD,2026-02-18 23:30:00
2026-02-19,LI-CAM-003,LinkedIn Ads,LI-ACC-001,LinkedIn Campaign 03,Lead Generation,667.92,16038,9362,235,7,8,1995.02,USD,2026-02-19 23:30:00
2026-02-20,LI-CAM-003,LinkedIn Ads,LI-ACC-001,LinkedIn Campaign 03,Lead Generation,666.29,21439,14858,425,40,16,2110.13,USD,2026-02-20 23:30:00
2026-02-21,LI-CAM-003,LinkedIn Ads,LI-ACC-001,LinkedIn Campaign 03,Lead Generation,462.81,20083,18045,490,31,22,6967.37,USD,2026-02-21 23:30:00
2026-02-22,LI-CAM-003,LinkedIn Ads,LI-ACC-001,LinkedIn Campaign 03,Lead Generation,442.79,11328,10158,118,4,5,1162.01,USD,2026-02-22 23:30:00
2026-02-23,LI-CAM-003,LinkedIn Ads,LI-ACC-001,LinkedIn Campaign 03,Lead Generation,593.91,20332,17448,442,28,17,5629.22,USD,2026-02-23 23:30:00
2026-02-24,LI-CAM-003,LinkedIn Ads,LI-ACC-001,LinkedIn Campaign 03,Lead Generation,742.3,25164,18732,227,21,3,508.44,USD,2026-02-24 23:30:00
2026-02-25,LI-CAM-003,LinkedIn Ads,LI-ACC-001,LinkedIn Campaign 03,Lead Generation,704.93,28829,19167,677,51,22,6273.89,USD,2026-02-25 23:30:00
2026-02-26,LI-CAM-003,LinkedIn Ads,LI-ACC-001,LinkedIn Campaign 03,Lead Generation,591.5,16713,10287,362,34,12,2581.48,USD,2026-02-26 23:30:00
2026-02-27,LI-CAM-003,LinkedIn Ads,LI-ACC-001,LinkedIn Campaign 03,Lead Generation,788.98,21691,18322,316,22,14,3017.31,USD,2026-02-27 23:30:00
2026-02-28,LI-CAM-003,LinkedIn Ads,LI-ACC-001,LinkedIn Campaign 03,Lead Generation,572.82,14030,7897,183,7,4,600.77,USD,2026-02-28 23:30:00
2026-03-01,LI-CAM-003,LinkedIn Ads,LI-ACC-001,LinkedIn Campaign 03,Lead Generation,570.63,27115,23887,406,29,12,1557.72,USD,2026-03-01 23:30:00
2026-03-02,LI-CAM-003,LinkedIn Ads,LI-ACC-001,LinkedIn Campaign 03,Lead Generation,580.15,15017,11877,232,16,5,1290.58,USD,2026-03-02 23:30:00
2026-03-03,LI-CAM-003,LinkedIn Ads,LI-ACC-001,LinkedIn Campaign 03,Lead Generation,851.56,31902,24301,743,49,33,7480.48,USD,2026-03-03 23:30:00
2026-03-04,LI-CAM-003,LinkedIn Ads,LI-ACC-001,LinkedIn Campaign 03,Lead Generation,510.46,17089,11708,393,28,13,2565.11,USD,2026-03-04 23:30:00
2026-03-05,LI-CAM-003,LinkedIn Ads,LI-ACC-001,LinkedIn Campaign 03,Lead Generation,793.65,24063,17679,232,22,11,3271.04,USD,2026-03-05 23:30:00
2026-03-06,LI-CAM-003,LinkedIn Ads,LI-ACC-001,LinkedIn Campaign 03,Lead Generation,770.15,39610,25986,984,63,26,8411.5,USD,2026-03-06 23:30:00
2026-03-07,LI-CAM-003,LinkedIn Ads,LI-ACC-001,LinkedIn Campaign 03,Lead Generation,679.46,28339,25136,580,44,18,4444.09,USD,2026-03-07 23:30:00
2026-03-08,LI-CAM-003,LinkedIn Ads,LI-ACC-001,LinkedIn Campaign 03,Lead Generation,407.07,10564,7116,178,17,6,1352.07,USD,2026-03-08 23:30:00
2026-03-09,LI-CAM-003,LinkedIn Ads,LI-ACC-001,LinkedIn Campaign 03,Lead Generation,641.08,16109,13584,267,12,6,1899.66,USD,2026-03-09 23:30:00
2026-03-10,LI-CAM-003,LinkedIn Ads,LI-ACC-001,LinkedIn Campaign 03,Lead Generation,733.35,17771,14573,223,18,17,2807.72,USD,2026-03-10 23:30:00
2026-03-11,LI-CAM-003,LinkedIn Ads,LI-ACC-001,LinkedIn Campaign 03,Lead Generation,546.41,19351,11501,388,23,7,1046.84,USD,2026-03-11 23:30:00
2026-03-12,LI-CAM-003,LinkedIn Ads,LI-ACC-001,LinkedIn Campaign 03,Lead Generation,781.34,22634,13018,411,16,8,1673.07,USD,2026-03-12 23:30:00
2026-03-13,LI-CAM-003,LinkedIn Ads,LI-ACC-001,LinkedIn Campaign 03,Lead Generation,550.45,12643,10226,194,10,4,1109.95,USD,2026-03-13 23:30:00
2026-03-14,LI-CAM-003,LinkedIn Ads,LI-ACC-001,LinkedIn Campaign 03,Lead Generation,615.64,25509,21302,402,20,17,5535.1,USD,2026-03-14 23:30:00
2026-03-15,LI-CAM-003,LinkedIn Ads,LI-ACC-001,LinkedIn Campaign 03,Lead Generation,408.83,9803,5836,232,12,8,2241.6,USD,2026-03-15 23:30:00
2026-03-16,LI-CAM-003,LinkedIn Ads,LI-ACC-001,LinkedIn Campaign 03,Lead Generation,860.97,44409,31391,793,95,43,11782.92,USD,2026-03-16 23:30:00
2026-03-17,LI-CAM-003,LinkedIn Ads,LI-ACC-001,LinkedIn Campaign 03,Lead Generation,833.26,20843,16983,491,26,13,2694.47,USD,2026-03-17 23:30:00
2026-03-18,LI-CAM-003,LinkedIn Ads,LI-ACC-001,LinkedIn Campaign 03,Lead Generation,627.46,14573,13078,238,13,11,2838.81,USD,2026-03-18 23:30:00
2026-03-19,LI-CAM-003,LinkedIn Ads,LI-ACC-001,LinkedIn Campaign 03,Lead Generation,653.18,18553,11940,253,7,4,557.18,USD,2026-03-19 23:30:00
2026-03-20,LI-CAM-003,LinkedIn Ads,LI-ACC-001,LinkedIn Campaign 03,Lead Generation,809.77,35004,22372,600,35,19,4016.96,USD,2026-03-20 23:30:00
2026-03-21,LI-CAM-003,LinkedIn Ads,LI-ACC-001,LinkedIn Campaign 03,Lead Generation,559.59,24853,14867,408,27,10,2282.47,USD,2026-03-21 23:30:00
2026-03-22,LI-CAM-003,LinkedIn Ads,LI-ACC-001,LinkedIn Campaign 03,Lead Generation,538.46,14541,9058,224,12,5,1239.45,USD,2026-03-22 23:30:00
2026-03-23,LI-CAM-003,LinkedIn Ads,LI-ACC-001,LinkedIn Campaign 03,Lead Generation,569.63,14572,9231,125,6,5,1663.35,USD,2026-03-23 23:30:00
2026-03-24,LI-CAM-003,LinkedIn Ads,LI-ACC-001,LinkedIn Campaign 03,Lead Generation,613.43,15005,10763,309,7,4,649.68,USD,2026-03-24 23:30:00
2026-03-25,LI-CAM-003,LinkedIn Ads,LI-ACC-001,LinkedIn Campaign 03,Lead Generation,603.79,22745,13711,381,17,11,1771.84,USD,2026-03-25 23:30:00
2026-03-26,LI-CAM-003,LinkedIn Ads,LI-ACC-001,LinkedIn Campaign 03,Lead Generation,627.01,32730,18202,501,23,12,2127.26,USD,2026-03-26 23:30:00
2026-03-27,LI-CAM-003,LinkedIn Ads,LI-ACC-001,LinkedIn Campaign 03,Lead Generation,829.16,34901,29336,531,13,7,1231.7,USD,2026-03-27 23:30:00
2026-03-28,LI-CAM-003,LinkedIn Ads,LI-ACC-001,LinkedIn Campaign 03,Lead Generation,510.55,20584,17931,250,24,12,1489.52,USD,2026-03-28 23:30:00
2026-03-29,LI-CAM-003,LinkedIn Ads,LI-ACC-001,LinkedIn Campaign 03,Lead Generation,469.13,13025,10170,197,19,8,1341.52,USD,2026-03-29 23:30:00
2026-03-30,LI-CAM-003,LinkedIn Ads,LI-ACC-001,LinkedIn Campaign 03,Lead Generation,539.02,12567,6999,221,23,8,1434.88,USD,2026-03-30 23:30:00
2026-03-31,LI-CAM-003,LinkedIn Ads,LI-ACC-001,LinkedIn Campaign 03,Lead Generation,568.75,16138,12038,368,14,13,2157.25,USD,2026-03-31 23:30:00
2026-04-01,LI-CAM-003,LinkedIn Ads,LI-ACC-001,LinkedIn Campaign 03,Lead Generation,690.32,28050,20548,295,17,6,1023.06,USD,2026-04-01 23:30:00
2026-04-02,LI-CAM-003,LinkedIn Ads,LI-ACC-001,LinkedIn Campaign 03,Lead Generation,523.8,16360,9107,221,7,5,1108.67,USD,2026-04-02 23:30:00
2026-04-03,LI-CAM-003,LinkedIn Ads,LI-ACC-001,LinkedIn Campaign 03,Lead Generation,575.38,22843,15756,301,25,11,3505.96,USD,2026-04-03 23:30:00
2026-04-04,LI-CAM-003,LinkedIn Ads,LI-ACC-001,LinkedIn Campaign 03,Lead Generation,470.76,17588,12687,386,44,23,6970.87,USD,2026-04-04 23:30:00
2026-04-05,LI-CAM-003,LinkedIn Ads,LI-ACC-001,LinkedIn Campaign 03,Lead Generation,527.26,15235,12645,336,31,7,1319.54,USD,2026-04-05 23:30:00
2026-04-06,LI-CAM-003,LinkedIn Ads,LI-ACC-001,LinkedIn Campaign 03,Lead Generation,660.69,16640,12492,150,6,4,1036.62,USD,2026-04-06 23:30:00
2026-04-07,LI-CAM-003,LinkedIn Ads,LI-ACC-001,LinkedIn Campaign 03,Lead Generation,648.12,29529,16544,615,41,12,3475.29,USD,2026-04-07 23:30:00
2026-04-08,LI-CAM-003,LinkedIn Ads,LI-ACC-001,LinkedIn Campaign 03,Lead Generation,827.07,26202,15890,609,58,25,2910.04,USD,2026-04-08 23:30:00
2026-04-09,LI-CAM-003,LinkedIn Ads,LI-ACC-001,LinkedIn Campaign 03,Lead Generation,669.62,21504,15293,206,16,5,1095.0,USD,2026-04-09 23:30:00
2026-04-10,LI-CAM-003,LinkedIn Ads,LI-ACC-001,LinkedIn Campaign 03,Lead Generation,625.83,27323,22363,357,16,9,2584.81,USD,2026-04-10 23:30:00
2026-04-11,LI-CAM-003,LinkedIn Ads,LI-ACC-001,LinkedIn Campaign 03,Lead Generation,493.5,14618,11865,304,19,12,1877.47,USD,2026-04-11 23:30:00
2026-04-12,LI-CAM-003,LinkedIn Ads,LI-ACC-001,LinkedIn Campaign 03,Lead Generation,516.35,18899,13611,396,26,12,1641.39,USD,2026-04-12 23:30:00
2026-04-13,LI-CAM-003,LinkedIn Ads,LI-ACC-001,LinkedIn Campaign 03,Lead Generation,687.29,16808,9523,195,9,4,1297.12,USD,2026-04-13 23:30:00
2026-04-14,LI-CAM-003,LinkedIn Ads,LI-ACC-001,LinkedIn Campaign 03,Lead Generation,649.88,14553,13016,288,16,8,1299.62,USD,2026-04-14 23:30:00
2026-04-15,LI-CAM-003,LinkedIn Ads,LI-ACC-001,LinkedIn Campaign 03,Lead Generation,719.47,16289,12807,383,21,11,1854.14,USD,2026-04-15 23:30:00
2026-04-16,LI-CAM-003,LinkedIn Ads,LI-ACC-001,LinkedIn Campaign 03,Lead Generation,751.21,17355,12919,270,12,7,1098.2,USD,2026-04-16 23:30:00
2026-04-17,LI-CAM-003,LinkedIn Ads,LI-ACC-001,LinkedIn Campaign 03,Lead Generation,636.14,24834,20467,590,30,19,3703.38,USD,2026-04-17 23:30:00
2026-04-18,LI-CAM-003,LinkedIn Ads,LI-ACC-001,LinkedIn Campaign 03,Lead Generation,500.42,22083,12725,472,37,22,4081.81,USD,2026-04-18 23:30:00
2026-04-19,LI-CAM-003,LinkedIn Ads,LI-ACC-001,LinkedIn Campaign 03,Lead Generation,604.06,20108,11739,368,29,7,2139.92,USD,2026-04-19 23:30:00
2026-04-20,LI-CAM-003,LinkedIn Ads,LI-ACC-001,LinkedIn Campaign 03,Lead Generation,703.4,26771,19753,521,43,21,2647.37,USD,2026-04-20 23:30:00
2026-04-21,LI-CAM-003,LinkedIn Ads,LI-ACC-001,LinkedIn Campaign 03,Lead Generation,609.27,14843,8564,348,18,6,1632.83,USD,2026-04-21 23:30:00
2026-04-22,LI-CAM-003,LinkedIn Ads,LI-ACC-001,LinkedIn Campaign 03,Lead Generation,693.02,17332,14335,258,10,8,1559.37,USD,2026-04-22 23:30:00
2026-04-23,LI-CAM-003,LinkedIn Ads,LI-ACC-001,LinkedIn Campaign 03,Lead Generation,704.69,33924,22666,719,56,35,12105.43,USD,2026-04-23 23:30:00
2026-04-24,LI-CAM-003,LinkedIn Ads,LI-ACC-001,LinkedIn Campaign 03,Lead Generation,542.3,26605,18698,558,35,15,3201.42,USD,2026-04-24 23:30:00
2026-04-25,LI-CAM-003,LinkedIn Ads,LI-ACC-001,LinkedIn Campaign 03,Lead Generation,511.03,16249,9075,403,15,11,3096.06,USD,2026-04-25 23:30:00
2026-04-26,LI-CAM-003,LinkedIn Ads,LI-ACC-001,LinkedIn Campaign 03,Lead Generation,436.86,12892,11153,318,38,12,2936.07,USD,2026-04-26 23:30:00
2026-04-27,LI-CAM-003,LinkedIn Ads,LI-ACC-001,LinkedIn Campaign 03,Lead Generation,634.06,14554,9910,125,7,5,996.29,USD,2026-04-27 23:30:00
2026-04-28,LI-CAM-003,LinkedIn Ads,LI-ACC-001,LinkedIn Campaign 03,Lead Generation,609.22,27098,20512,241,5,2,622.42,USD,2026-04-28 23:30:00
2026-04-29,LI-CAM-003,LinkedIn Ads,LI-ACC-001,LinkedIn Campaign 03,Lead Generation,775.07,40537,29802,641,50,16,3692.37,USD,2026-04-29 23:30:00
2026-04-30,LI-CAM-003,LinkedIn Ads,LI-ACC-001,LinkedIn Campaign 03,Lead Generation,644.97,15558,11259,346,19,7,1012.78,USD,2026-04-30 23:30:00
2026-05-01,LI-CAM-003,LinkedIn Ads,LI-ACC-001,LinkedIn Campaign 03,Lead Generation,658.29,28170,23284,500,23,14,3640.12,USD,2026-05-01 23:30:00
2026-05-02,LI-CAM-003,LinkedIn Ads,LI-ACC-001,LinkedIn Campaign 03,Lead Generation,692.68,27289,15640,535,17,8,2480.02,USD,2026-05-02 23:30:00
2026-05-03,LI-CAM-003,LinkedIn Ads,LI-ACC-001,LinkedIn Campaign 03,Lead Generation,666.47,20060,13064,265,8,10,2356.22,USD,2026-05-03 23:30:00
2026-05-04,LI-CAM-003,LinkedIn Ads,LI-ACC-001,LinkedIn Campaign 03,Lead Generation,797.47,27973,17453,661,39,19,2343.56,USD,2026-05-04 23:30:00
2026-05-05,LI-CAM-003,LinkedIn Ads,LI-ACC-001,LinkedIn Campaign 03,Lead Generation,820.77,39788,34154,504,51,26,5227.21,USD,2026-05-05 23:30:00
2026-05-06,LI-CAM-003,LinkedIn Ads,LI-ACC-001,LinkedIn Campaign 03,Lead Generation,735.56,38394,34528,638,17,13,2723.06,USD,2026-05-06 23:30:00
2026-05-07,LI-CAM-003,LinkedIn Ads,LI-ACC-001,LinkedIn Campaign 03,Lead Generation,788.24,28545,16238,435,26,10,1407.05,USD,2026-05-07 23:30:00
2026-05-08,LI-CAM-003,LinkedIn Ads,LI-ACC-001,LinkedIn Campaign 03,Lead Generation,703.36,16735,14981,203,13,7,1714.85,USD,2026-05-08 23:30:00
2026-05-09,LI-CAM-003,LinkedIn Ads,LI-ACC-001,LinkedIn Campaign 03,Lead Generation,521.65,13526,10221,109,4,5,1098.9,USD,2026-05-09 23:30:00
2026-05-10,LI-CAM-003,LinkedIn Ads,LI-ACC-001,LinkedIn Campaign 03,Lead Generation,458.48,15081,11941,315,20,11,2202.92,USD,2026-05-10 23:30:00
2026-05-11,LI-CAM-003,LinkedIn Ads,LI-ACC-001,LinkedIn Campaign 03,Lead Generation,749.63,19084,12791,426,25,17,4585.13,USD,2026-05-11 23:30:00
2026-05-12,LI-CAM-003,LinkedIn Ads,LI-ACC-001,LinkedIn Campaign 03,Lead Generation,555.73,16899,14789,150,7,11,1467.01,USD,2026-05-12 23:30:00
2026-05-13,LI-CAM-003,LinkedIn Ads,LI-ACC-001,LinkedIn Campaign 03,Lead Generation,844.42,24582,19407,374,30,10,3104.47,USD,2026-05-13 23:30:00
2026-05-14,LI-CAM-003,LinkedIn Ads,LI-ACC-001,LinkedIn Campaign 03,Lead Generation,702.04,35525,24034,308,7,8,1820.49,USD,2026-05-14 23:30:00
2026-05-15,LI-CAM-003,LinkedIn Ads,LI-ACC-001,LinkedIn Campaign 03,Lead Generation,687.6,18998,16499,356,28,17,4985.51,USD,2026-05-15 23:30:00
2026-05-16,LI-CAM-003,LinkedIn Ads,LI-ACC-001,LinkedIn Campaign 03,Lead Generation,579.4,13132,11088,234,12,5,1048.82,USD,2026-05-16 23:30:00
2026-05-17,LI-CAM-003,LinkedIn Ads,LI-ACC-001,LinkedIn Campaign 03,Lead Generation,487.55,19129,15752,465,46,15,3298.38,USD,2026-05-17 23:30:00
2026-05-18,LI-CAM-003,LinkedIn Ads,LI-ACC-001,LinkedIn Campaign 03,Lead Generation,624.34,14049,8936,293,11,7,1682.93,USD,2026-05-18 23:30:00
2026-05-19,LI-CAM-003,LinkedIn Ads,LI-ACC-001,LinkedIn Campaign 03,Lead Generation,616.54,21033,14859,300,11,8,926.5,USD,2026-05-19 23:30:00
2026-05-20,LI-CAM-003,LinkedIn Ads,LI-ACC-001,LinkedIn Campaign 03,Lead Generation,639.88,33469,27800,539,46,30,3129.93,USD,2026-05-20 23:30:00
2026-05-21,LI-CAM-003,LinkedIn Ads,LI-ACC-001,LinkedIn Campaign 03,Lead Generation,545.11,27523,23325,465,57,22,3343.97,USD,2026-05-21 23:30:00
2026-05-22,LI-CAM-003,LinkedIn Ads,LI-ACC-001,LinkedIn Campaign 03,Lead Generation,511.31,12744,7651,168,13,1,183.52,USD,2026-05-22 23:30:00
2026-05-23,LI-CAM-003,LinkedIn Ads,LI-ACC-001,LinkedIn Campaign 03,Lead Generation,453.57,10448,6596,105,4,5,1610.91,USD,2026-05-23 23:30:00
2026-05-24,LI-CAM-003,LinkedIn Ads,LI-ACC-001,LinkedIn Campaign 03,Lead Generation,434.69,15475,13038,147,11,2,610.04,USD,2026-05-24 23:30:00
2026-05-25,LI-CAM-003,LinkedIn Ads,LI-ACC-001,LinkedIn Campaign 03,Lead Generation,668.75,19805,14089,329,17,15,3246.46,USD,2026-05-25 23:30:00
2026-05-26,LI-CAM-003,LinkedIn Ads,LI-ACC-001,LinkedIn Campaign 03,Lead Generation,828.09,25074,13898,410,36,17,3340.54,USD,2026-05-26 23:30:00
2026-05-27,LI-CAM-003,LinkedIn Ads,LI-ACC-001,LinkedIn Campaign 03,Lead Generation,712.26,16132,9696,181,15,8,1971.43,USD,2026-05-27 23:30:00
2026-05-28,LI-CAM-003,LinkedIn Ads,LI-ACC-001,LinkedIn Campaign 03,Lead Generation,673.04,19265,10694,158,9,3,723.06,USD,2026-05-28 23:30:00
2026-05-29,LI-CAM-003,LinkedIn Ads,LI-ACC-001,LinkedIn Campaign 03,Lead Generation,696.86,19304,11801,357,16,6,1784.9,USD,2026-05-29 23:30:00
2026-05-30,LI-CAM-003,LinkedIn Ads,LI-ACC-001,LinkedIn Campaign 03,Lead Generation,599.86,30484,22086,612,51,21,3562.13,USD,2026-05-30 23:30:00
2026-05-31,LI-CAM-003,LinkedIn Ads,LI-ACC-001,LinkedIn Campaign 03,Lead Generation,633.56,24323,18079,560,17,9,2245.64,USD,2026-05-31 23:30:00
2026-06-01,LI-CAM-003,LinkedIn Ads,LI-ACC-001,LinkedIn Campaign 03,Lead Generation,527.29,15117,12602,342,23,16,4483.77,USD,2026-06-01 23:30:00
2026-06-02,LI-CAM-003,LinkedIn Ads,LI-ACC-001,LinkedIn Campaign 03,Lead Generation,728.67,20690,16175,412,34,22,6086.41,USD,2026-06-02 23:30:00
2026-06-03,LI-CAM-003,LinkedIn Ads,LI-ACC-001,LinkedIn Campaign 03,Lead Generation,660.0,29962,24741,248,12,8,1456.54,USD,2026-06-03 23:30:00
2026-06-04,LI-CAM-003,LinkedIn Ads,LI-ACC-001,LinkedIn Campaign 03,Lead Generation,767.38,18693,15421,280,35,10,3177.59,USD,2026-06-04 23:30:00
2026-06-05,LI-CAM-003,LinkedIn Ads,LI-ACC-001,LinkedIn Campaign 03,Lead Generation,587.41,14708,11064,217,17,4,1013.71,USD,2026-06-05 23:30:00
2026-06-06,LI-CAM-003,LinkedIn Ads,LI-ACC-001,LinkedIn Campaign 03,Lead Generation,486.88,16746,10285,417,14,5,908.25,USD,2026-06-06 23:30:00
2026-06-07,LI-CAM-003,LinkedIn Ads,LI-ACC-001,LinkedIn Campaign 03,Lead Generation,637.21,15981,12426,256,5,7,969.1,USD,2026-06-07 23:30:00
2026-06-08,LI-CAM-003,LinkedIn Ads,LI-ACC-001,LinkedIn Campaign 03,Lead Generation,750.15,33591,27930,543,53,22,3829.07,USD,2026-06-08 23:30:00
2026-06-09,LI-CAM-003,LinkedIn Ads,LI-ACC-001,LinkedIn Campaign 03,Lead Generation,633.95,16714,12880,358,31,15,2823.82,USD,2026-06-09 23:30:00
2026-06-10,LI-CAM-003,LinkedIn Ads,LI-ACC-001,LinkedIn Campaign 03,Lead Generation,598.32,19009,16691,319,24,18,4127.66,USD,2026-06-10 23:30:00
2026-06-11,LI-CAM-003,LinkedIn Ads,LI-ACC-001,LinkedIn Campaign 03,Lead Generation,829.52,35255,21617,381,14,8,2300.0,USD,2026-06-11 23:30:00
2026-06-12,LI-CAM-003,LinkedIn Ads,LI-ACC-001,LinkedIn Campaign 03,Lead Generation,556.04,22631,14000,279,31,8,2236.87,USD,2026-06-12 23:30:00
2026-06-13,LI-CAM-003,LinkedIn Ads,LI-ACC-001,LinkedIn Campaign 03,Lead Generation,555.56,17939,12485,327,29,11,1568.18,USD,2026-06-13 23:30:00
2026-06-14,LI-CAM-003,LinkedIn Ads,LI-ACC-001,LinkedIn Campaign 03,Lead Generation,425.51,14667,8727,333,25,14,2002.84,USD,2026-06-14 23:30:00
2026-06-15,LI-CAM-003,LinkedIn Ads,LI-ACC-001,LinkedIn Campaign 03,Lead Generation,692.16,15624,13754,131,2,2,405.83,USD,2026-06-15 23:30:00
2026-06-16,LI-CAM-003,LinkedIn Ads,LI-ACC-001,LinkedIn Campaign 03,Lead Generation,625.48,18024,11953,391,12,4,685.61,USD,2026-06-16 23:30:00
2026-06-17,LI-CAM-003,LinkedIn Ads,LI-ACC-001,LinkedIn Campaign 03,Lead Generation,654.24,34645,23167,345,18,14,3997.12,USD,2026-06-17 23:30:00
2026-06-18,LI-CAM-003,LinkedIn Ads,LI-ACC-001,LinkedIn Campaign 03,Lead Generation,847.63,28567,25017,688,38,18,2351.39,USD,2026-06-18 23:30:00
2026-06-19,LI-CAM-003,LinkedIn Ads,LI-ACC-001,LinkedIn Campaign 03,Lead Generation,854.11,42005,37007,907,39,17,2033.38,USD,2026-06-19 23:30:00
2026-06-20,LI-CAM-003,LinkedIn Ads,LI-ACC-001,LinkedIn Campaign 03,Lead Generation,423.0,9774,8087,202,16,8,2199.95,USD,2026-06-20 23:30:00
2026-06-21,LI-CAM-003,LinkedIn Ads,LI-ACC-001,LinkedIn Campaign 03,Lead Generation,657.26,21323,14524,293,20,10,1416.14,USD,2026-06-21 23:30:00
2026-06-22,LI-CAM-003,LinkedIn Ads,LI-ACC-001,LinkedIn Campaign 03,Lead Generation,778.58,19104,16655,477,38,24,7136.92,USD,2026-06-22 23:30:00
2026-06-23,LI-CAM-003,LinkedIn Ads,LI-ACC-001,LinkedIn Campaign 03,Lead Generation,755.36,27753,24017,591,34,15,5172.54,USD,2026-06-23 23:30:00
2026-06-24,LI-CAM-003,LinkedIn Ads,LI-ACC-001,LinkedIn Campaign 03,Lead Generation,619.12,31875,27504,321,20,13,3673.2,USD,2026-06-24 23:30:00
2026-06-25,LI-CAM-003,LinkedIn Ads,LI-ACC-001,LinkedIn Campaign 03,Lead Generation,534.34,24091,13631,503,33,11,2830.77,USD,2026-06-25 23:30:00
2026-06-26,LI-CAM-003,LinkedIn Ads,LI-ACC-001,LinkedIn Campaign 03,Lead Generation,684.47,17262,13318,154,19,4,708.33,USD,2026-06-26 23:30:00
2026-06-27,LI-CAM-003,LinkedIn Ads,LI-ACC-001,LinkedIn Campaign 03,Lead Generation,488.62,14607,9646,289,11,7,2363.24,USD,2026-06-27 23:30:00
2026-06-28,LI-CAM-003,LinkedIn Ads,LI-ACC-001,LinkedIn Campaign 03,Lead Generation,456.39,14712,11815,239,20,5,1378.7,USD,2026-06-28 23:30:00
2026-02-10,LI-CAM-004,LinkedIn Ads,LI-ACC-001,LinkedIn Campaign 04,Lead Generation,614.32,15179,11829,187,11,3,390.68,USD,2026-02-10 23:30:00
2026-02-11,LI-CAM-004,LinkedIn Ads,LI-ACC-001,LinkedIn Campaign 04,Lead Generation,767.5,34744,19612,314,29,12,2807.44,USD,2026-02-11 23:30:00
2026-02-12,LI-CAM-004,LinkedIn Ads,LI-ACC-001,LinkedIn Campaign 04,Lead Generation,803.54,28550,16811,498,40,30,6982.96,USD,2026-02-12 23:30:00
2026-02-13,LI-CAM-004,LinkedIn Ads,LI-ACC-001,LinkedIn Campaign 04,Lead Generation,880.16,21967,13442,284,25,15,4015.32,USD,2026-02-13 23:30:00
2026-02-14,LI-CAM-004,LinkedIn Ads,LI-ACC-001,LinkedIn Campaign 04,Lead Generation,652.29,30300,19001,336,30,14,2241.26,USD,2026-02-14 23:30:00
2026-02-15,LI-CAM-004,LinkedIn Ads,LI-ACC-001,LinkedIn Campaign 04,Lead Generation,469.87,23771,20358,503,25,13,3657.9,USD,2026-02-15 23:30:00
2026-02-16,LI-CAM-004,LinkedIn Ads,LI-ACC-001,LinkedIn Campaign 04,Lead Generation,900.97,23230,14699,387,25,20,5339.33,USD,2026-02-16 23:30:00
2026-02-17,LI-CAM-004,LinkedIn Ads,LI-ACC-001,LinkedIn Campaign 04,Lead Generation,720.31,16466,9562,313,10,5,811.46,USD,2026-02-17 23:30:00
2026-02-18,LI-CAM-004,LinkedIn Ads,LI-ACC-001,LinkedIn Campaign 04,Lead Generation,802.95,28359,17083,291,10,11,2517.79,USD,2026-02-18 23:30:00
2026-02-19,LI-CAM-004,LinkedIn Ads,LI-ACC-001,LinkedIn Campaign 04,Lead Generation,582.07,17741,15167,412,41,23,3885.62,USD,2026-02-19 23:30:00
2026-02-20,LI-CAM-004,LinkedIn Ads,LI-ACC-001,LinkedIn Campaign 04,Lead Generation,630.04,21588,19081,450,24,13,2166.38,USD,2026-02-20 23:30:00
2026-02-21,LI-CAM-004,LinkedIn Ads,LI-ACC-001,LinkedIn Campaign 04,Lead Generation,632.23,18817,14827,281,8,7,1026.62,USD,2026-02-21 23:30:00
2026-02-22,LI-CAM-004,LinkedIn Ads,LI-ACC-001,LinkedIn Campaign 04,Lead Generation,516.41,20388,12255,445,15,20,2697.3,USD,2026-02-22 23:30:00
2026-02-23,LI-CAM-004,LinkedIn Ads,LI-ACC-001,LinkedIn Campaign 04,Lead Generation,669.61,18919,15316,332,26,6,884.73,USD,2026-02-23 23:30:00
2026-02-24,LI-CAM-004,LinkedIn Ads,LI-ACC-001,LinkedIn Campaign 04,Lead Generation,845.5,25922,22561,245,6,2,336.26,USD,2026-02-24 23:30:00
2026-02-25,LI-CAM-004,LinkedIn Ads,LI-ACC-001,LinkedIn Campaign 04,Lead Generation,720.11,27580,19339,272,27,9,1394.82,USD,2026-02-25 23:30:00
2026-02-26,LI-CAM-004,LinkedIn Ads,LI-ACC-001,LinkedIn Campaign 04,Lead Generation,744.29,37013,26038,897,41,8,2316.6,USD,2026-02-26 23:30:00
2026-02-27,LI-CAM-004,LinkedIn Ads,LI-ACC-001,LinkedIn Campaign 04,Lead Generation,677.94,27736,21575,542,46,22,4997.5,USD,2026-02-27 23:30:00
2026-02-28,LI-CAM-004,LinkedIn Ads,LI-ACC-001,LinkedIn Campaign 04,Lead Generation,445.32,18128,11459,180,5,6,1430.82,USD,2026-02-28 23:30:00
2026-03-01,LI-CAM-004,LinkedIn Ads,LI-ACC-001,LinkedIn Campaign 04,Lead Generation,697.14,37597,29186,711,28,16,5531.72,USD,2026-03-01 23:30:00
2026-03-02,LI-CAM-004,LinkedIn Ads,LI-ACC-001,LinkedIn Campaign 04,Lead Generation,818.3,43588,32373,1051,97,46,13093.49,USD,2026-03-02 23:30:00
2026-03-03,LI-CAM-004,LinkedIn Ads,LI-ACC-001,LinkedIn Campaign 04,Lead Generation,804.92,22075,19489,294,23,4,762.54,USD,2026-03-03 23:30:00
2026-03-04,LI-CAM-004,LinkedIn Ads,LI-ACC-001,LinkedIn Campaign 04,Lead Generation,738.6,37918,25689,491,22,7,2199.65,USD,2026-03-04 23:30:00
2026-03-05,LI-CAM-004,LinkedIn Ads,LI-ACC-001,LinkedIn Campaign 04,Lead Generation,716.69,32233,19010,530,36,10,2243.51,USD,2026-03-05 23:30:00
2026-03-06,LI-CAM-004,LinkedIn Ads,LI-ACC-001,LinkedIn Campaign 04,Lead Generation,759.41,18894,16768,376,23,13,2609.32,USD,2026-03-06 23:30:00
2026-03-07,LI-CAM-004,LinkedIn Ads,LI-ACC-001,LinkedIn Campaign 04,Lead Generation,671.51,23275,20240,243,23,6,1659.18,USD,2026-03-07 23:30:00
2026-03-08,LI-CAM-004,LinkedIn Ads,LI-ACC-001,LinkedIn Campaign 04,Lead Generation,705.99,19619,14597,201,14,4,1075.21,USD,2026-03-08 23:30:00
2026-03-09,LI-CAM-004,LinkedIn Ads,LI-ACC-001,LinkedIn Campaign 04,Lead Generation,571.52,14302,10941,265,20,12,1548.35,USD,2026-03-09 23:30:00
2026-03-10,LI-CAM-004,LinkedIn Ads,LI-ACC-001,LinkedIn Campaign 04,Lead Generation,753.71,36175,25354,700,49,26,6745.47,USD,2026-03-10 23:30:00
2026-03-11,LI-CAM-004,LinkedIn Ads,LI-ACC-001,LinkedIn Campaign 04,Lead Generation,794.84,34890,26062,862,62,32,4385.63,USD,2026-03-11 23:30:00
2026-03-12,LI-CAM-004,LinkedIn Ads,LI-ACC-001,LinkedIn Campaign 04,Lead Generation,592.57,19786,15871,357,26,9,1810.65,USD,2026-03-12 23:30:00
2026-03-13,LI-CAM-004,LinkedIn Ads,LI-ACC-001,LinkedIn Campaign 04,Lead Generation,555.51,15700,9017,207,22,10,2378.13,USD,2026-03-13 23:30:00
2026-03-14,LI-CAM-004,LinkedIn Ads,LI-ACC-001,LinkedIn Campaign 04,Lead Generation,532.27,22729,14378,347,11,9,1879.89,USD,2026-03-14 23:30:00
2026-03-15,LI-CAM-004,LinkedIn Ads,LI-ACC-001,LinkedIn Campaign 04,Lead Generation,642.2,15069,10563,291,19,4,700.12,USD,2026-03-15 23:30:00
2026-03-16,LI-CAM-004,LinkedIn Ads,LI-ACC-001,LinkedIn Campaign 04,Lead Generation,728.79,20811,15524,191,16,4,799.51,USD,2026-03-16 23:30:00
2026-03-17,LI-CAM-004,LinkedIn Ads,LI-ACC-001,LinkedIn Campaign 04,Lead Generation,653.13,15551,9243,337,18,10,1715.99,USD,2026-03-17 23:30:00
2026-03-18,LI-CAM-004,LinkedIn Ads,LI-ACC-001,LinkedIn Campaign 04,Lead Generation,797.71,21077,12292,497,36,12,2185.82,USD,2026-03-18 23:30:00
2026-03-19,LI-CAM-004,LinkedIn Ads,LI-ACC-001,LinkedIn Campaign 04,Lead Generation,829.84,30847,20334,575,39,25,5704.84,USD,2026-03-19 23:30:00
2026-03-20,LI-CAM-004,LinkedIn Ads,LI-ACC-001,LinkedIn Campaign 04,Lead Generation,555.29,18842,14446,167,10,3,365.93,USD,2026-03-20 23:30:00
2026-03-21,LI-CAM-004,LinkedIn Ads,LI-ACC-001,LinkedIn Campaign 04,Lead Generation,444.52,18004,12890,397,13,9,3034.17,USD,2026-03-21 23:30:00
2026-03-22,LI-CAM-004,LinkedIn Ads,LI-ACC-001,LinkedIn Campaign 04,Lead Generation,504.99,12143,7789,269,21,9,1132.58,USD,2026-03-22 23:30:00
2026-03-23,LI-CAM-004,LinkedIn Ads,LI-ACC-001,LinkedIn Campaign 04,Lead Generation,808.9,39169,26989,575,48,27,6432.42,USD,2026-03-23 23:30:00
2026-03-24,LI-CAM-004,LinkedIn Ads,LI-ACC-001,LinkedIn Campaign 04,Lead Generation,838.05,30666,18488,597,33,21,2593.04,USD,2026-03-24 23:30:00
2026-03-25,LI-CAM-004,LinkedIn Ads,LI-ACC-001,LinkedIn Campaign 04,Lead Generation,683.11,15238,13690,347,13,4,1059.63,USD,2026-03-25 23:30:00
2026-03-26,LI-CAM-004,LinkedIn Ads,LI-ACC-001,LinkedIn Campaign 04,Lead Generation,642.3,14767,13232,365,9,8,1877.38,USD,2026-03-26 23:30:00
2026-03-27,LI-CAM-004,LinkedIn Ads,LI-ACC-001,LinkedIn Campaign 04,Lead Generation,615.75,14490,8759,251,26,13,3932.91,USD,2026-03-27 23:30:00
2026-03-28,LI-CAM-004,LinkedIn Ads,LI-ACC-001,LinkedIn Campaign 04,Lead Generation,651.81,16209,10384,323,31,16,3194.54,USD,2026-03-28 23:30:00
2026-03-29,LI-CAM-004,LinkedIn Ads,LI-ACC-001,LinkedIn Campaign 04,Lead Generation,718.24,19069,17145,384,34,20,3887.56,USD,2026-03-29 23:30:00
2026-03-30,LI-CAM-004,LinkedIn Ads,LI-ACC-001,LinkedIn Campaign 04,Lead Generation,908.83,21322,14306,418,34,11,3304.62,USD,2026-03-30 23:30:00
2026-03-31,LI-CAM-004,LinkedIn Ads,LI-ACC-001,LinkedIn Campaign 04,Lead Generation,792.62,30049,19731,677,73,29,7466.53,USD,2026-03-31 23:30:00
2026-04-01,LI-CAM-004,LinkedIn Ads,LI-ACC-001,LinkedIn Campaign 04,Lead Generation,735.93,35143,28261,395,28,10,2753.66,USD,2026-04-01 23:30:00
2026-04-02,LI-CAM-004,LinkedIn Ads,LI-ACC-001,LinkedIn Campaign 04,Lead Generation,663.52,15177,13538,273,8,7,1429.95,USD,2026-04-02 23:30:00
2026-04-03,LI-CAM-004,LinkedIn Ads,LI-ACC-001,LinkedIn Campaign 04,Lead Generation,662.01,24583,18320,196,15,8,2471.98,USD,2026-04-03 23:30:00
2026-04-04,LI-CAM-004,LinkedIn Ads,LI-ACC-001,LinkedIn Campaign 04,Lead Generation,651.77,15063,9716,274,13,11,2353.49,USD,2026-04-04 23:30:00
2026-04-05,LI-CAM-004,LinkedIn Ads,LI-ACC-001,LinkedIn Campaign 04,Lead Generation,703.15,16815,12803,379,15,6,1014.96,USD,2026-04-05 23:30:00
2026-04-06,LI-CAM-004,LinkedIn Ads,LI-ACC-001,LinkedIn Campaign 04,Lead Generation,613.49,26051,15800,407,36,13,2861.95,USD,2026-04-06 23:30:00
2026-04-07,LI-CAM-004,LinkedIn Ads,LI-ACC-001,LinkedIn Campaign 04,Lead Generation,614.11,24212,15319,226,7,3,539.26,USD,2026-04-07 23:30:00
2026-04-08,LI-CAM-004,LinkedIn Ads,LI-ACC-001,LinkedIn Campaign 04,Lead Generation,560.16,24742,17690,226,12,10,3112.02,USD,2026-04-08 23:30:00
2026-04-09,LI-CAM-004,LinkedIn Ads,LI-ACC-001,LinkedIn Campaign 04,Lead Generation,868.89,26508,15375,486,24,5,1388.57,USD,2026-04-09 23:30:00
2026-04-10,LI-CAM-004,LinkedIn Ads,LI-ACC-001,LinkedIn Campaign 04,Lead Generation,732.86,23968,15183,222,7,6,1239.67,USD,2026-04-10 23:30:00
2026-04-11,LI-CAM-004,LinkedIn Ads,LI-ACC-001,LinkedIn Campaign 04,Lead Generation,729.73,36271,31188,602,38,21,4491.69,USD,2026-04-11 23:30:00
2026-04-12,LI-CAM-004,LinkedIn Ads,LI-ACC-001,LinkedIn Campaign 04,Lead Generation,451.23,14686,10766,178,8,5,1546.38,USD,2026-04-12 23:30:00
2026-04-13,LI-CAM-004,LinkedIn Ads,LI-ACC-001,LinkedIn Campaign 04,Lead Generation,741.58,21377,17940,321,13,6,1813.09,USD,2026-04-13 23:30:00
2026-04-14,LI-CAM-004,LinkedIn Ads,LI-ACC-001,LinkedIn Campaign 04,Lead Generation,669.85,18753,15379,392,36,6,2112.62,USD,2026-04-14 23:30:00
2026-04-15,LI-CAM-004,LinkedIn Ads,LI-ACC-001,LinkedIn Campaign 04,Lead Generation,703.11,22627,15706,375,17,9,1962.74,USD,2026-04-15 23:30:00
2026-04-16,LI-CAM-004,LinkedIn Ads,LI-ACC-001,LinkedIn Campaign 04,Lead Generation,831.13,19565,14711,361,15,6,1419.33,USD,2026-04-16 23:30:00
2026-04-17,LI-CAM-004,LinkedIn Ads,LI-ACC-001,LinkedIn Campaign 04,Lead Generation,805.11,27555,15725,523,25,11,2920.27,USD,2026-04-17 23:30:00
2026-04-18,LI-CAM-004,LinkedIn Ads,LI-ACC-001,LinkedIn Campaign 04,Lead Generation,724.83,16934,10473,356,27,16,3099.61,USD,2026-04-18 23:30:00
2026-04-19,LI-CAM-004,LinkedIn Ads,LI-ACC-001,LinkedIn Campaign 04,Lead Generation,668.83,26353,17422,342,25,14,2080.38,USD,2026-04-19 23:30:00
2026-04-20,LI-CAM-004,LinkedIn Ads,LI-ACC-001,LinkedIn Campaign 04,Lead Generation,811.24,27411,16820,563,42,25,5987.19,USD,2026-04-20 23:30:00
2026-04-21,LI-CAM-004,LinkedIn Ads,LI-ACC-001,LinkedIn Campaign 04,Lead Generation,706.78,18973,15656,153,12,5,1116.51,USD,2026-04-21 23:30:00
2026-04-22,LI-CAM-004,LinkedIn Ads,LI-ACC-001,LinkedIn Campaign 04,Lead Generation,711.03,18996,12886,312,27,17,2711.38,USD,2026-04-22 23:30:00
2026-04-23,LI-CAM-004,LinkedIn Ads,LI-ACC-001,LinkedIn Campaign 04,Lead Generation,591.04,19087,12738,350,9,11,1467.69,USD,2026-04-23 23:30:00
2026-04-24,LI-CAM-004,LinkedIn Ads,LI-ACC-001,LinkedIn Campaign 04,Lead Generation,854.48,24402,17758,277,6,5,829.9,USD,2026-04-24 23:30:00
2026-04-25,LI-CAM-004,LinkedIn Ads,LI-ACC-001,LinkedIn Campaign 04,Lead Generation,647.37,34419,23434,441,39,25,5095.87,USD,2026-04-25 23:30:00
2026-04-26,LI-CAM-004,LinkedIn Ads,LI-ACC-001,LinkedIn Campaign 04,Lead Generation,637.22,24684,21940,599,21,11,3366.53,USD,2026-04-26 23:30:00
2026-04-27,LI-CAM-004,LinkedIn Ads,LI-ACC-001,LinkedIn Campaign 04,Lead Generation,664.51,17590,11712,394,8,5,1060.98,USD,2026-04-27 23:30:00
2026-04-28,LI-CAM-004,LinkedIn Ads,LI-ACC-001,LinkedIn Campaign 04,Lead Generation,823.45,34187,25773,725,24,15,2786.58,USD,2026-04-28 23:30:00
2026-04-29,LI-CAM-004,LinkedIn Ads,LI-ACC-001,LinkedIn Campaign 04,Lead Generation,636.72,34165,23701,778,46,27,5255.26,USD,2026-04-29 23:30:00
2026-04-30,LI-CAM-004,LinkedIn Ads,LI-ACC-001,LinkedIn Campaign 04,Lead Generation,634.11,23924,19570,222,8,7,1111.1,USD,2026-04-30 23:30:00
2026-05-01,LI-CAM-004,LinkedIn Ads,LI-ACC-001,LinkedIn Campaign 04,Lead Generation,551.22,15295,11163,371,31,10,1853.87,USD,2026-05-01 23:30:00
2026-05-02,LI-CAM-004,LinkedIn Ads,LI-ACC-001,LinkedIn Campaign 04,Lead Generation,709.69,34147,20828,753,55,26,4490.1,USD,2026-05-02 23:30:00
2026-05-03,LI-CAM-004,LinkedIn Ads,LI-ACC-001,LinkedIn Campaign 04,Lead Generation,463.12,11214,8385,205,8,5,1021.22,USD,2026-05-03 23:30:00
2026-05-04,LI-CAM-004,LinkedIn Ads,LI-ACC-001,LinkedIn Campaign 04,Lead Generation,773.99,23399,13104,193,10,5,1500.09,USD,2026-05-04 23:30:00
2026-05-05,LI-CAM-004,LinkedIn Ads,LI-ACC-001,LinkedIn Campaign 04,Lead Generation,616.4,23877,13563,243,21,10,2494.02,USD,2026-05-05 23:30:00
2026-05-06,LI-CAM-004,LinkedIn Ads,LI-ACC-001,LinkedIn Campaign 04,Lead Generation,616.71,24465,16469,314,18,15,3899.37,USD,2026-05-06 23:30:00
2026-05-07,LI-CAM-004,LinkedIn Ads,LI-ACC-001,LinkedIn Campaign 04,Lead Generation,611.64,20743,14043,316,40,16,1841.5,USD,2026-05-07 23:30:00
2026-05-08,LI-CAM-004,LinkedIn Ads,LI-ACC-001,LinkedIn Campaign 04,Lead Generation,547.1,12780,8209,210,13,12,1994.47,USD,2026-05-08 23:30:00
2026-05-09,LI-CAM-004,LinkedIn Ads,LI-ACC-001,LinkedIn Campaign 04,Lead Generation,729.66,24435,14922,446,20,13,1865.45,USD,2026-05-09 23:30:00
2026-05-10,LI-CAM-004,LinkedIn Ads,LI-ACC-001,LinkedIn Campaign 04,Lead Generation,463.47,12752,7665,245,20,16,2933.98,USD,2026-05-10 23:30:00
2026-05-11,LI-CAM-004,LinkedIn Ads,LI-ACC-001,LinkedIn Campaign 04,Lead Generation,685.18,26334,19375,383,21,14,3127.7,USD,2026-05-11 23:30:00
2026-05-12,LI-CAM-004,LinkedIn Ads,LI-ACC-001,LinkedIn Campaign 04,Lead Generation,865.66,27447,21060,303,11,11,2842.64,USD,2026-05-12 23:30:00
2026-05-13,LI-CAM-004,LinkedIn Ads,LI-ACC-001,LinkedIn Campaign 04,Lead Generation,612.38,15071,10511,344,29,19,3074.16,USD,2026-05-13 23:30:00
2026-05-14,LI-CAM-004,LinkedIn Ads,LI-ACC-001,LinkedIn Campaign 04,Lead Generation,693.62,23206,20047,558,51,19,5241.16,USD,2026-05-14 23:30:00
2026-05-15,LI-CAM-004,LinkedIn Ads,LI-ACC-001,LinkedIn Campaign 04,Lead Generation,682.1,15451,11045,231,9,2,544.55,USD,2026-05-15 23:30:00
2026-05-16,LI-CAM-004,LinkedIn Ads,LI-ACC-001,LinkedIn Campaign 04,Lead Generation,691.27,27123,19543,359,13,5,923.08,USD,2026-05-16 23:30:00
2026-05-17,LI-CAM-004,LinkedIn Ads,LI-ACC-001,LinkedIn Campaign 04,Lead Generation,503.01,14125,7843,324,37,12,2110.3,USD,2026-05-17 23:30:00
2026-05-18,LI-CAM-004,LinkedIn Ads,LI-ACC-001,LinkedIn Campaign 04,Lead Generation,670.53,16671,14956,242,17,9,1297.39,USD,2026-05-18 23:30:00
2026-05-19,LI-CAM-004,LinkedIn Ads,LI-ACC-001,LinkedIn Campaign 04,Lead Generation,699.38,33412,25748,272,23,6,1416.93,USD,2026-05-19 23:30:00
2026-05-20,LI-CAM-004,LinkedIn Ads,LI-ACC-001,LinkedIn Campaign 04,Lead Generation,664.06,18823,14488,457,35,17,3538.69,USD,2026-05-20 23:30:00
2026-05-21,LI-CAM-004,LinkedIn Ads,LI-ACC-001,LinkedIn Campaign 04,Lead Generation,820.79,24329,18140,371,22,16,4887.99,USD,2026-05-21 23:30:00
2026-05-22,LI-CAM-004,LinkedIn Ads,LI-ACC-001,LinkedIn Campaign 04,Lead Generation,711.26,17700,13070,197,4,4,533.55,USD,2026-05-22 23:30:00
2026-05-23,LI-CAM-004,LinkedIn Ads,LI-ACC-001,LinkedIn Campaign 04,Lead Generation,571.34,22667,16677,444,15,9,1112.12,USD,2026-05-23 23:30:00
2026-05-24,LI-CAM-004,LinkedIn Ads,LI-ACC-001,LinkedIn Campaign 04,Lead Generation,663.72,18738,10477,433,30,15,4182.78,USD,2026-05-24 23:30:00
2026-05-25,LI-CAM-004,LinkedIn Ads,LI-ACC-001,LinkedIn Campaign 04,Lead Generation,742.74,23203,19111,414,18,5,1217.82,USD,2026-05-25 23:30:00
2026-05-26,LI-CAM-004,LinkedIn Ads,LI-ACC-001,LinkedIn Campaign 04,Lead Generation,886.53,39698,25561,350,26,11,2421.24,USD,2026-05-26 23:30:00
2026-05-27,LI-CAM-004,LinkedIn Ads,LI-ACC-001,LinkedIn Campaign 04,Lead Generation,833.9,19201,11442,329,23,15,3621.57,USD,2026-05-27 23:30:00
2026-05-28,LI-CAM-004,LinkedIn Ads,LI-ACC-001,LinkedIn Campaign 04,Lead Generation,641.49,27659,19349,280,7,3,756.0,USD,2026-05-28 23:30:00
2026-05-29,LI-CAM-004,LinkedIn Ads,LI-ACC-001,LinkedIn Campaign 04,Lead Generation,814.62,20258,16320,172,18,9,1433.96,USD,2026-05-29 23:30:00
2026-05-30,LI-CAM-004,LinkedIn Ads,LI-ACC-001,LinkedIn Campaign 04,Lead Generation,687.21,21508,17090,340,11,9,2553.57,USD,2026-05-30 23:30:00
2026-05-31,LI-CAM-004,LinkedIn Ads,LI-ACC-001,LinkedIn Campaign 04,Lead Generation,633.04,15319,12903,351,26,18,3839.18,USD,2026-05-31 23:30:00
2026-06-01,LI-CAM-004,LinkedIn Ads,LI-ACC-001,LinkedIn Campaign 04,Lead Generation,756.48,18086,15934,422,34,12,3035.54,USD,2026-06-01 23:30:00
2026-06-02,LI-CAM-004,LinkedIn Ads,LI-ACC-001,LinkedIn Campaign 04,Lead Generation,620.28,27815,17927,400,23,15,4526.87,USD,2026-06-02 23:30:00
2026-06-03,LI-CAM-004,LinkedIn Ads,LI-ACC-001,LinkedIn Campaign 04,Lead Generation,692.93,31604,19918,513,50,13,2657.9,USD,2026-06-03 23:30:00
2026-06-04,LI-CAM-004,LinkedIn Ads,LI-ACC-001,LinkedIn Campaign 04,Lead Generation,597.26,18201,12406,246,16,9,3170.67,USD,2026-06-04 23:30:00
2026-06-05,LI-CAM-004,LinkedIn Ads,LI-ACC-001,LinkedIn Campaign 04,Lead Generation,550.65,22749,16761,518,26,13,2997.55,USD,2026-06-05 23:30:00
2026-06-06,LI-CAM-004,LinkedIn Ads,LI-ACC-001,LinkedIn Campaign 04,Lead Generation,489.16,18582,16223,386,30,23,3518.93,USD,2026-06-06 23:30:00
2026-06-07,LI-CAM-004,LinkedIn Ads,LI-ACC-001,LinkedIn Campaign 04,Lead Generation,564.17,31247,19982,542,57,23,4784.63,USD,2026-06-07 23:30:00
2026-06-08,LI-CAM-004,LinkedIn Ads,LI-ACC-001,LinkedIn Campaign 04,Lead Generation,581.99,14857,9736,319,19,14,3748.23,USD,2026-06-08 23:30:00
2026-06-09,LI-CAM-004,LinkedIn Ads,LI-ACC-001,LinkedIn Campaign 04,Lead Generation,904.09,21986,12340,470,43,15,2165.54,USD,2026-06-09 23:30:00
2026-06-10,LI-CAM-004,LinkedIn Ads,LI-ACC-001,LinkedIn Campaign 04,Lead Generation,632.85,30501,25720,618,29,12,2188.14,USD,2026-06-10 23:30:00
2026-06-11,LI-CAM-004,LinkedIn Ads,LI-ACC-001,LinkedIn Campaign 04,Lead Generation,639.08,17806,14972,268,35,8,1129.9,USD,2026-06-11 23:30:00
2026-06-12,LI-CAM-004,LinkedIn Ads,LI-ACC-001,LinkedIn Campaign 04,Lead Generation,892.6,25072,17044,207,13,11,3282.58,USD,2026-06-12 23:30:00
2026-06-13,LI-CAM-004,LinkedIn Ads,LI-ACC-001,LinkedIn Campaign 04,Lead Generation,435.48,21042,13854,168,16,7,1376.86,USD,2026-06-13 23:30:00
2026-06-14,LI-CAM-004,LinkedIn Ads,LI-ACC-001,LinkedIn Campaign 04,Lead Generation,554.1,29272,23906,275,8,2,535.65,USD,2026-06-14 23:30:00
2026-06-15,LI-CAM-004,LinkedIn Ads,LI-ACC-001,LinkedIn Campaign 04,Lead Generation,670.34,37206,30221,575,24,11,2437.15,USD,2026-06-15 23:30:00
2026-06-16,LI-CAM-004,LinkedIn Ads,LI-ACC-001,LinkedIn Campaign 04,Lead Generation,853.32,25371,16931,577,42,13,1919.44,USD,2026-06-16 23:30:00
2026-06-17,LI-CAM-004,LinkedIn Ads,LI-ACC-001,LinkedIn Campaign 04,Lead Generation,714.43,37517,31828,481,20,13,2527.96,USD,2026-06-17 23:30:00
2026-06-18,LI-CAM-004,LinkedIn Ads,LI-ACC-001,LinkedIn Campaign 04,Lead Generation,673.54,32924,24703,813,47,23,3988.96,USD,2026-06-18 23:30:00
2026-06-19,LI-CAM-004,LinkedIn Ads,LI-ACC-001,LinkedIn Campaign 04,Lead Generation,778.8,29934,26940,301,9,3,910.03,USD,2026-06-19 23:30:00
2026-06-20,LI-CAM-004,LinkedIn Ads,LI-ACC-001,LinkedIn Campaign 04,Lead Generation,733.09,18503,16034,229,10,6,1163.25,USD,2026-06-20 23:30:00
2026-06-21,LI-CAM-004,LinkedIn Ads,LI-ACC-001,LinkedIn Campaign 04,Lead Generation,466.66,20752,18549,267,18,9,2143.16,USD,2026-06-21 23:30:00
2026-06-22,LI-CAM-004,LinkedIn Ads,LI-ACC-001,LinkedIn Campaign 04,Lead Generation,820.3,22767,13300,470,26,11,2257.37,USD,2026-06-22 23:30:00
2026-06-23,LI-CAM-004,LinkedIn Ads,LI-ACC-001,LinkedIn Campaign 04,Lead Generation,636.06,20579,12110,190,9,10,2129.1,USD,2026-06-23 23:30:00
2026-06-24,LI-CAM-004,LinkedIn Ads,LI-ACC-001,LinkedIn Campaign 04,Lead Generation,787.49,43475,35878,589,38,12,1901.5,USD,2026-06-24 23:30:00
2026-06-25,LI-CAM-004,LinkedIn Ads,LI-ACC-001,LinkedIn Campaign 04,Lead Generation,920.85,35539,27918,334,16,14,1688.86,USD,2026-06-25 23:30:00
2026-06-26,LI-CAM-004,LinkedIn Ads,LI-ACC-001,LinkedIn Campaign 04,Lead Generation,553.8,13705,8880,337,12,7,1118.29,USD,2026-06-26 23:30:00
2026-06-27,LI-CAM-004,LinkedIn Ads,LI-ACC-001,LinkedIn Campaign 04,Lead Generation,659.61,18651,12186,452,40,23,5132.29,USD,2026-06-27 23:30:00
2026-06-28,LI-CAM-004,LinkedIn Ads,LI-ACC-001,LinkedIn Campaign 04,Lead Generation,536.83,12392,9326,220,11,3,522.43,USD,2026-06-28 23:30:00
2026-06-29,LI-CAM-004,LinkedIn Ads,LI-ACC-001,LinkedIn Campaign 04,Lead Generation,574.04,26199,19259,303,14,5,1286.1,USD,2026-06-29 23:30:00
2026-06-30,LI-CAM-004,LinkedIn Ads,LI-ACC-001,LinkedIn Campaign 04,Lead Generation,683.05,20367,11670,490,32,15,3971.79,USD,2026-06-30 23:30:00
2026-01-23,LI-CAM-005,LinkedIn Ads,LI-ACC-001,LinkedIn Campaign 05,Lead Generation,514.14,12974,11292,157,7,1,255.73,USD,2026-01-23 23:30:00
2026-01-24,LI-CAM-005,LinkedIn Ads,LI-ACC-001,LinkedIn Campaign 05,Lead Generation,605.33,16164,11423,163,15,5,1411.82,USD,2026-01-24 23:30:00
2026-01-25,LI-CAM-005,LinkedIn Ads,LI-ACC-001,LinkedIn Campaign 05,Lead Generation,679.43,36502,24373,633,30,17,2796.51,USD,2026-01-25 23:30:00
2026-01-26,LI-CAM-005,LinkedIn Ads,LI-ACC-001,LinkedIn Campaign 05,Lead Generation,511.83,16749,13198,377,10,8,1695.15,USD,2026-01-26 23:30:00
2026-01-27,LI-CAM-005,LinkedIn Ads,LI-ACC-001,LinkedIn Campaign 05,Lead Generation,727.89,17716,10486,188,21,8,1722.84,USD,2026-01-27 23:30:00
2026-01-28,LI-CAM-005,LinkedIn Ads,LI-ACC-001,LinkedIn Campaign 05,Lead Generation,578.0,17688,10693,236,21,12,3207.74,USD,2026-01-28 23:30:00
2026-01-29,LI-CAM-005,LinkedIn Ads,LI-ACC-001,LinkedIn Campaign 05,Lead Generation,567.49,21371,18024,429,23,13,2182.38,USD,2026-01-29 23:30:00
2026-01-30,LI-CAM-005,LinkedIn Ads,LI-ACC-001,LinkedIn Campaign 05,Lead Generation,761.01,38188,30481,611,30,15,4121.7,USD,2026-01-30 23:30:00
2026-01-31,LI-CAM-005,LinkedIn Ads,LI-ACC-001,LinkedIn Campaign 05,Lead Generation,566.6,18101,11907,339,11,4,597.74,USD,2026-01-31 23:30:00
2026-02-01,LI-CAM-005,LinkedIn Ads,LI-ACC-001,LinkedIn Campaign 05,Lead Generation,525.84,13095,10032,117,15,6,1667.81,USD,2026-02-01 23:30:00
2026-02-02,LI-CAM-005,LinkedIn Ads,LI-ACC-001,LinkedIn Campaign 05,Lead Generation,704.9,16387,11979,407,20,12,2771.37,USD,2026-02-02 23:30:00
2026-02-03,LI-CAM-005,LinkedIn Ads,LI-ACC-001,LinkedIn Campaign 05,Lead Generation,522.06,15591,9228,326,25,16,2996.89,USD,2026-02-03 23:30:00
2026-02-04,LI-CAM-005,LinkedIn Ads,LI-ACC-001,LinkedIn Campaign 05,Lead Generation,627.47,24162,18354,381,23,18,3680.71,USD,2026-02-04 23:30:00
2026-02-05,LI-CAM-005,LinkedIn Ads,LI-ACC-001,LinkedIn Campaign 05,Lead Generation,807.24,23550,19360,421,39,10,2683.78,USD,2026-02-05 23:30:00
2026-02-06,LI-CAM-005,LinkedIn Ads,LI-ACC-001,LinkedIn Campaign 05,Lead Generation,568.88,20045,13620,235,11,2,268.17,USD,2026-02-06 23:30:00
2026-02-07,LI-CAM-005,LinkedIn Ads,LI-ACC-001,LinkedIn Campaign 05,Lead Generation,672.96,15854,13299,264,29,9,2351.6,USD,2026-02-07 23:30:00
2026-02-08,LI-CAM-005,LinkedIn Ads,LI-ACC-001,LinkedIn Campaign 05,Lead Generation,487.4,14792,9668,139,6,3,382.34,USD,2026-02-08 23:30:00
2026-02-09,LI-CAM-005,LinkedIn Ads,LI-ACC-001,LinkedIn Campaign 05,Lead Generation,539.05,19434,11537,236,19,11,2099.5,USD,2026-02-09 23:30:00
2026-02-10,LI-CAM-005,LinkedIn Ads,LI-ACC-001,LinkedIn Campaign 05,Lead Generation,636.9,16997,13241,364,21,7,1556.09,USD,2026-02-10 23:30:00
2026-02-11,LI-CAM-005,LinkedIn Ads,LI-ACC-001,LinkedIn Campaign 05,Lead Generation,524.51,13784,9710,311,15,11,1298.92,USD,2026-02-11 23:30:00
2026-02-12,LI-CAM-005,LinkedIn Ads,LI-ACC-001,LinkedIn Campaign 05,Lead Generation,849.58,23556,20748,447,22,11,3380.74,USD,2026-02-12 23:30:00
2026-02-13,LI-CAM-005,LinkedIn Ads,LI-ACC-001,LinkedIn Campaign 05,Lead Generation,765.14,31092,25833,305,28,23,3906.14,USD,2026-02-13 23:30:00
2026-02-14,LI-CAM-005,LinkedIn Ads,LI-ACC-001,LinkedIn Campaign 05,Lead Generation,544.77,22217,15537,523,18,12,3357.4,USD,2026-02-14 23:30:00
2026-02-15,LI-CAM-005,LinkedIn Ads,LI-ACC-001,LinkedIn Campaign 05,Lead Generation,656.81,21233,18662,436,28,15,3463.64,USD,2026-02-15 23:30:00
2026-02-16,LI-CAM-005,LinkedIn Ads,LI-ACC-001,LinkedIn Campaign 05,Lead Generation,746.07,18389,11779,343,11,10,2387.44,USD,2026-02-16 23:30:00
2026-02-17,LI-CAM-005,LinkedIn Ads,LI-ACC-001,LinkedIn Campaign 05,Lead Generation,653.46,16023,12291,329,39,12,3143.18,USD,2026-02-17 23:30:00
2026-02-18,LI-CAM-005,LinkedIn Ads,LI-ACC-001,LinkedIn Campaign 05,Lead Generation,641.68,24171,20263,496,20,7,1480.37,USD,2026-02-18 23:30:00
2026-02-19,LI-CAM-005,LinkedIn Ads,LI-ACC-001,LinkedIn Campaign 05,Lead Generation,504.94,16049,8998,222,19,7,1650.52,USD,2026-02-19 23:30:00
2026-02-20,LI-CAM-005,LinkedIn Ads,LI-ACC-001,LinkedIn Campaign 05,Lead Generation,803.25,44490,35742,873,48,22,3331.81,USD,2026-02-20 23:30:00
2026-02-21,LI-CAM-005,LinkedIn Ads,LI-ACC-001,LinkedIn Campaign 05,Lead Generation,490.38,25556,19304,431,33,20,3621.96,USD,2026-02-21 23:30:00
2026-02-22,LI-CAM-005,LinkedIn Ads,LI-ACC-001,LinkedIn Campaign 05,Lead Generation,566.88,12750,9480,313,13,9,1435.0,USD,2026-02-22 23:30:00
2026-02-23,LI-CAM-005,LinkedIn Ads,LI-ACC-001,LinkedIn Campaign 05,Lead Generation,530.66,12314,9429,242,29,13,2154.75,USD,2026-02-23 23:30:00
2026-02-24,LI-CAM-005,LinkedIn Ads,LI-ACC-001,LinkedIn Campaign 05,Lead Generation,759.44,39259,22100,408,23,24,6123.5,USD,2026-02-24 23:30:00
2026-02-25,LI-CAM-005,LinkedIn Ads,LI-ACC-001,LinkedIn Campaign 05,Lead Generation,672.37,26746,19224,325,20,12,1622.95,USD,2026-02-25 23:30:00
2026-02-26,LI-CAM-005,LinkedIn Ads,LI-ACC-001,LinkedIn Campaign 05,Lead Generation,562.89,19542,13195,480,36,19,5319.62,USD,2026-02-26 23:30:00
2026-02-27,LI-CAM-005,LinkedIn Ads,LI-ACC-001,LinkedIn Campaign 05,Lead Generation,676.82,20407,17945,166,7,3,833.22,USD,2026-02-27 23:30:00
2026-02-28,LI-CAM-005,LinkedIn Ads,LI-ACC-001,LinkedIn Campaign 05,Lead Generation,524.37,14423,9683,227,4,3,643.95,USD,2026-02-28 23:30:00
2026-03-01,LI-CAM-005,LinkedIn Ads,LI-ACC-001,LinkedIn Campaign 05,Lead Generation,644.25,19526,12620,392,10,5,1192.43,USD,2026-03-01 23:30:00
2026-03-02,LI-CAM-005,LinkedIn Ads,LI-ACC-001,LinkedIn Campaign 05,Lead Generation,515.39,11820,9625,257,22,5,1187.47,USD,2026-03-02 23:30:00
2026-03-03,LI-CAM-005,LinkedIn Ads,LI-ACC-001,LinkedIn Campaign 05,Lead Generation,801.09,40818,24705,430,26,8,2333.85,USD,2026-03-03 23:30:00
2026-03-04,LI-CAM-005,LinkedIn Ads,LI-ACC-001,LinkedIn Campaign 05,Lead Generation,595.84,18023,15757,411,13,11,1321.84,USD,2026-03-04 23:30:00
2026-03-05,LI-CAM-005,LinkedIn Ads,LI-ACC-001,LinkedIn Campaign 05,Lead Generation,579.57,14211,9009,188,11,6,1711.27,USD,2026-03-05 23:30:00
2026-03-06,LI-CAM-005,LinkedIn Ads,LI-ACC-001,LinkedIn Campaign 05,Lead Generation,608.28,17360,10522,261,22,6,1406.16,USD,2026-03-06 23:30:00
2026-03-07,LI-CAM-005,LinkedIn Ads,LI-ACC-001,LinkedIn Campaign 05,Lead Generation,481.11,13388,10371,147,6,5,1003.57,USD,2026-03-07 23:30:00
2026-03-08,LI-CAM-005,LinkedIn Ads,LI-ACC-001,LinkedIn Campaign 05,Lead Generation,408.96,11338,8237,218,23,9,2201.13,USD,2026-03-08 23:30:00
2026-03-09,LI-CAM-005,LinkedIn Ads,LI-ACC-001,LinkedIn Campaign 05,Lead Generation,712.78,18590,15970,285,4,3,382.27,USD,2026-03-09 23:30:00
2026-03-10,LI-CAM-005,LinkedIn Ads,LI-ACC-001,LinkedIn Campaign 05,Lead Generation,572.64,31249,21299,661,53,34,7192.23,USD,2026-03-10 23:30:00
2026-03-11,LI-CAM-005,LinkedIn Ads,LI-ACC-001,LinkedIn Campaign 05,Lead Generation,622.38,19814,16541,279,21,9,2705.63,USD,2026-03-11 23:30:00
2026-03-12,LI-CAM-005,LinkedIn Ads,LI-ACC-001,LinkedIn Campaign 05,Lead Generation,677.99,16120,12297,290,11,8,1816.85,USD,2026-03-12 23:30:00
2026-03-13,LI-CAM-005,LinkedIn Ads,LI-ACC-001,LinkedIn Campaign 05,Lead Generation,528.98,15459,9333,156,15,5,1289.04,USD,2026-03-13 23:30:00
2026-03-14,LI-CAM-005,LinkedIn Ads,LI-ACC-001,LinkedIn Campaign 05,Lead Generation,548.68,13852,8231,313,34,8,1280.15,USD,2026-03-14 23:30:00
2026-03-15,LI-CAM-005,LinkedIn Ads,LI-ACC-001,LinkedIn Campaign 05,Lead Generation,497.68,14222,9003,265,10,9,2460.26,USD,2026-03-15 23:30:00
2026-03-16,LI-CAM-005,LinkedIn Ads,LI-ACC-001,LinkedIn Campaign 05,Lead Generation,558.74,16772,13131,156,11,7,1870.25,USD,2026-03-16 23:30:00
2026-03-17,LI-CAM-005,LinkedIn Ads,LI-ACC-001,LinkedIn Campaign 05,Lead Generation,696.27,37396,23734,588,34,17,4011.73,USD,2026-03-17 23:30:00
2026-03-18,LI-CAM-005,LinkedIn Ads,LI-ACC-001,LinkedIn Campaign 05,Lead Generation,662.43,18180,11862,331,16,7,2318.22,USD,2026-03-18 23:30:00
2026-03-19,LI-CAM-005,LinkedIn Ads,LI-ACC-001,LinkedIn Campaign 05,Lead Generation,727.7,33590,28133,529,41,28,6525.81,USD,2026-03-19 23:30:00
2026-03-20,LI-CAM-005,LinkedIn Ads,LI-ACC-001,LinkedIn Campaign 05,Lead Generation,786.68,22023,19668,548,22,8,1539.64,USD,2026-03-20 23:30:00
2026-03-21,LI-CAM-005,LinkedIn Ads,LI-ACC-001,LinkedIn Campaign 05,Lead Generation,602.47,19871,13950,449,46,17,2345.08,USD,2026-03-21 23:30:00
2026-03-22,LI-CAM-005,LinkedIn Ads,LI-ACC-001,LinkedIn Campaign 05,Lead Generation,407.39,13780,10782,205,24,10,2007.82,USD,2026-03-22 23:30:00
2026-03-23,LI-CAM-005,LinkedIn Ads,LI-ACC-001,LinkedIn Campaign 05,Lead Generation,550.04,13991,12184,136,6,5,622.77,USD,2026-03-23 23:30:00
2026-03-24,LI-CAM-005,LinkedIn Ads,LI-ACC-001,LinkedIn Campaign 05,Lead Generation,643.77,35261,29360,314,17,14,2814.9,USD,2026-03-24 23:30:00
2026-03-25,LI-CAM-005,LinkedIn Ads,LI-ACC-001,LinkedIn Campaign 05,Lead Generation,577.7,17587,11608,408,42,17,3738.11,USD,2026-03-25 23:30:00
2026-03-26,LI-CAM-005,LinkedIn Ads,LI-ACC-001,LinkedIn Campaign 05,Lead Generation,510.74,12437,9088,250,18,15,2105.33,USD,2026-03-26 23:30:00
2026-03-27,LI-CAM-005,LinkedIn Ads,LI-ACC-001,LinkedIn Campaign 05,Lead Generation,820.16,37189,25660,655,47,20,5128.97,USD,2026-03-27 23:30:00
2026-03-28,LI-CAM-005,LinkedIn Ads,LI-ACC-001,LinkedIn Campaign 05,Lead Generation,649.55,24739,16914,315,31,9,2583.39,USD,2026-03-28 23:30:00
2026-03-29,LI-CAM-005,LinkedIn Ads,LI-ACC-001,LinkedIn Campaign 05,Lead Generation,529.37,20011,17398,470,18,16,3160.37,USD,2026-03-29 23:30:00
2026-03-30,LI-CAM-005,LinkedIn Ads,LI-ACC-001,LinkedIn Campaign 05,Lead Generation,563.98,18752,14607,201,21,6,1098.36,USD,2026-03-30 23:30:00
2026-03-31,LI-CAM-005,LinkedIn Ads,LI-ACC-001,LinkedIn Campaign 05,Lead Generation,525.55,19137,11009,362,19,8,2513.21,USD,2026-03-31 23:30:00
2026-04-01,LI-CAM-005,LinkedIn Ads,LI-ACC-001,LinkedIn Campaign 05,Lead Generation,748.98,33337,22996,772,49,33,4524.44,USD,2026-04-01 23:30:00
2026-04-02,LI-CAM-005,LinkedIn Ads,LI-ACC-001,LinkedIn Campaign 05,Lead Generation,661.81,17284,10655,273,13,8,1627.77,USD,2026-04-02 23:30:00
2026-04-03,LI-CAM-005,LinkedIn Ads,LI-ACC-001,LinkedIn Campaign 05,Lead Generation,544.83,25521,17711,607,22,12,2012.47,USD,2026-04-03 23:30:00
2026-04-04,LI-CAM-005,LinkedIn Ads,LI-ACC-001,LinkedIn Campaign 05,Lead Generation,641.0,23677,19684,419,42,6,1236.78,USD,2026-04-04 23:30:00
2026-04-05,LI-CAM-005,LinkedIn Ads,LI-ACC-001,LinkedIn Campaign 05,Lead Generation,614.57,17931,14540,271,20,11,1321.56,USD,2026-04-05 23:30:00
2026-04-06,LI-CAM-005,LinkedIn Ads,LI-ACC-001,LinkedIn Campaign 05,Lead Generation,837.65,26550,22202,379,48,15,4225.47,USD,2026-04-06 23:30:00
2026-04-07,LI-CAM-005,LinkedIn Ads,LI-ACC-001,LinkedIn Campaign 05,Lead Generation,720.68,17258,10622,344,19,7,1196.24,USD,2026-04-07 23:30:00
2026-04-08,LI-CAM-005,LinkedIn Ads,LI-ACC-001,LinkedIn Campaign 05,Lead Generation,593.08,13845,10600,296,21,10,3023.65,USD,2026-04-08 23:30:00
2026-04-09,LI-CAM-005,LinkedIn Ads,LI-ACC-001,LinkedIn Campaign 05,Lead Generation,768.57,38956,34572,333,26,9,1406.04,USD,2026-04-09 23:30:00
2026-04-10,LI-CAM-005,LinkedIn Ads,LI-ACC-001,LinkedIn Campaign 05,Lead Generation,812.61,24971,15348,299,28,10,1925.44,USD,2026-04-10 23:30:00
2026-04-11,LI-CAM-005,LinkedIn Ads,LI-ACC-001,LinkedIn Campaign 05,Lead Generation,511.78,17624,12733,332,37,16,2668.43,USD,2026-04-11 23:30:00
2026-04-12,LI-CAM-005,LinkedIn Ads,LI-ACC-001,LinkedIn Campaign 05,Lead Generation,620.27,15349,11788,239,6,7,923.25,USD,2026-04-12 23:30:00
2026-04-13,LI-CAM-005,LinkedIn Ads,LI-ACC-001,LinkedIn Campaign 05,Lead Generation,673.15,17410,11817,415,25,23,4063.53,USD,2026-04-13 23:30:00
2026-04-14,LI-CAM-005,LinkedIn Ads,LI-ACC-001,LinkedIn Campaign 05,Lead Generation,597.7,31698,18735,340,14,10,2180.99,USD,2026-04-14 23:30:00
2026-04-15,LI-CAM-005,LinkedIn Ads,LI-ACC-001,LinkedIn Campaign 05,Lead Generation,838.26,33855,21841,805,64,36,6703.84,USD,2026-04-15 23:30:00
2026-04-16,LI-CAM-005,LinkedIn Ads,LI-ACC-001,LinkedIn Campaign 05,Lead Generation,698.45,19017,14838,368,38,14,4204.9,USD,2026-04-16 23:30:00
2026-04-17,LI-CAM-005,LinkedIn Ads,LI-ACC-001,LinkedIn Campaign 05,Lead Generation,736.12,21685,18301,525,24,14,2521.44,USD,2026-04-17 23:30:00
2026-04-18,LI-CAM-005,LinkedIn Ads,LI-ACC-001,LinkedIn Campaign 05,Lead Generation,449.03,10849,8092,139,5,1,152.33,USD,2026-04-18 23:30:00
2026-04-19,LI-CAM-005,LinkedIn Ads,LI-ACC-001,LinkedIn Campaign 05,Lead Generation,412.83,15126,9605,330,33,13,2624.99,USD,2026-04-19 23:30:00
2026-04-20,LI-CAM-005,LinkedIn Ads,LI-ACC-001,LinkedIn Campaign 05,Lead Generation,568.65,14687,8731,150,14,5,1453.83,USD,2026-04-20 23:30:00
2026-04-21,LI-CAM-005,LinkedIn Ads,LI-ACC-001,LinkedIn Campaign 05,Lead Generation,600.54,14118,11526,159,9,9,1857.03,USD,2026-04-21 23:30:00
2026-04-22,LI-CAM-005,LinkedIn Ads,LI-ACC-001,LinkedIn Campaign 05,Lead Generation,608.71,13828,10068,124,4,4,791.08,USD,2026-04-22 23:30:00
2026-04-23,LI-CAM-005,LinkedIn Ads,LI-ACC-001,LinkedIn Campaign 05,Lead Generation,844.29,21449,15552,197,15,8,1315.91,USD,2026-04-23 23:30:00
2026-04-24,LI-CAM-005,LinkedIn Ads,LI-ACC-001,LinkedIn Campaign 05,Lead Generation,722.58,28576,17422,530,46,35,8290.38,USD,2026-04-24 23:30:00
2026-04-25,LI-CAM-005,LinkedIn Ads,LI-ACC-001,LinkedIn Campaign 05,Lead Generation,629.26,26209,22128,303,21,3,485.35,USD,2026-04-25 23:30:00
2026-04-26,LI-CAM-005,LinkedIn Ads,LI-ACC-001,LinkedIn Campaign 05,Lead Generation,634.62,21803,15661,226,11,3,674.68,USD,2026-04-26 23:30:00
2026-04-27,LI-CAM-005,LinkedIn Ads,LI-ACC-001,LinkedIn Campaign 05,Lead Generation,778.76,18076,10696,375,18,8,878.71,USD,2026-04-27 23:30:00
2026-04-28,LI-CAM-005,LinkedIn Ads,LI-ACC-001,LinkedIn Campaign 05,Lead Generation,698.95,30124,19906,636,68,36,8736.68,USD,2026-04-28 23:30:00
2026-04-29,LI-CAM-005,LinkedIn Ads,LI-ACC-001,LinkedIn Campaign 05,Lead Generation,810.65,35678,28315,578,20,10,1626.58,USD,2026-04-29 23:30:00
2026-04-30,LI-CAM-005,LinkedIn Ads,LI-ACC-001,LinkedIn Campaign 05,Lead Generation,680.85,22465,16370,190,9,5,1260.91,USD,2026-04-30 23:30:00
2026-05-01,LI-CAM-005,LinkedIn Ads,LI-ACC-001,LinkedIn Campaign 05,Lead Generation,851.6,24779,17230,282,25,14,3436.4,USD,2026-05-01 23:30:00
2026-05-02,LI-CAM-005,LinkedIn Ads,LI-ACC-001,LinkedIn Campaign 05,Lead Generation,603.51,20625,18148,484,35,18,2992.18,USD,2026-05-02 23:30:00
2026-05-03,LI-CAM-005,LinkedIn Ads,LI-ACC-001,LinkedIn Campaign 05,Lead Generation,608.6,26528,22114,299,23,10,2599.7,USD,2026-05-03 23:30:00
2026-05-04,LI-CAM-005,LinkedIn Ads,LI-ACC-001,LinkedIn Campaign 05,Lead Generation,570.21,23201,13804,524,39,26,8444.52,USD,2026-05-04 23:30:00
2026-05-05,LI-CAM-005,LinkedIn Ads,LI-ACC-001,LinkedIn Campaign 05,Lead Generation,778.39,19353,15752,360,23,16,2451.11,USD,2026-05-05 23:30:00
2026-05-06,LI-CAM-005,LinkedIn Ads,LI-ACC-001,LinkedIn Campaign 05,Lead Generation,519.52,14731,11451,169,20,10,2759.92,USD,2026-05-06 23:30:00
2026-05-07,LI-CAM-005,LinkedIn Ads,LI-ACC-001,LinkedIn Campaign 05,Lead Generation,698.26,22244,15238,278,15,6,1969.31,USD,2026-05-07 23:30:00
2026-05-08,LI-CAM-005,LinkedIn Ads,LI-ACC-001,LinkedIn Campaign 05,Lead Generation,666.5,24071,18336,253,25,13,2143.7,USD,2026-05-08 23:30:00
2026-05-09,LI-CAM-005,LinkedIn Ads,LI-ACC-001,LinkedIn Campaign 05,Lead Generation,556.42,18333,13457,238,3,7,1009.17,USD,2026-05-09 23:30:00
2026-05-10,LI-CAM-005,LinkedIn Ads,LI-ACC-001,LinkedIn Campaign 05,Lead Generation,669.23,29497,23270,509,32,23,6168.38,USD,2026-05-10 23:30:00
2026-05-11,LI-CAM-005,LinkedIn Ads,LI-ACC-001,LinkedIn Campaign 05,Lead Generation,750.11,17387,11987,298,17,8,2004.91,USD,2026-05-11 23:30:00
2026-05-12,LI-CAM-005,LinkedIn Ads,LI-ACC-001,LinkedIn Campaign 05,Lead Generation,659.83,36172,29149,404,51,16,4812.66,USD,2026-05-12 23:30:00
2026-05-13,LI-CAM-005,LinkedIn Ads,LI-ACC-001,LinkedIn Campaign 05,Lead Generation,789.47,33372,19385,410,22,12,2673.93,USD,2026-05-13 23:30:00
2026-05-14,LI-CAM-005,LinkedIn Ads,LI-ACC-001,LinkedIn Campaign 05,Lead Generation,757.27,22325,16834,541,46,31,9607.69,USD,2026-05-14 23:30:00
2026-05-15,LI-CAM-005,LinkedIn Ads,LI-ACC-001,LinkedIn Campaign 05,Lead Generation,555.73,24181,20675,460,40,17,5308.09,USD,2026-05-15 23:30:00
2026-05-16,LI-CAM-005,LinkedIn Ads,LI-ACC-001,LinkedIn Campaign 05,Lead Generation,526.65,28212,18885,284,13,8,1954.35,USD,2026-05-16 23:30:00
2026-05-17,LI-CAM-005,LinkedIn Ads,LI-ACC-001,LinkedIn Campaign 05,Lead Generation,461.21,11041,8582,274,13,7,912.86,USD,2026-05-17 23:30:00
2026-05-18,LI-CAM-005,LinkedIn Ads,LI-ACC-001,LinkedIn Campaign 05,Lead Generation,528.77,18122,10107,149,14,6,1624.75,USD,2026-05-18 23:30:00
2026-05-19,LI-CAM-005,LinkedIn Ads,LI-ACC-001,LinkedIn Campaign 05,Lead Generation,653.23,19541,13884,238,22,8,1293.02,USD,2026-05-19 23:30:00
2026-05-20,LI-CAM-005,LinkedIn Ads,LI-ACC-001,LinkedIn Campaign 05,Lead Generation,719.24,39671,26997,462,50,31,6836.62,USD,2026-05-20 23:30:00
2026-05-21,LI-CAM-005,LinkedIn Ads,LI-ACC-001,LinkedIn Campaign 05,Lead Generation,650.61,32838,20116,316,20,8,2080.39,USD,2026-05-21 23:30:00
2026-05-22,LI-CAM-005,LinkedIn Ads,LI-ACC-001,LinkedIn Campaign 05,Lead Generation,520.47,14333,10973,152,5,2,299.07,USD,2026-05-22 23:30:00
2026-05-23,LI-CAM-005,LinkedIn Ads,LI-ACC-001,LinkedIn Campaign 05,Lead Generation,416.02,17165,10448,176,9,9,2415.65,USD,2026-05-23 23:30:00
2026-05-24,LI-CAM-005,LinkedIn Ads,LI-ACC-001,LinkedIn Campaign 05,Lead Generation,549.76,12842,7987,195,16,5,1089.97,USD,2026-05-24 23:30:00
2026-05-25,LI-CAM-005,LinkedIn Ads,LI-ACC-001,LinkedIn Campaign 05,Lead Generation,822.84,31551,25374,737,49,28,7561.43,USD,2026-05-25 23:30:00
2026-05-26,LI-CAM-005,LinkedIn Ads,LI-ACC-001,LinkedIn Campaign 05,Lead Generation,833.49,25841,15611,376,30,14,3589.91,USD,2026-05-26 23:30:00
2026-05-27,LI-CAM-005,LinkedIn Ads,LI-ACC-001,LinkedIn Campaign 05,Lead Generation,779.35,20362,13169,243,13,7,1905.36,USD,2026-05-27 23:30:00
2026-05-28,LI-CAM-005,LinkedIn Ads,LI-ACC-001,LinkedIn Campaign 05,Lead Generation,504.77,25934,15450,435,16,5,1111.87,USD,2026-05-28 23:30:00
2026-05-29,LI-CAM-005,LinkedIn Ads,LI-ACC-001,LinkedIn Campaign 05,Lead Generation,796.06,34202,21450,646,30,11,2694.99,USD,2026-05-29 23:30:00
2026-05-30,LI-CAM-005,LinkedIn Ads,LI-ACC-001,LinkedIn Campaign 05,Lead Generation,509.56,18920,11127,183,10,6,777.03,USD,2026-05-30 23:30:00
2026-05-31,LI-CAM-005,LinkedIn Ads,LI-ACC-001,LinkedIn Campaign 05,Lead Generation,642.8,20513,12191,216,14,5,731.55,USD,2026-05-31 23:30:00
2026-06-01,LI-CAM-005,LinkedIn Ads,LI-ACC-001,LinkedIn Campaign 05,Lead Generation,690.2,20426,15899,300,19,12,3722.5,USD,2026-06-01 23:30:00
2026-06-02,LI-CAM-005,LinkedIn Ads,LI-ACC-001,LinkedIn Campaign 05,Lead Generation,592.41,15221,8646,315,10,3,626.83,USD,2026-06-02 23:30:00
2026-06-03,LI-CAM-005,LinkedIn Ads,LI-ACC-001,LinkedIn Campaign 05,Lead Generation,780.49,21785,16445,516,42,15,3574.64,USD,2026-06-03 23:30:00
2026-06-04,LI-CAM-005,LinkedIn Ads,LI-ACC-001,LinkedIn Campaign 05,Lead Generation,743.12,18835,13288,431,23,16,3144.47,USD,2026-06-04 23:30:00
2026-06-05,LI-CAM-005,LinkedIn Ads,LI-ACC-001,LinkedIn Campaign 05,Lead Generation,819.52,22115,12337,366,14,7,1092.94,USD,2026-06-05 23:30:00
2026-06-06,LI-CAM-005,LinkedIn Ads,LI-ACC-001,LinkedIn Campaign 05,Lead Generation,582.39,19997,15864,426,29,16,5074.08,USD,2026-06-06 23:30:00
2026-06-07,LI-CAM-005,LinkedIn Ads,LI-ACC-001,LinkedIn Campaign 05,Lead Generation,487.64,14838,13066,261,10,8,2219.77,USD,2026-06-07 23:30:00
2026-06-08,LI-CAM-005,LinkedIn Ads,LI-ACC-001,LinkedIn Campaign 05,Lead Generation,587.95,19936,17169,358,38,15,3587.08,USD,2026-06-08 23:30:00
2026-06-09,LI-CAM-005,LinkedIn Ads,LI-ACC-001,LinkedIn Campaign 05,Lead Generation,688.54,25431,19505,261,20,10,1660.43,USD,2026-06-09 23:30:00
2026-06-10,LI-CAM-005,LinkedIn Ads,LI-ACC-001,LinkedIn Campaign 05,Lead Generation,594.76,19675,13551,371,25,10,3001.57,USD,2026-06-10 23:30:00
2026-06-11,LI-CAM-005,LinkedIn Ads,LI-ACC-001,LinkedIn Campaign 05,Lead Generation,534.07,15894,8894,155,3,3,844.86,USD,2026-06-11 23:30:00
2026-06-12,LI-CAM-005,LinkedIn Ads,LI-ACC-001,LinkedIn Campaign 05,Lead Generation,816.78,45237,32611,610,35,14,2979.85,USD,2026-06-12 23:30:00
2026-06-13,LI-CAM-005,LinkedIn Ads,LI-ACC-001,LinkedIn Campaign 05,Lead Generation,518.68,14678,11494,200,19,3,744.26,USD,2026-06-13 23:30:00
2026-06-14,LI-CAM-005,LinkedIn Ads,LI-ACC-001,LinkedIn Campaign 05,Lead Generation,536.73,19622,12476,422,46,12,3551.97,USD,2026-06-14 23:30:00
2026-06-15,LI-CAM-005,LinkedIn Ads,LI-ACC-001,LinkedIn Campaign 05,Lead Generation,693.85,35419,26263,717,60,29,5855.36,USD,2026-06-15 23:30:00
2026-06-16,LI-CAM-005,LinkedIn Ads,LI-ACC-001,LinkedIn Campaign 05,Lead Generation,645.36,33963,25956,631,33,13,2501.48,USD,2026-06-16 23:30:00
2026-06-17,LI-CAM-005,LinkedIn Ads,LI-ACC-001,LinkedIn Campaign 05,Lead Generation,787.74,22782,16356,417,22,13,3244.73,USD,2026-06-17 23:30:00
2026-06-18,LI-CAM-005,LinkedIn Ads,LI-ACC-001,LinkedIn Campaign 05,Lead Generation,659.81,15596,13552,297,18,10,1533.16,USD,2026-06-18 23:30:00
2026-06-19,LI-CAM-005,LinkedIn Ads,LI-ACC-001,LinkedIn Campaign 05,Lead Generation,785.13,18650,13933,419,18,18,5865.65,USD,2026-06-19 23:30:00
2026-06-20,LI-CAM-005,LinkedIn Ads,LI-ACC-001,LinkedIn Campaign 05,Lead Generation,499.66,18615,14500,365,12,5,708.78,USD,2026-06-20 23:30:00
2026-06-21,LI-CAM-005,LinkedIn Ads,LI-ACC-001,LinkedIn Campaign 05,Lead Generation,457.73,18953,13059,425,50,18,3128.87,USD,2026-06-21 23:30:00
2026-01-12,LI-CAM-006,LinkedIn Ads,LI-ACC-001,LinkedIn Campaign 06,Conversions,754.73,19703,15145,325,14,4,1057.01,USD,2026-01-12 23:30:00
2026-01-13,LI-CAM-006,LinkedIn Ads,LI-ACC-001,LinkedIn Campaign 06,Conversions,791.75,26293,17626,301,8,3,702.88,USD,2026-01-13 23:30:00
2026-01-14,LI-CAM-006,LinkedIn Ads,LI-ACC-001,LinkedIn Campaign 06,Conversions,608.55,32472,26423,540,28,22,4059.04,USD,2026-01-14 23:30:00
2026-01-15,LI-CAM-006,LinkedIn Ads,LI-ACC-001,LinkedIn Campaign 06,Conversions,746.19,21825,12038,206,16,8,2389.65,USD,2026-01-15 23:30:00
2026-01-16,LI-CAM-006,LinkedIn Ads,LI-ACC-001,LinkedIn Campaign 06,Conversions,717.03,17160,14328,185,8,2,381.72,USD,2026-01-16 23:30:00
2026-01-17,LI-CAM-006,LinkedIn Ads,LI-ACC-001,LinkedIn Campaign 06,Conversions,456.67,15873,14160,150,8,5,654.88,USD,2026-01-17 23:30:00
2026-01-18,LI-CAM-006,LinkedIn Ads,LI-ACC-001,LinkedIn Campaign 06,Conversions,713.14,18783,13413,294,6,4,619.37,USD,2026-01-18 23:30:00
2026-01-19,LI-CAM-006,LinkedIn Ads,LI-ACC-001,LinkedIn Campaign 06,Conversions,600.11,14826,11023,175,19,6,968.93,USD,2026-01-19 23:30:00
2026-01-20,LI-CAM-006,LinkedIn Ads,LI-ACC-001,LinkedIn Campaign 06,Conversions,618.72,17645,10723,337,17,8,1449.01,USD,2026-01-20 23:30:00
2026-01-21,LI-CAM-006,LinkedIn Ads,LI-ACC-001,LinkedIn Campaign 06,Conversions,771.7,22226,12898,419,53,28,7562.79,USD,2026-01-21 23:30:00
2026-01-22,LI-CAM-006,LinkedIn Ads,LI-ACC-001,LinkedIn Campaign 06,Conversions,842.39,22527,15714,281,9,3,778.06,USD,2026-01-22 23:30:00
2026-01-23,LI-CAM-006,LinkedIn Ads,LI-ACC-001,LinkedIn Campaign 06,Conversions,864.12,21329,17137,212,9,1,288.74,USD,2026-01-23 23:30:00
2026-01-24,LI-CAM-006,LinkedIn Ads,LI-ACC-001,LinkedIn Campaign 06,Conversions,557.68,19283,14872,471,36,19,2475.03,USD,2026-01-24 23:30:00
2026-01-25,LI-CAM-006,LinkedIn Ads,LI-ACC-001,LinkedIn Campaign 06,Conversions,722.09,35209,27639,679,50,24,6616.98,USD,2026-01-25 23:30:00
2026-01-26,LI-CAM-006,LinkedIn Ads,LI-ACC-001,LinkedIn Campaign 06,Conversions,622.33,33327,25271,400,18,11,3291.12,USD,2026-01-26 23:30:00
2026-01-27,LI-CAM-006,LinkedIn Ads,LI-ACC-001,LinkedIn Campaign 06,Conversions,761.33,22246,12329,260,21,7,979.05,USD,2026-01-27 23:30:00
2026-01-28,LI-CAM-006,LinkedIn Ads,LI-ACC-001,LinkedIn Campaign 06,Conversions,743.97,34560,19601,375,18,6,1402.6,USD,2026-01-28 23:30:00
2026-01-29,LI-CAM-006,LinkedIn Ads,LI-ACC-001,LinkedIn Campaign 06,Conversions,740.64,28824,20261,645,60,24,4485.04,USD,2026-01-29 23:30:00
2026-01-30,LI-CAM-006,LinkedIn Ads,LI-ACC-001,LinkedIn Campaign 06,Conversions,729.61,28294,18365,701,46,18,2112.84,USD,2026-01-30 23:30:00
2026-01-31,LI-CAM-006,LinkedIn Ads,LI-ACC-001,LinkedIn Campaign 06,Conversions,702.77,25644,14184,568,25,19,2595.59,USD,2026-01-31 23:30:00
2026-02-01,LI-CAM-006,LinkedIn Ads,LI-ACC-001,LinkedIn Campaign 06,Conversions,461.75,10751,9345,244,16,7,1084.56,USD,2026-02-01 23:30:00
2026-02-02,LI-CAM-006,LinkedIn Ads,LI-ACC-001,LinkedIn Campaign 06,Conversions,837.68,31115,25784,636,22,15,2263.53,USD,2026-02-02 23:30:00
2026-02-03,LI-CAM-006,LinkedIn Ads,LI-ACC-001,LinkedIn Campaign 06,Conversions,913.63,26132,18299,251,15,9,2734.49,USD,2026-02-03 23:30:00
2026-02-04,LI-CAM-006,LinkedIn Ads,LI-ACC-001,LinkedIn Campaign 06,Conversions,674.71,29055,26040,632,22,11,3436.5,USD,2026-02-04 23:30:00
2026-02-05,LI-CAM-006,LinkedIn Ads,LI-ACC-001,LinkedIn Campaign 06,Conversions,889.81,33880,30076,590,36,17,5999.36,USD,2026-02-05 23:30:00
2026-02-06,LI-CAM-006,LinkedIn Ads,LI-ACC-001,LinkedIn Campaign 06,Conversions,704.45,21168,18537,410,16,15,3862.57,USD,2026-02-06 23:30:00
2026-02-07,LI-CAM-006,LinkedIn Ads,LI-ACC-001,LinkedIn Campaign 06,Conversions,486.01,13857,7661,282,31,12,2452.33,USD,2026-02-07 23:30:00
2026-02-08,LI-CAM-006,LinkedIn Ads,LI-ACC-001,LinkedIn Campaign 06,Conversions,627.93,30032,24961,742,22,8,1314.47,USD,2026-02-08 23:30:00
2026-02-09,LI-CAM-006,LinkedIn Ads,LI-ACC-001,LinkedIn Campaign 06,Conversions,583.86,18530,12887,236,18,9,1261.97,USD,2026-02-09 23:30:00
2026-02-10,LI-CAM-006,LinkedIn Ads,LI-ACC-001,LinkedIn Campaign 06,Conversions,678.18,19377,14891,195,11,7,1322.29,USD,2026-02-10 23:30:00
2026-02-11,LI-CAM-006,LinkedIn Ads,LI-ACC-001,LinkedIn Campaign 06,Conversions,650.78,15763,11887,168,8,5,734.58,USD,2026-02-11 23:30:00
2026-02-12,LI-CAM-006,LinkedIn Ads,LI-ACC-001,LinkedIn Campaign 06,Conversions,956.31,27796,19889,322,20,9,3152.04,USD,2026-02-12 23:30:00
2026-02-13,LI-CAM-006,LinkedIn Ads,LI-ACC-001,LinkedIn Campaign 06,Conversions,595.13,26709,18663,657,46,11,1973.92,USD,2026-02-13 23:30:00
2026-02-14,LI-CAM-006,LinkedIn Ads,LI-ACC-001,LinkedIn Campaign 06,Conversions,488.26,26091,17153,600,32,15,3918.96,USD,2026-02-14 23:30:00
2026-02-15,LI-CAM-006,LinkedIn Ads,LI-ACC-001,LinkedIn Campaign 06,Conversions,710.04,28433,17304,444,30,12,2006.12,USD,2026-02-15 23:30:00
2026-02-16,LI-CAM-006,LinkedIn Ads,LI-ACC-001,LinkedIn Campaign 06,Conversions,623.05,15549,10408,248,17,11,1743.91,USD,2026-02-16 23:30:00
2026-02-17,LI-CAM-006,LinkedIn Ads,LI-ACC-001,LinkedIn Campaign 06,Conversions,850.2,32145,28440,492,41,27,3685.06,USD,2026-02-17 23:30:00
2026-02-18,LI-CAM-006,LinkedIn Ads,LI-ACC-001,LinkedIn Campaign 06,Conversions,891.46,22222,19540,390,18,13,3321.23,USD,2026-02-18 23:30:00
2026-02-19,LI-CAM-006,LinkedIn Ads,LI-ACC-001,LinkedIn Campaign 06,Conversions,838.95,18975,13973,296,35,8,1629.47,USD,2026-02-19 23:30:00
2026-02-20,LI-CAM-006,LinkedIn Ads,LI-ACC-001,LinkedIn Campaign 06,Conversions,682.74,25124,15502,393,34,20,3495.34,USD,2026-02-20 23:30:00
2026-02-21,LI-CAM-006,LinkedIn Ads,LI-ACC-001,LinkedIn Campaign 06,Conversions,613.93,20132,15412,202,16,5,877.99,USD,2026-02-21 23:30:00
2026-02-22,LI-CAM-006,LinkedIn Ads,LI-ACC-001,LinkedIn Campaign 06,Conversions,674.33,21824,12419,240,26,10,1050.71,USD,2026-02-22 23:30:00
2026-02-23,LI-CAM-006,LinkedIn Ads,LI-ACC-001,LinkedIn Campaign 06,Conversions,884.59,37300,27873,391,6,8,2130.91,USD,2026-02-23 23:30:00
2026-02-24,LI-CAM-006,LinkedIn Ads,LI-ACC-001,LinkedIn Campaign 06,Conversions,677.61,27484,23759,533,35,28,6908.47,USD,2026-02-24 23:30:00
2026-02-25,LI-CAM-006,LinkedIn Ads,LI-ACC-001,LinkedIn Campaign 06,Conversions,943.03,43565,28081,916,56,27,4830.0,USD,2026-02-25 23:30:00
2026-02-26,LI-CAM-006,LinkedIn Ads,LI-ACC-001,LinkedIn Campaign 06,Conversions,797.94,19686,12039,358,12,8,2701.37,USD,2026-02-26 23:30:00
2026-02-27,LI-CAM-006,LinkedIn Ads,LI-ACC-001,LinkedIn Campaign 06,Conversions,872.18,22874,15946,302,12,9,1847.44,USD,2026-02-27 23:30:00
2026-02-28,LI-CAM-006,LinkedIn Ads,LI-ACC-001,LinkedIn Campaign 06,Conversions,476.5,25816,19446,406,35,14,4307.57,USD,2026-02-28 23:30:00
2026-03-01,LI-CAM-006,LinkedIn Ads,LI-ACC-001,LinkedIn Campaign 06,Conversions,692.21,17242,9554,430,46,19,3291.22,USD,2026-03-01 23:30:00
2026-03-02,LI-CAM-006,LinkedIn Ads,LI-ACC-001,LinkedIn Campaign 06,Conversions,585.5,14157,10026,304,11,7,1073.39,USD,2026-03-02 23:30:00
2026-03-03,LI-CAM-006,LinkedIn Ads,LI-ACC-001,LinkedIn Campaign 06,Conversions,908.87,20911,12225,493,40,22,5025.42,USD,2026-03-03 23:30:00
2026-03-04,LI-CAM-006,LinkedIn Ads,LI-ACC-001,LinkedIn Campaign 06,Conversions,945.04,39232,29440,569,46,20,5240.87,USD,2026-03-04 23:30:00
2026-03-05,LI-CAM-006,LinkedIn Ads,LI-ACC-001,LinkedIn Campaign 06,Conversions,637.42,26400,18686,220,6,5,1324.0,USD,2026-03-05 23:30:00
2026-03-06,LI-CAM-006,LinkedIn Ads,LI-ACC-001,LinkedIn Campaign 06,Conversions,651.02,16585,10934,396,39,24,4730.64,USD,2026-03-06 23:30:00
2026-03-07,LI-CAM-006,LinkedIn Ads,LI-ACC-001,LinkedIn Campaign 06,Conversions,732.49,32650,20885,599,44,17,5114.38,USD,2026-03-07 23:30:00
2026-03-08,LI-CAM-006,LinkedIn Ads,LI-ACC-001,LinkedIn Campaign 06,Conversions,699.19,20428,13940,330,29,12,3072.92,USD,2026-03-08 23:30:00
2026-03-09,LI-CAM-006,LinkedIn Ads,LI-ACC-001,LinkedIn Campaign 06,Conversions,905.7,33602,21781,274,11,7,787.14,USD,2026-03-09 23:30:00
2026-03-10,LI-CAM-006,LinkedIn Ads,LI-ACC-001,LinkedIn Campaign 06,Conversions,761.61,25586,14505,593,38,27,5746.69,USD,2026-03-10 23:30:00
2026-03-11,LI-CAM-006,LinkedIn Ads,LI-ACC-001,LinkedIn Campaign 06,Conversions,596.37,24789,20621,338,23,14,3796.09,USD,2026-03-11 23:30:00
2026-03-12,LI-CAM-006,LinkedIn Ads,LI-ACC-001,LinkedIn Campaign 06,Conversions,838.55,37026,23102,562,37,20,5134.75,USD,2026-03-12 23:30:00
2026-03-13,LI-CAM-006,LinkedIn Ads,LI-ACC-001,LinkedIn Campaign 06,Conversions,661.14,30077,18407,249,14,5,818.32,USD,2026-03-13 23:30:00
2026-03-14,LI-CAM-006,LinkedIn Ads,LI-ACC-001,LinkedIn Campaign 06,Conversions,716.13,32508,20606,779,48,26,4781.98,USD,2026-03-14 23:30:00
2026-03-15,LI-CAM-006,LinkedIn Ads,LI-ACC-001,LinkedIn Campaign 06,Conversions,552.67,27972,19978,328,13,3,419.47,USD,2026-03-15 23:30:00
2026-03-16,LI-CAM-006,LinkedIn Ads,LI-ACC-001,LinkedIn Campaign 06,Conversions,755.4,16960,13832,391,37,19,2841.21,USD,2026-03-16 23:30:00
2026-03-17,LI-CAM-006,LinkedIn Ads,LI-ACC-001,LinkedIn Campaign 06,Conversions,953.42,26354,17633,447,41,23,6643.25,USD,2026-03-17 23:30:00
2026-03-18,LI-CAM-006,LinkedIn Ads,LI-ACC-001,LinkedIn Campaign 06,Conversions,614.85,28589,21689,337,10,7,1755.43,USD,2026-03-18 23:30:00
2026-03-19,LI-CAM-006,LinkedIn Ads,LI-ACC-001,LinkedIn Campaign 06,Conversions,921.84,35792,22119,858,76,42,10070.79,USD,2026-03-19 23:30:00
2026-03-20,LI-CAM-006,LinkedIn Ads,LI-ACC-001,LinkedIn Campaign 06,Conversions,848.17,40802,27001,907,82,42,6748.19,USD,2026-03-20 23:30:00
2026-03-21,LI-CAM-006,LinkedIn Ads,LI-ACC-001,LinkedIn Campaign 06,Conversions,603.53,23663,20383,198,13,10,2845.09,USD,2026-03-21 23:30:00
2026-03-22,LI-CAM-006,LinkedIn Ads,LI-ACC-001,LinkedIn Campaign 06,Conversions,706.09,30915,23009,700,31,11,2385.76,USD,2026-03-22 23:30:00
2026-03-23,LI-CAM-006,LinkedIn Ads,LI-ACC-001,LinkedIn Campaign 06,Conversions,645.99,23015,17023,364,15,14,3156.79,USD,2026-03-23 23:30:00
2026-03-24,LI-CAM-006,LinkedIn Ads,LI-ACC-001,LinkedIn Campaign 06,Conversions,826.51,32511,25264,564,45,29,5938.13,USD,2026-03-24 23:30:00
2026-03-25,LI-CAM-006,LinkedIn Ads,LI-ACC-001,LinkedIn Campaign 06,Conversions,597.42,16937,9475,392,18,10,2184.36,USD,2026-03-25 23:30:00
2026-03-26,LI-CAM-006,LinkedIn Ads,LI-ACC-001,LinkedIn Campaign 06,Conversions,815.67,22427,14532,417,32,24,5605.78,USD,2026-03-26 23:30:00
2026-03-27,LI-CAM-006,LinkedIn Ads,LI-ACC-001,LinkedIn Campaign 06,Conversions,966.77,25742,16111,608,23,18,2279.61,USD,2026-03-27 23:30:00
2026-03-28,LI-CAM-006,LinkedIn Ads,LI-ACC-001,LinkedIn Campaign 06,Conversions,575.54,12981,7213,183,18,10,3132.6,USD,2026-03-28 23:30:00
2026-03-29,LI-CAM-006,LinkedIn Ads,LI-ACC-001,LinkedIn Campaign 06,Conversions,658.72,19905,14212,277,10,7,1366.13,USD,2026-03-29 23:30:00
2026-03-30,LI-CAM-006,LinkedIn Ads,LI-ACC-001,LinkedIn Campaign 06,Conversions,680.66,16503,13976,338,14,12,2393.88,USD,2026-03-30 23:30:00
2026-03-31,LI-CAM-006,LinkedIn Ads,LI-ACC-001,LinkedIn Campaign 06,Conversions,879.61,44110,35334,562,42,20,3393.87,USD,2026-03-31 23:30:00
2026-04-01,LI-CAM-006,LinkedIn Ads,LI-ACC-001,LinkedIn Campaign 06,Conversions,765.0,27176,18373,535,37,21,2788.14,USD,2026-04-01 23:30:00
2026-04-02,LI-CAM-006,LinkedIn Ads,LI-ACC-001,LinkedIn Campaign 06,Conversions,819.35,28740,19167,601,21,18,2756.46,USD,2026-04-02 23:30:00
2026-04-03,LI-CAM-006,LinkedIn Ads,LI-ACC-001,LinkedIn Campaign 06,Conversions,796.92,26175,19251,622,57,23,2702.61,USD,2026-04-03 23:30:00
2026-04-04,LI-CAM-006,LinkedIn Ads,LI-ACC-001,LinkedIn Campaign 06,Conversions,614.3,32935,19768,458,39,16,4440.09,USD,2026-04-04 23:30:00
2026-04-05,LI-CAM-006,LinkedIn Ads,LI-ACC-001,LinkedIn Campaign 06,Conversions,632.85,17728,10002,310,12,9,1651.42,USD,2026-04-05 23:30:00
2026-04-06,LI-CAM-006,LinkedIn Ads,LI-ACC-001,LinkedIn Campaign 06,Conversions,678.76,18510,10722,408,30,15,2566.84,USD,2026-04-06 23:30:00
2026-04-07,LI-CAM-006,LinkedIn Ads,LI-ACC-001,LinkedIn Campaign 06,Conversions,937.18,21766,15680,337,20,4,511.35,USD,2026-04-07 23:30:00
2026-04-08,LI-CAM-006,LinkedIn Ads,LI-ACC-001,LinkedIn Campaign 06,Conversions,929.84,23670,17073,304,19,8,2105.71,USD,2026-04-08 23:30:00
2026-04-09,LI-CAM-006,LinkedIn Ads,LI-ACC-001,LinkedIn Campaign 06,Conversions,711.43,23353,20233,288,23,6,1213.06,USD,2026-04-09 23:30:00
2026-04-10,LI-CAM-006,LinkedIn Ads,LI-ACC-001,LinkedIn Campaign 06,Conversions,882.25,22807,16962,273,12,7,2095.55,USD,2026-04-10 23:30:00
2026-04-11,LI-CAM-006,LinkedIn Ads,LI-ACC-001,LinkedIn Campaign 06,Conversions,605.53,20725,15331,253,19,5,1234.95,USD,2026-04-11 23:30:00
2026-04-12,LI-CAM-006,LinkedIn Ads,LI-ACC-001,LinkedIn Campaign 06,Conversions,704.24,16665,11301,229,21,15,5315.86,USD,2026-04-12 23:30:00
2026-04-13,LI-CAM-006,LinkedIn Ads,LI-ACC-001,LinkedIn Campaign 06,Conversions,644.26,31251,19296,331,27,17,2995.17,USD,2026-04-13 23:30:00
2026-04-14,LI-CAM-006,LinkedIn Ads,LI-ACC-001,LinkedIn Campaign 06,Conversions,669.19,31273,24950,523,39,28,6888.75,USD,2026-04-14 23:30:00
2026-04-15,LI-CAM-006,LinkedIn Ads,LI-ACC-001,LinkedIn Campaign 06,Conversions,575.33,31533,24124,302,26,11,1885.96,USD,2026-04-15 23:30:00
2026-04-16,LI-CAM-006,LinkedIn Ads,LI-ACC-001,LinkedIn Campaign 06,Conversions,697.9,26933,15760,426,35,21,3044.74,USD,2026-04-16 23:30:00
2026-04-17,LI-CAM-006,LinkedIn Ads,LI-ACC-001,LinkedIn Campaign 06,Conversions,815.54,19765,15833,193,20,6,1008.43,USD,2026-04-17 23:30:00
2026-04-18,LI-CAM-006,LinkedIn Ads,LI-ACC-001,LinkedIn Campaign 06,Conversions,559.95,20938,12374,333,17,8,1848.92,USD,2026-04-18 23:30:00
2026-04-19,LI-CAM-006,LinkedIn Ads,LI-ACC-001,LinkedIn Campaign 06,Conversions,761.66,33940,23397,827,74,27,4693.59,USD,2026-04-19 23:30:00
2026-04-20,LI-CAM-006,LinkedIn Ads,LI-ACC-001,LinkedIn Campaign 06,Conversions,685.95,35882,20973,732,59,24,5299.68,USD,2026-04-20 23:30:00
2026-04-21,LI-CAM-006,LinkedIn Ads,LI-ACC-001,LinkedIn Campaign 06,Conversions,776.19,17435,13503,398,20,16,3325.65,USD,2026-04-21 23:30:00
2026-04-22,LI-CAM-006,LinkedIn Ads,LI-ACC-001,LinkedIn Campaign 06,Conversions,626.5,32808,26164,437,24,6,1014.56,USD,2026-04-22 23:30:00
2026-04-23,LI-CAM-006,LinkedIn Ads,LI-ACC-001,LinkedIn Campaign 06,Conversions,820.3,20627,14995,381,21,8,1786.25,USD,2026-04-23 23:30:00
2026-04-24,LI-CAM-006,LinkedIn Ads,LI-ACC-001,LinkedIn Campaign 06,Conversions,736.21,22778,18626,408,38,14,3354.38,USD,2026-04-24 23:30:00
2026-04-25,LI-CAM-006,LinkedIn Ads,LI-ACC-001,LinkedIn Campaign 06,Conversions,701.25,29335,21594,235,14,5,939.58,USD,2026-04-25 23:30:00
2026-04-26,LI-CAM-006,LinkedIn Ads,LI-ACC-001,LinkedIn Campaign 06,Conversions,579.61,22706,15080,517,46,22,7307.92,USD,2026-04-26 23:30:00
2026-04-27,LI-CAM-006,LinkedIn Ads,LI-ACC-001,LinkedIn Campaign 06,Conversions,877.96,33572,26752,784,19,14,4133.93,USD,2026-04-27 23:30:00
2026-04-28,LI-CAM-006,LinkedIn Ads,LI-ACC-001,LinkedIn Campaign 06,Conversions,953.7,30603,19175,629,41,20,4529.54,USD,2026-04-28 23:30:00
2026-04-29,LI-CAM-006,LinkedIn Ads,LI-ACC-001,LinkedIn Campaign 06,Conversions,679.92,28401,24468,454,34,27,4907.47,USD,2026-04-29 23:30:00
2026-04-30,LI-CAM-006,LinkedIn Ads,LI-ACC-001,LinkedIn Campaign 06,Conversions,739.46,18452,14301,196,18,11,3016.51,USD,2026-04-30 23:30:00
2026-05-01,LI-CAM-006,LinkedIn Ads,LI-ACC-001,LinkedIn Campaign 06,Conversions,790.81,18035,16104,335,32,14,2926.73,USD,2026-05-01 23:30:00
2026-05-02,LI-CAM-006,LinkedIn Ads,LI-ACC-001,LinkedIn Campaign 06,Conversions,755.36,18713,10783,189,15,7,2089.98,USD,2026-05-02 23:30:00
2026-05-03,LI-CAM-006,LinkedIn Ads,LI-ACC-001,LinkedIn Campaign 06,Conversions,492.32,21299,17989,225,24,7,1433.86,USD,2026-05-03 23:30:00
2026-05-04,LI-CAM-006,LinkedIn Ads,LI-ACC-001,LinkedIn Campaign 06,Conversions,819.54,22279,14866,451,24,17,4376.19,USD,2026-05-04 23:30:00
2026-05-05,LI-CAM-006,LinkedIn Ads,LI-ACC-001,LinkedIn Campaign 06,Conversions,647.73,25654,15408,389,16,8,1209.5,USD,2026-05-05 23:30:00
2026-05-06,LI-CAM-006,LinkedIn Ads,LI-ACC-001,LinkedIn Campaign 06,Conversions,731.94,18322,12513,328,31,11,2363.97,USD,2026-05-06 23:30:00
2026-05-07,LI-CAM-006,LinkedIn Ads,LI-ACC-001,LinkedIn Campaign 06,Conversions,784.92,28573,16818,500,19,9,3027.55,USD,2026-05-07 23:30:00
2026-05-08,LI-CAM-006,LinkedIn Ads,LI-ACC-001,LinkedIn Campaign 06,Conversions,725.13,26186,15880,351,37,18,5403.1,USD,2026-05-08 23:30:00
2026-05-09,LI-CAM-006,LinkedIn Ads,LI-ACC-001,LinkedIn Campaign 06,Conversions,733.45,22656,17400,417,32,28,4391.61,USD,2026-05-09 23:30:00
2026-05-10,LI-CAM-006,LinkedIn Ads,LI-ACC-001,LinkedIn Campaign 06,Conversions,516.62,15689,9087,182,19,7,881.6,USD,2026-05-10 23:30:00
2026-05-11,LI-CAM-006,LinkedIn Ads,LI-ACC-001,LinkedIn Campaign 06,Conversions,924.11,42471,27510,976,56,38,5856.4,USD,2026-05-11 23:30:00
2026-05-12,LI-CAM-006,LinkedIn Ads,LI-ACC-001,LinkedIn Campaign 06,Conversions,607.29,22891,18104,417,30,25,4353.09,USD,2026-05-12 23:30:00
2026-05-13,LI-CAM-006,LinkedIn Ads,LI-ACC-001,LinkedIn Campaign 06,Conversions,778.61,37868,23676,450,38,11,1716.24,USD,2026-05-13 23:30:00
2026-05-14,LI-CAM-006,LinkedIn Ads,LI-ACC-001,LinkedIn Campaign 06,Conversions,912.86,49223,37243,473,15,15,1798.12,USD,2026-05-14 23:30:00
2026-05-15,LI-CAM-006,LinkedIn Ads,LI-ACC-001,LinkedIn Campaign 06,Conversions,902.72,25006,17327,463,41,14,2313.48,USD,2026-05-15 23:30:00
2026-05-16,LI-CAM-006,LinkedIn Ads,LI-ACC-001,LinkedIn Campaign 06,Conversions,659.89,15731,13690,371,30,19,3045.05,USD,2026-05-16 23:30:00
2026-05-17,LI-CAM-006,LinkedIn Ads,LI-ACC-001,LinkedIn Campaign 06,Conversions,545.96,25949,21222,365,17,15,3757.22,USD,2026-05-17 23:30:00
2026-05-18,LI-CAM-006,LinkedIn Ads,LI-ACC-001,LinkedIn Campaign 06,Conversions,739.34,34666,31023,655,39,25,6290.58,USD,2026-05-18 23:30:00
2026-05-19,LI-CAM-006,LinkedIn Ads,LI-ACC-001,LinkedIn Campaign 06,Conversions,962.78,50020,30842,821,38,18,6090.5,USD,2026-05-19 23:30:00
2026-05-20,LI-CAM-006,LinkedIn Ads,LI-ACC-001,LinkedIn Campaign 06,Conversions,694.47,17804,10086,428,45,20,3454.62,USD,2026-05-20 23:30:00
2026-05-21,LI-CAM-006,LinkedIn Ads,LI-ACC-001,LinkedIn Campaign 06,Conversions,576.1,24478,15430,380,34,10,2537.39,USD,2026-05-21 23:30:00
2026-05-22,LI-CAM-006,LinkedIn Ads,LI-ACC-001,LinkedIn Campaign 06,Conversions,928.07,45545,29804,480,19,12,2726.15,USD,2026-05-22 23:30:00
2026-05-23,LI-CAM-006,LinkedIn Ads,LI-ACC-001,LinkedIn Campaign 06,Conversions,760.47,21834,18506,385,24,21,3100.97,USD,2026-05-23 23:30:00
2026-05-24,LI-CAM-006,LinkedIn Ads,LI-ACC-001,LinkedIn Campaign 06,Conversions,612.16,14597,8880,245,19,9,2389.73,USD,2026-05-24 23:30:00
2026-05-25,LI-CAM-006,LinkedIn Ads,LI-ACC-001,LinkedIn Campaign 06,Conversions,922.16,40589,27560,331,23,14,4193.74,USD,2026-05-25 23:30:00
2026-05-26,LI-CAM-006,LinkedIn Ads,LI-ACC-001,LinkedIn Campaign 06,Conversions,640.49,31709,24470,595,18,7,1673.57,USD,2026-05-26 23:30:00
2026-05-27,LI-CAM-006,LinkedIn Ads,LI-ACC-001,LinkedIn Campaign 06,Conversions,685.06,19556,13145,220,23,7,1631.0,USD,2026-05-27 23:30:00
2026-05-28,LI-CAM-006,LinkedIn Ads,LI-ACC-001,LinkedIn Campaign 06,Conversions,866.17,36316,27002,472,10,15,4101.35,USD,2026-05-28 23:30:00
2026-05-29,LI-CAM-006,LinkedIn Ads,LI-ACC-001,LinkedIn Campaign 06,Conversions,805.71,31340,22713,353,15,6,1528.59,USD,2026-05-29 23:30:00
2026-05-30,LI-CAM-006,LinkedIn Ads,LI-ACC-001,LinkedIn Campaign 06,Conversions,483.49,21160,16245,411,48,18,4141.06,USD,2026-05-30 23:30:00
2026-05-31,LI-CAM-006,LinkedIn Ads,LI-ACC-001,LinkedIn Campaign 06,Conversions,562.08,24939,21637,442,37,16,4609.36,USD,2026-05-31 23:30:00
2026-06-01,LI-CAM-006,LinkedIn Ads,LI-ACC-001,LinkedIn Campaign 06,Conversions,649.51,27261,21359,673,58,28,9851.12,USD,2026-06-01 23:30:00
2026-06-02,LI-CAM-006,LinkedIn Ads,LI-ACC-001,LinkedIn Campaign 06,Conversions,937.47,35382,22485,857,67,40,11604.36,USD,2026-06-02 23:30:00
2026-06-03,LI-CAM-006,LinkedIn Ads,LI-ACC-001,LinkedIn Campaign 06,Conversions,805.94,43997,32982,1004,34,21,5535.4,USD,2026-06-03 23:30:00
2026-06-04,LI-CAM-006,LinkedIn Ads,LI-ACC-001,LinkedIn Campaign 06,Conversions,888.45,26975,18299,350,25,13,2749.4,USD,2026-06-04 23:30:00
2026-06-05,LI-CAM-006,LinkedIn Ads,LI-ACC-001,LinkedIn Campaign 06,Conversions,898.39,31189,20976,744,24,18,2405.76,USD,2026-06-05 23:30:00
2026-06-06,LI-CAM-006,LinkedIn Ads,LI-ACC-001,LinkedIn Campaign 06,Conversions,768.19,22552,16316,520,34,21,5700.16,USD,2026-06-06 23:30:00
2026-06-07,LI-CAM-006,LinkedIn Ads,LI-ACC-001,LinkedIn Campaign 06,Conversions,559.44,24028,15600,380,29,8,2501.05,USD,2026-06-07 23:30:00
2026-06-08,LI-CAM-006,LinkedIn Ads,LI-ACC-001,LinkedIn Campaign 06,Conversions,720.43,20330,14142,197,14,7,2032.73,USD,2026-06-08 23:30:00
2026-06-09,LI-CAM-006,LinkedIn Ads,LI-ACC-001,LinkedIn Campaign 06,Conversions,616.97,22731,18240,210,19,9,3165.88,USD,2026-06-09 23:30:00
2026-06-10,LI-CAM-006,LinkedIn Ads,LI-ACC-001,LinkedIn Campaign 06,Conversions,912.88,20837,18478,476,38,22,6421.21,USD,2026-06-10 23:30:00
2026-06-11,LI-CAM-006,LinkedIn Ads,LI-ACC-001,LinkedIn Campaign 06,Conversions,966.66,25661,20656,230,11,5,988.4,USD,2026-06-11 23:30:00
2026-06-12,LI-CAM-006,LinkedIn Ads,LI-ACC-001,LinkedIn Campaign 06,Conversions,868.87,24275,15785,259,8,3,539.08,USD,2026-06-12 23:30:00
2026-06-13,LI-CAM-006,LinkedIn Ads,LI-ACC-001,LinkedIn Campaign 06,Conversions,590.78,16629,10913,407,13,6,1763.96,USD,2026-06-13 23:30:00
2026-06-14,LI-CAM-006,LinkedIn Ads,LI-ACC-001,LinkedIn Campaign 06,Conversions,524.15,13354,7416,272,21,10,2219.72,USD,2026-06-14 23:30:00
2026-06-15,LI-CAM-006,LinkedIn Ads,LI-ACC-001,LinkedIn Campaign 06,Conversions,768.74,17099,12030,337,32,13,2747.13,USD,2026-06-15 23:30:00
2026-06-16,LI-CAM-006,LinkedIn Ads,LI-ACC-001,LinkedIn Campaign 06,Conversions,587.03,21323,14253,494,34,22,4117.52,USD,2026-06-16 23:30:00
2026-06-17,LI-CAM-006,LinkedIn Ads,LI-ACC-001,LinkedIn Campaign 06,Conversions,734.93,23755,15354,479,32,5,713.38,USD,2026-06-17 23:30:00
2026-06-18,LI-CAM-006,LinkedIn Ads,LI-ACC-001,LinkedIn Campaign 06,Conversions,603.17,26332,17744,314,12,6,1074.05,USD,2026-06-18 23:30:00
2026-06-19,LI-CAM-006,LinkedIn Ads,LI-ACC-001,LinkedIn Campaign 06,Conversions,652.02,29028,22042,287,27,13,2315.32,USD,2026-06-19 23:30:00
2026-06-20,LI-CAM-006,LinkedIn Ads,LI-ACC-001,LinkedIn Campaign 06,Conversions,761.15,22010,17483,478,19,17,3894.47,USD,2026-06-20 23:30:00
2026-06-21,LI-CAM-006,LinkedIn Ads,LI-ACC-001,LinkedIn Campaign 06,Conversions,585.22,17262,9502,342,22,17,3267.12,USD,2026-06-21 23:30:00
2026-06-22,LI-CAM-006,LinkedIn Ads,LI-ACC-001,LinkedIn Campaign 06,Conversions,845.8,42356,37107,597,25,22,4367.46,USD,2026-06-22 23:30:00
2026-06-23,LI-CAM-006,LinkedIn Ads,LI-ACC-001,LinkedIn Campaign 06,Conversions,749.28,27234,15700,365,14,9,1390.79,USD,2026-06-23 23:30:00
2026-06-24,LI-CAM-006,LinkedIn Ads,LI-ACC-001,LinkedIn Campaign 06,Conversions,730.15,22822,16242,216,13,7,2021.12,USD,2026-06-24 23:30:00
2026-06-25,LI-CAM-006,LinkedIn Ads,LI-ACC-001,LinkedIn Campaign 06,Conversions,667.88,25151,19536,486,16,6,1229.5,USD,2026-06-25 23:30:00
2026-06-26,LI-CAM-006,LinkedIn Ads,LI-ACC-001,LinkedIn Campaign 06,Conversions,761.91,17949,14375,186,5,7,1453.6,USD,2026-06-26 23:30:00
2026-01-20,LI-CAM-007,LinkedIn Ads,LI-ACC-001,LinkedIn Campaign 07,Conversions,579.8,14430,8794,154,16,7,1665.06,USD,2026-01-20 23:30:00
2026-01-21,LI-CAM-007,LinkedIn Ads,LI-ACC-001,LinkedIn Campaign 07,Conversions,530.23,12620,7927,135,3,5,1160.06,USD,2026-01-21 23:30:00
2026-01-22,LI-CAM-007,LinkedIn Ads,LI-ACC-001,LinkedIn Campaign 07,Conversions,547.34,14859,11910,315,27,8,1099.52,USD,2026-01-22 23:30:00
2026-01-23,LI-CAM-007,LinkedIn Ads,LI-ACC-001,LinkedIn Campaign 07,Conversions,664.21,24653,18359,245,21,9,1520.26,USD,2026-01-23 23:30:00
2026-01-24,LI-CAM-007,LinkedIn Ads,LI-ACC-001,LinkedIn Campaign 07,Conversions,527.82,14868,8321,311,24,19,5943.72,USD,2026-01-24 23:30:00
2026-01-25,LI-CAM-007,LinkedIn Ads,LI-ACC-001,LinkedIn Campaign 07,Conversions,360.48,9139,6741,205,15,4,662.98,USD,2026-01-25 23:30:00
2026-01-26,LI-CAM-007,LinkedIn Ads,LI-ACC-001,LinkedIn Campaign 07,Conversions,398.7,14537,8358,123,3,4,1129.05,USD,2026-01-26 23:30:00
2026-01-27,LI-CAM-007,LinkedIn Ads,LI-ACC-001,LinkedIn Campaign 07,Conversions,526.79,19015,13612,294,15,4,639.27,USD,2026-01-27 23:30:00
2026-01-28,LI-CAM-007,LinkedIn Ads,LI-ACC-001,LinkedIn Campaign 07,Conversions,488.03,15766,10043,299,16,3,367.49,USD,2026-01-28 23:30:00
2026-01-29,LI-CAM-007,LinkedIn Ads,LI-ACC-001,LinkedIn Campaign 07,Conversions,429.73,10122,6476,81,4,3,327.99,USD,2026-01-29 23:30:00
2026-01-30,LI-CAM-007,LinkedIn Ads,LI-ACC-001,LinkedIn Campaign 07,Conversions,413.94,9653,8210,141,15,7,1141.15,USD,2026-01-30 23:30:00
2026-01-31,LI-CAM-007,LinkedIn Ads,LI-ACC-001,LinkedIn Campaign 07,Conversions,320.92,9637,6917,203,4,6,1444.1,USD,2026-01-31 23:30:00
2026-02-01,LI-CAM-007,LinkedIn Ads,LI-ACC-001,LinkedIn Campaign 07,Conversions,484.67,12090,7941,192,12,10,1807.48,USD,2026-02-01 23:30:00
2026-02-02,LI-CAM-007,LinkedIn Ads,LI-ACC-001,LinkedIn Campaign 07,Conversions,556.87,20734,13706,411,13,7,1408.68,USD,2026-02-02 23:30:00
2026-02-03,LI-CAM-007,LinkedIn Ads,LI-ACC-001,LinkedIn Campaign 07,Conversions,592.07,14457,8267,245,14,4,628.82,USD,2026-02-03 23:30:00
2026-02-04,LI-CAM-007,LinkedIn Ads,LI-ACC-001,LinkedIn Campaign 07,Conversions,411.58,9603,7950,137,6,0,0.0,USD,2026-02-04 23:30:00
2026-02-05,LI-CAM-007,LinkedIn Ads,LI-ACC-001,LinkedIn Campaign 07,Conversions,516.92,23971,20633,442,26,19,1953.09,USD,2026-02-05 23:30:00
2026-02-06,LI-CAM-007,LinkedIn Ads,LI-ACC-001,LinkedIn Campaign 07,Conversions,496.4,18377,11870,365,30,16,3020.57,USD,2026-02-06 23:30:00
2026-02-07,LI-CAM-007,LinkedIn Ads,LI-ACC-001,LinkedIn Campaign 07,Conversions,359.0,10172,5861,156,11,5,961.38,USD,2026-02-07 23:30:00
2026-02-08,LI-CAM-007,LinkedIn Ads,LI-ACC-001,LinkedIn Campaign 07,Conversions,445.47,14033,8610,204,15,5,896.52,USD,2026-02-08 23:30:00
2026-02-09,LI-CAM-007,LinkedIn Ads,LI-ACC-001,LinkedIn Campaign 07,Conversions,470.43,13954,11345,340,12,7,817.75,USD,2026-02-09 23:30:00
2026-02-10,LI-CAM-007,LinkedIn Ads,LI-ACC-001,LinkedIn Campaign 07,Conversions,542.16,20500,12974,418,32,18,3361.04,USD,2026-02-10 23:30:00
2026-02-11,LI-CAM-007,LinkedIn Ads,LI-ACC-001,LinkedIn Campaign 07,Conversions,627.41,28918,23392,514,23,13,3018.77,USD,2026-02-11 23:30:00
2026-02-12,LI-CAM-007,LinkedIn Ads,LI-ACC-001,LinkedIn Campaign 07,Conversions,509.71,20957,15128,281,22,10,2089.51,USD,2026-02-12 23:30:00
2026-02-13,LI-CAM-007,LinkedIn Ads,LI-ACC-001,LinkedIn Campaign 07,Conversions,399.61,13157,8373,140,8,4,469.69,USD,2026-02-13 23:30:00
2026-02-14,LI-CAM-007,LinkedIn Ads,LI-ACC-001,LinkedIn Campaign 07,Conversions,366.97,11004,6679,88,2,2,325.64,USD,2026-02-14 23:30:00
2026-02-15,LI-CAM-007,LinkedIn Ads,LI-ACC-001,LinkedIn Campaign 07,Conversions,538.04,14816,10848,353,17,6,816.19,USD,2026-02-15 23:30:00
2026-02-16,LI-CAM-007,LinkedIn Ads,LI-ACC-001,LinkedIn Campaign 07,Conversions,395.75,8860,7476,202,15,5,1132.62,USD,2026-02-16 23:30:00
2026-02-17,LI-CAM-007,LinkedIn Ads,LI-ACC-001,LinkedIn Campaign 07,Conversions,470.52,13458,8512,331,17,14,3952.43,USD,2026-02-17 23:30:00
2026-02-18,LI-CAM-007,LinkedIn Ads,LI-ACC-001,LinkedIn Campaign 07,Conversions,491.15,17096,11225,219,15,2,304.19,USD,2026-02-18 23:30:00
2026-02-19,LI-CAM-007,LinkedIn Ads,LI-ACC-001,LinkedIn Campaign 07,Conversions,568.09,22700,15353,221,20,12,3008.38,USD,2026-02-19 23:30:00
2026-02-20,LI-CAM-007,LinkedIn Ads,LI-ACC-001,LinkedIn Campaign 07,Conversions,438.82,10884,9582,114,16,6,972.96,USD,2026-02-20 23:30:00
2026-02-21,LI-CAM-007,LinkedIn Ads,LI-ACC-001,LinkedIn Campaign 07,Conversions,391.09,9717,5927,91,4,3,414.6,USD,2026-02-21 23:30:00
2026-02-22,LI-CAM-007,LinkedIn Ads,LI-ACC-001,LinkedIn Campaign 07,Conversions,398.62,10718,6377,159,13,9,1975.75,USD,2026-02-22 23:30:00
2026-02-23,LI-CAM-007,LinkedIn Ads,LI-ACC-001,LinkedIn Campaign 07,Conversions,491.46,19289,15995,404,38,25,5486.84,USD,2026-02-23 23:30:00
2026-02-24,LI-CAM-007,LinkedIn Ads,LI-ACC-001,LinkedIn Campaign 07,Conversions,523.17,12171,7560,207,17,9,1623.97,USD,2026-02-24 23:30:00
2026-02-25,LI-CAM-007,LinkedIn Ads,LI-ACC-001,LinkedIn Campaign 07,Conversions,446.66,12824,11472,258,7,4,1074.82,USD,2026-02-25 23:30:00
2026-02-26,LI-CAM-007,LinkedIn Ads,LI-ACC-001,LinkedIn Campaign 07,Conversions,426.48,20398,18237,304,30,7,1067.54,USD,2026-02-26 23:30:00
2026-02-27,LI-CAM-007,LinkedIn Ads,LI-ACC-001,LinkedIn Campaign 07,Conversions,507.59,15102,13405,367,16,5,974.35,USD,2026-02-27 23:30:00
2026-02-28,LI-CAM-007,LinkedIn Ads,LI-ACC-001,LinkedIn Campaign 07,Conversions,324.61,9055,5563,156,7,4,855.74,USD,2026-02-28 23:30:00
2026-03-01,LI-CAM-007,LinkedIn Ads,LI-ACC-001,LinkedIn Campaign 07,Conversions,381.22,11139,7481,228,9,4,609.09,USD,2026-03-01 23:30:00
2026-03-02,LI-CAM-007,LinkedIn Ads,LI-ACC-001,LinkedIn Campaign 07,Conversions,522.97,12843,10159,295,14,6,2015.38,USD,2026-03-02 23:30:00
2026-03-03,LI-CAM-007,LinkedIn Ads,LI-ACC-001,LinkedIn Campaign 07,Conversions,568.35,18465,16412,177,19,10,1527.46,USD,2026-03-03 23:30:00
2026-03-04,LI-CAM-007,LinkedIn Ads,LI-ACC-001,LinkedIn Campaign 07,Conversions,576.75,13330,11631,155,5,5,1571.87,USD,2026-03-04 23:30:00
2026-03-05,LI-CAM-007,LinkedIn Ads,LI-ACC-001,LinkedIn Campaign 07,Conversions,617.89,19676,11138,467,28,11,2938.49,USD,2026-03-05 23:30:00
2026-03-06,LI-CAM-007,LinkedIn Ads,LI-ACC-001,LinkedIn Campaign 07,Conversions,396.71,14230,12207,304,22,10,2586.83,USD,2026-03-06 23:30:00
2026-03-07,LI-CAM-007,LinkedIn Ads,LI-ACC-001,LinkedIn Campaign 07,Conversions,540.32,20476,12854,370,26,11,1457.48,USD,2026-03-07 23:30:00
2026-03-08,LI-CAM-007,LinkedIn Ads,LI-ACC-001,LinkedIn Campaign 07,Conversions,478.03,20605,13874,299,14,7,1916.82,USD,2026-03-08 23:30:00
2026-03-09,LI-CAM-007,LinkedIn Ads,LI-ACC-001,LinkedIn Campaign 07,Conversions,634.23,32048,25512,646,68,32,8288.02,USD,2026-03-09 23:30:00
2026-03-10,LI-CAM-007,LinkedIn Ads,LI-ACC-001,LinkedIn Campaign 07,Conversions,430.28,10141,7539,164,20,10,2013.62,USD,2026-03-10 23:30:00
2026-03-11,LI-CAM-007,LinkedIn Ads,LI-ACC-001,LinkedIn Campaign 07,Conversions,655.45,22421,12696,396,33,22,3328.33,USD,2026-03-11 23:30:00
2026-03-12,LI-CAM-007,LinkedIn Ads,LI-ACC-001,LinkedIn Campaign 07,Conversions,634.71,14471,12340,286,12,6,1519.5,USD,2026-03-12 23:30:00
2026-03-13,LI-CAM-007,LinkedIn Ads,LI-ACC-001,LinkedIn Campaign 07,Conversions,559.3,14093,9723,231,23,4,939.67,USD,2026-03-13 23:30:00
2026-03-14,LI-CAM-007,LinkedIn Ads,LI-ACC-001,LinkedIn Campaign 07,Conversions,461.62,10346,7186,222,22,9,1537.66,USD,2026-03-14 23:30:00
2026-03-15,LI-CAM-007,LinkedIn Ads,LI-ACC-001,LinkedIn Campaign 07,Conversions,394.66,11027,9867,233,23,8,1368.49,USD,2026-03-15 23:30:00
2026-03-16,LI-CAM-007,LinkedIn Ads,LI-ACC-001,LinkedIn Campaign 07,Conversions,635.69,19347,14377,193,4,2,235.86,USD,2026-03-16 23:30:00
2026-03-17,LI-CAM-007,LinkedIn Ads,LI-ACC-001,LinkedIn Campaign 07,Conversions,649.88,32449,21674,598,49,24,7316.1,USD,2026-03-17 23:30:00
2026-03-18,LI-CAM-007,LinkedIn Ads,LI-ACC-001,LinkedIn Campaign 07,Conversions,641.65,17044,11866,222,18,3,649.75,USD,2026-03-18 23:30:00
2026-03-19,LI-CAM-007,LinkedIn Ads,LI-ACC-001,LinkedIn Campaign 07,Conversions,636.91,17874,11284,444,36,10,1502.41,USD,2026-03-19 23:30:00
2026-03-20,LI-CAM-007,LinkedIn Ads,LI-ACC-001,LinkedIn Campaign 07,Conversions,486.94,16603,13479,222,12,9,1569.19,USD,2026-03-20 23:30:00
2026-03-21,LI-CAM-007,LinkedIn Ads,LI-ACC-001,LinkedIn Campaign 07,Conversions,332.26,13986,10304,207,12,7,977.95,USD,2026-03-21 23:30:00
2026-03-22,LI-CAM-007,LinkedIn Ads,LI-ACC-001,LinkedIn Campaign 07,Conversions,324.89,8445,6432,150,8,4,673.36,USD,2026-03-22 23:30:00
2026-03-23,LI-CAM-007,LinkedIn Ads,LI-ACC-001,LinkedIn Campaign 07,Conversions,495.57,11655,7799,96,4,2,493.86,USD,2026-03-23 23:30:00
2026-03-24,LI-CAM-007,LinkedIn Ads,LI-ACC-001,LinkedIn Campaign 07,Conversions,493.44,11510,8990,97,2,1,214.34,USD,2026-03-24 23:30:00
2026-03-25,LI-CAM-007,LinkedIn Ads,LI-ACC-001,LinkedIn Campaign 07,Conversions,600.23,15396,9627,140,2,2,516.69,USD,2026-03-25 23:30:00
2026-03-26,LI-CAM-007,LinkedIn Ads,LI-ACC-001,LinkedIn Campaign 07,Conversions,649.76,24281,20267,471,15,4,1139.78,USD,2026-03-26 23:30:00
2026-03-27,LI-CAM-007,LinkedIn Ads,LI-ACC-001,LinkedIn Campaign 07,Conversions,666.14,25872,16725,504,47,18,2459.45,USD,2026-03-27 23:30:00
2026-03-28,LI-CAM-007,LinkedIn Ads,LI-ACC-001,LinkedIn Campaign 07,Conversions,381.69,15691,12879,263,11,0,0.0,USD,2026-03-28 23:30:00
2026-03-29,LI-CAM-007,LinkedIn Ads,LI-ACC-001,LinkedIn Campaign 07,Conversions,492.25,26231,17358,325,41,16,2767.86,USD,2026-03-29 23:30:00
2026-03-30,LI-CAM-007,LinkedIn Ads,LI-ACC-001,LinkedIn Campaign 07,Conversions,502.5,18181,13172,252,12,11,1662.25,USD,2026-03-30 23:30:00
2026-03-31,LI-CAM-007,LinkedIn Ads,LI-ACC-001,LinkedIn Campaign 07,Conversions,583.85,15151,10798,267,17,6,1720.92,USD,2026-03-31 23:30:00
2026-04-01,LI-CAM-007,LinkedIn Ads,LI-ACC-001,LinkedIn Campaign 07,Conversions,451.24,23248,17559,462,23,9,1467.95,USD,2026-04-01 23:30:00
2026-04-02,LI-CAM-007,LinkedIn Ads,LI-ACC-001,LinkedIn Campaign 07,Conversions,640.6,18247,14417,420,38,9,1301.73,USD,2026-04-02 23:30:00
2026-04-03,LI-CAM-007,LinkedIn Ads,LI-ACC-001,LinkedIn Campaign 07,Conversions,576.47,15772,12160,373,26,9,970.08,USD,2026-04-03 23:30:00
2026-04-04,LI-CAM-007,LinkedIn Ads,LI-ACC-001,LinkedIn Campaign 07,Conversions,445.48,19646,16141,306,24,18,4565.2,USD,2026-04-04 23:30:00
2026-04-05,LI-CAM-007,LinkedIn Ads,LI-ACC-001,LinkedIn Campaign 07,Conversions,443.97,10556,5864,185,18,11,2881.77,USD,2026-04-05 23:30:00
2026-04-06,LI-CAM-007,LinkedIn Ads,LI-ACC-001,LinkedIn Campaign 07,Conversions,571.54,31149,23205,581,32,10,2470.43,USD,2026-04-06 23:30:00
2026-04-07,LI-CAM-007,LinkedIn Ads,LI-ACC-001,LinkedIn Campaign 07,Conversions,551.73,13537,10764,112,5,1,219.01,USD,2026-04-07 23:30:00
2026-04-08,LI-CAM-007,LinkedIn Ads,LI-ACC-001,LinkedIn Campaign 07,Conversions,552.6,14232,9813,225,12,8,1867.72,USD,2026-04-08 23:30:00
2026-04-09,LI-CAM-007,LinkedIn Ads,LI-ACC-001,LinkedIn Campaign 07,Conversions,609.0,22829,19214,261,7,4,1181.75,USD,2026-04-09 23:30:00
2026-04-10,LI-CAM-007,LinkedIn Ads,LI-ACC-001,LinkedIn Campaign 07,Conversions,628.08,21462,15343,434,28,11,1594.03,USD,2026-04-10 23:30:00
2026-04-11,LI-CAM-007,LinkedIn Ads,LI-ACC-001,LinkedIn Campaign 07,Conversions,486.03,13146,11046,112,2,3,960.7,USD,2026-04-11 23:30:00
2026-04-12,LI-CAM-007,LinkedIn Ads,LI-ACC-001,LinkedIn Campaign 07,Conversions,486.7,11453,6363,192,13,5,1486.07,USD,2026-04-12 23:30:00
2026-04-13,LI-CAM-007,LinkedIn Ads,LI-ACC-001,LinkedIn Campaign 07,Conversions,532.4,15576,10070,163,5,1,127.62,USD,2026-04-13 23:30:00
2026-04-14,LI-CAM-007,LinkedIn Ads,LI-ACC-001,LinkedIn Campaign 07,Conversions,640.28,18453,15234,336,38,15,2144.97,USD,2026-04-14 23:30:00
2026-04-15,LI-CAM-007,LinkedIn Ads,LI-ACC-001,LinkedIn Campaign 07,Conversions,536.27,12879,9026,313,22,18,4644.27,USD,2026-04-15 23:30:00
2026-04-16,LI-CAM-007,LinkedIn Ads,LI-ACC-001,LinkedIn Campaign 07,Conversions,640.51,18790,15241,437,33,11,3360.82,USD,2026-04-16 23:30:00
2026-04-17,LI-CAM-007,LinkedIn Ads,LI-ACC-001,LinkedIn Campaign 07,Conversions,477.51,21265,13154,256,10,7,1553.58,USD,2026-04-17 23:30:00
2026-04-18,LI-CAM-007,LinkedIn Ads,LI-ACC-001,LinkedIn Campaign 07,Conversions,414.63,12085,9458,211,14,7,1094.92,USD,2026-04-18 23:30:00
2026-04-19,LI-CAM-007,LinkedIn Ads,LI-ACC-001,LinkedIn Campaign 07,Conversions,489.78,16101,10510,284,8,3,550.69,USD,2026-04-19 23:30:00
2026-04-20,LI-CAM-007,LinkedIn Ads,LI-ACC-001,LinkedIn Campaign 07,Conversions,561.6,14589,11373,243,26,11,2597.56,USD,2026-04-20 23:30:00
2026-04-21,LI-CAM-007,LinkedIn Ads,LI-ACC-001,LinkedIn Campaign 07,Conversions,582.48,27669,20861,606,66,30,7400.35,USD,2026-04-21 23:30:00
2026-04-22,LI-CAM-007,LinkedIn Ads,LI-ACC-001,LinkedIn Campaign 07,Conversions,516.82,17514,14745,141,11,4,1196.87,USD,2026-04-22 23:30:00
2026-04-23,LI-CAM-007,LinkedIn Ads,LI-ACC-001,LinkedIn Campaign 07,Conversions,522.45,14295,11525,166,11,10,1372.42,USD,2026-04-23 23:30:00
2026-04-24,LI-CAM-007,LinkedIn Ads,LI-ACC-001,LinkedIn Campaign 07,Conversions,573.21,16035,13169,252,19,7,1887.28,USD,2026-04-24 23:30:00
2026-04-25,LI-CAM-007,LinkedIn Ads,LI-ACC-001,LinkedIn Campaign 07,Conversions,366.22,14753,11710,131,10,1,192.26,USD,2026-04-25 23:30:00
2026-04-26,LI-CAM-007,LinkedIn Ads,LI-ACC-001,LinkedIn Campaign 07,Conversions,421.87,9508,6053,109,6,2,408.06,USD,2026-04-26 23:30:00
2026-04-27,LI-CAM-007,LinkedIn Ads,LI-ACC-001,LinkedIn Campaign 07,Conversions,615.36,28367,20828,481,23,8,1427.61,USD,2026-04-27 23:30:00
2026-04-28,LI-CAM-007,LinkedIn Ads,LI-ACC-001,LinkedIn Campaign 07,Conversions,591.75,17112,15307,195,9,4,877.41,USD,2026-04-28 23:30:00
2026-04-29,LI-CAM-007,LinkedIn Ads,LI-ACC-001,LinkedIn Campaign 07,Conversions,598.37,27724,19423,570,32,24,8008.95,USD,2026-04-29 23:30:00
2026-04-30,LI-CAM-007,LinkedIn Ads,LI-ACC-001,LinkedIn Campaign 07,Conversions,504.38,26498,21790,501,23,11,2402.58,USD,2026-04-30 23:30:00
2026-05-01,LI-CAM-007,LinkedIn Ads,LI-ACC-001,LinkedIn Campaign 07,Conversions,675.27,22004,12457,453,41,16,3202.86,USD,2026-05-01 23:30:00
2026-05-02,LI-CAM-007,LinkedIn Ads,LI-ACC-001,LinkedIn Campaign 07,Conversions,425.59,20511,17161,265,17,9,964.93,USD,2026-05-02 23:30:00
2026-05-03,LI-CAM-007,LinkedIn Ads,LI-ACC-001,LinkedIn Campaign 07,Conversions,339.42,10433,5913,255,25,13,3917.82,USD,2026-05-03 23:30:00
2026-05-04,LI-CAM-007,LinkedIn Ads,LI-ACC-001,LinkedIn Campaign 07,Conversions,660.83,17807,14012,434,35,13,2437.73,USD,2026-05-04 23:30:00
2026-05-05,LI-CAM-007,LinkedIn Ads,LI-ACC-001,LinkedIn Campaign 07,Conversions,396.57,10744,6947,203,8,6,1396.52,USD,2026-05-05 23:30:00
2026-05-06,LI-CAM-007,LinkedIn Ads,LI-ACC-001,LinkedIn Campaign 07,Conversions,557.05,22454,13850,197,12,5,1152.57,USD,2026-05-06 23:30:00
2026-05-07,LI-CAM-007,LinkedIn Ads,LI-ACC-001,LinkedIn Campaign 07,Conversions,611.79,24651,16077,526,38,22,3728.52,USD,2026-05-07 23:30:00
2026-05-08,LI-CAM-007,LinkedIn Ads,LI-ACC-001,LinkedIn Campaign 07,Conversions,555.02,21032,17215,502,43,20,4737.33,USD,2026-05-08 23:30:00
2026-05-09,LI-CAM-007,LinkedIn Ads,LI-ACC-001,LinkedIn Campaign 07,Conversions,471.24,22454,18561,348,35,15,3882.2,USD,2026-05-09 23:30:00
2026-05-10,LI-CAM-007,LinkedIn Ads,LI-ACC-001,LinkedIn Campaign 07,Conversions,477.23,10792,7802,152,4,1,254.71,USD,2026-05-10 23:30:00
2026-05-11,LI-CAM-007,LinkedIn Ads,LI-ACC-001,LinkedIn Campaign 07,Conversions,488.9,12841,8652,150,15,12,1854.54,USD,2026-05-11 23:30:00
2026-05-12,LI-CAM-007,LinkedIn Ads,LI-ACC-001,LinkedIn Campaign 07,Conversions,616.33,14377,9741,240,24,11,2420.73,USD,2026-05-12 23:30:00
2026-05-13,LI-CAM-007,LinkedIn Ads,LI-ACC-001,LinkedIn Campaign 07,Conversions,449.66,13111,10787,199,6,3,872.63,USD,2026-05-13 23:30:00
2026-05-14,LI-CAM-007,LinkedIn Ads,LI-ACC-001,LinkedIn Campaign 07,Conversions,618.15,14420,8974,115,9,4,501.34,USD,2026-05-14 23:30:00
2026-05-15,LI-CAM-007,LinkedIn Ads,LI-ACC-001,LinkedIn Campaign 07,Conversions,541.49,20774,14922,204,5,2,363.01,USD,2026-05-15 23:30:00
2026-05-16,LI-CAM-007,LinkedIn Ads,LI-ACC-001,LinkedIn Campaign 07,Conversions,489.18,21343,17761,313,17,9,1210.14,USD,2026-05-16 23:30:00
2026-05-17,LI-CAM-007,LinkedIn Ads,LI-ACC-001,LinkedIn Campaign 07,Conversions,340.24,10421,8807,194,22,4,551.09,USD,2026-05-17 23:30:00
2026-05-18,LI-CAM-007,LinkedIn Ads,LI-ACC-001,LinkedIn Campaign 07,Conversions,500.28,18033,12714,359,31,15,3418.57,USD,2026-05-18 23:30:00
2026-05-19,LI-CAM-007,LinkedIn Ads,LI-ACC-001,LinkedIn Campaign 07,Conversions,528.04,13754,8054,182,14,1,193.12,USD,2026-05-19 23:30:00
2026-05-20,LI-CAM-007,LinkedIn Ads,LI-ACC-001,LinkedIn Campaign 07,Conversions,655.82,17035,14269,221,6,5,1612.48,USD,2026-05-20 23:30:00
2026-05-21,LI-CAM-007,LinkedIn Ads,LI-ACC-001,LinkedIn Campaign 07,Conversions,572.29,15639,13745,173,7,3,638.1,USD,2026-05-21 23:30:00
2026-05-22,LI-CAM-007,LinkedIn Ads,LI-ACC-001,LinkedIn Campaign 07,Conversions,425.49,14677,11490,249,17,12,2006.42,USD,2026-05-22 23:30:00
2026-05-23,LI-CAM-007,LinkedIn Ads,LI-ACC-001,LinkedIn Campaign 07,Conversions,356.95,9649,6206,81,8,6,1798.71,USD,2026-05-23 23:30:00
2026-05-24,LI-CAM-007,LinkedIn Ads,LI-ACC-001,LinkedIn Campaign 07,Conversions,352.6,15646,9007,366,13,14,4713.56,USD,2026-05-24 23:30:00
2026-05-25,LI-CAM-007,LinkedIn Ads,LI-ACC-001,LinkedIn Campaign 07,Conversions,568.3,18656,12049,427,41,20,4128.05,USD,2026-05-25 23:30:00
2026-05-26,LI-CAM-007,LinkedIn Ads,LI-ACC-001,LinkedIn Campaign 07,Conversions,444.7,17938,14165,251,7,6,1180.76,USD,2026-05-26 23:30:00
2026-05-27,LI-CAM-007,LinkedIn Ads,LI-ACC-001,LinkedIn Campaign 07,Conversions,460.86,10462,6803,217,9,7,1666.28,USD,2026-05-27 23:30:00
2026-05-28,LI-CAM-007,LinkedIn Ads,LI-ACC-001,LinkedIn Campaign 07,Conversions,493.64,17063,12090,158,16,5,1382.59,USD,2026-05-28 23:30:00
2026-05-29,LI-CAM-007,LinkedIn Ads,LI-ACC-001,LinkedIn Campaign 07,Conversions,657.86,17931,14685,196,7,5,1154.94,USD,2026-05-29 23:30:00
2026-05-30,LI-CAM-007,LinkedIn Ads,LI-ACC-001,LinkedIn Campaign 07,Conversions,430.25,20673,14109,299,11,4,614.35,USD,2026-05-30 23:30:00
2026-05-31,LI-CAM-007,LinkedIn Ads,LI-ACC-001,LinkedIn Campaign 07,Conversions,469.52,11684,6533,278,17,11,3063.48,USD,2026-05-31 23:30:00
2026-06-01,LI-CAM-007,LinkedIn Ads,LI-ACC-001,LinkedIn Campaign 07,Conversions,551.47,14028,11717,204,19,11,2631.83,USD,2026-06-01 23:30:00
2026-06-02,LI-CAM-007,LinkedIn Ads,LI-ACC-001,LinkedIn Campaign 07,Conversions,544.61,15958,13006,141,3,4,782.38,USD,2026-06-02 23:30:00
2026-06-03,LI-CAM-007,LinkedIn Ads,LI-ACC-001,LinkedIn Campaign 07,Conversions,668.13,16615,10180,288,19,19,2720.58,USD,2026-06-03 23:30:00
2026-06-04,LI-CAM-007,LinkedIn Ads,LI-ACC-001,LinkedIn Campaign 07,Conversions,447.05,12784,10154,143,11,1,151.78,USD,2026-06-04 23:30:00
2026-06-05,LI-CAM-007,LinkedIn Ads,LI-ACC-001,LinkedIn Campaign 07,Conversions,655.22,18382,12801,167,11,6,1242.95,USD,2026-06-05 23:30:00
2026-06-06,LI-CAM-007,LinkedIn Ads,LI-ACC-001,LinkedIn Campaign 07,Conversions,538.47,15401,11485,304,27,8,1425.82,USD,2026-06-06 23:30:00
2026-06-07,LI-CAM-007,LinkedIn Ads,LI-ACC-001,LinkedIn Campaign 07,Conversions,397.51,11664,7698,200,6,3,745.79,USD,2026-06-07 23:30:00
2026-06-08,LI-CAM-007,LinkedIn Ads,LI-ACC-001,LinkedIn Campaign 07,Conversions,550.13,25035,21832,549,28,18,3937.19,USD,2026-06-08 23:30:00
2026-06-09,LI-CAM-007,LinkedIn Ads,LI-ACC-001,LinkedIn Campaign 07,Conversions,417.22,16313,9607,406,22,7,830.82,USD,2026-06-09 23:30:00
2026-06-10,LI-CAM-007,LinkedIn Ads,LI-ACC-001,LinkedIn Campaign 07,Conversions,653.97,21923,14882,311,15,12,1943.93,USD,2026-06-10 23:30:00
2026-06-11,LI-CAM-007,LinkedIn Ads,LI-ACC-001,LinkedIn Campaign 07,Conversions,577.83,13452,9832,310,13,8,2064.41,USD,2026-06-11 23:30:00
2026-06-12,LI-CAM-007,LinkedIn Ads,LI-ACC-001,LinkedIn Campaign 07,Conversions,496.78,18402,10144,364,23,9,2494.71,USD,2026-06-12 23:30:00
2026-06-13,LI-CAM-007,LinkedIn Ads,LI-ACC-001,LinkedIn Campaign 07,Conversions,394.91,10370,7592,115,2,1,213.13,USD,2026-06-13 23:30:00
2026-06-14,LI-CAM-007,LinkedIn Ads,LI-ACC-001,LinkedIn Campaign 07,Conversions,451.33,11212,7534,201,18,9,1686.63,USD,2026-06-14 23:30:00
2026-06-15,LI-CAM-007,LinkedIn Ads,LI-ACC-001,LinkedIn Campaign 07,Conversions,557.36,15017,12670,184,4,4,681.16,USD,2026-06-15 23:30:00
2026-06-16,LI-CAM-007,LinkedIn Ads,LI-ACC-001,LinkedIn Campaign 07,Conversions,497.24,14552,8267,224,34,11,1728.31,USD,2026-06-16 23:30:00
2026-06-17,LI-CAM-007,LinkedIn Ads,LI-ACC-001,LinkedIn Campaign 07,Conversions,565.22,24840,21181,423,23,16,5224.4,USD,2026-06-17 23:30:00
2026-06-18,LI-CAM-007,LinkedIn Ads,LI-ACC-001,LinkedIn Campaign 07,Conversions,435.76,12869,9305,199,18,9,2124.19,USD,2026-06-18 23:30:00
2026-06-19,LI-CAM-007,LinkedIn Ads,LI-ACC-001,LinkedIn Campaign 07,Conversions,425.98,18299,12834,375,20,12,3279.9,USD,2026-06-19 23:30:00
2026-06-20,LI-CAM-007,LinkedIn Ads,LI-ACC-001,LinkedIn Campaign 07,Conversions,389.59,10730,8856,200,8,5,1209.76,USD,2026-06-20 23:30:00
2026-06-21,LI-CAM-007,LinkedIn Ads,LI-ACC-001,LinkedIn Campaign 07,Conversions,463.23,17381,12286,322,13,5,876.97,USD,2026-06-21 23:30:00
2026-06-22,LI-CAM-007,LinkedIn Ads,LI-ACC-001,LinkedIn Campaign 07,Conversions,535.14,14705,12077,292,12,7,1980.18,USD,2026-06-22 23:30:00
2026-06-23,LI-CAM-007,LinkedIn Ads,LI-ACC-001,LinkedIn Campaign 07,Conversions,489.69,15856,10931,188,18,4,900.25,USD,2026-06-23 23:30:00
2026-06-24,LI-CAM-007,LinkedIn Ads,LI-ACC-001,LinkedIn Campaign 07,Conversions,407.68,9126,8196,207,5,2,703.14,USD,2026-06-24 23:30:00
2026-06-25,LI-CAM-007,LinkedIn Ads,LI-ACC-001,LinkedIn Campaign 07,Conversions,662.14,16741,14274,280,28,11,1782.44,USD,2026-06-25 23:30:00
2026-06-26,LI-CAM-007,LinkedIn Ads,LI-ACC-001,LinkedIn Campaign 07,Conversions,441.34,10514,6948,197,17,8,2347.44,USD,2026-06-26 23:30:00
2026-06-27,LI-CAM-007,LinkedIn Ads,LI-ACC-001,LinkedIn Campaign 07,Conversions,352.08,10907,8139,217,20,11,1451.78,USD,2026-06-27 23:30:00
2026-06-28,LI-CAM-007,LinkedIn Ads,LI-ACC-001,LinkedIn Campaign 07,Conversions,329.23,7867,6643,84,3,2,485.39,USD,2026-06-28 23:30:00
2026-06-29,LI-CAM-007,LinkedIn Ads,LI-ACC-001,LinkedIn Campaign 07,Conversions,597.22,13715,11205,237,18,4,605.33,USD,2026-06-29 23:30:00
2026-06-30,LI-CAM-007,LinkedIn Ads,LI-ACC-001,LinkedIn Campaign 07,Conversions,497.18,16095,11738,239,7,3,671.91,USD,2026-06-30 23:30:00
2026-01-25,LI-CAM-008,LinkedIn Ads,LI-ACC-001,LinkedIn Campaign 08,Lead Generation,222.5,8072,6040,67,4,1,128.1,USD,2026-01-25 23:30:00
2026-01-26,LI-CAM-008,LinkedIn Ads,LI-ACC-001,LinkedIn Campaign 08,Lead Generation,249.54,11306,8482,279,21,13,2979.62,USD,2026-01-26 23:30:00
2026-01-27,LI-CAM-008,LinkedIn Ads,LI-ACC-001,LinkedIn Campaign 08,Lead Generation,231.93,9421,6611,180,12,4,1285.12,USD,2026-01-27 23:30:00
2026-01-28,LI-CAM-008,LinkedIn Ads,LI-ACC-001,LinkedIn Campaign 08,Lead Generation,200.74,7296,5790,92,1,2,574.51,USD,2026-01-28 23:30:00
2026-01-29,LI-CAM-008,LinkedIn Ads,LI-ACC-001,LinkedIn Campaign 08,Lead Generation,191.77,7658,5983,61,4,1,127.92,USD,2026-01-29 23:30:00
2026-01-30,LI-CAM-008,LinkedIn Ads,LI-ACC-001,LinkedIn Campaign 08,Lead Generation,268.24,7849,6710,182,9,2,294.38,USD,2026-01-30 23:30:00
2026-01-31,LI-CAM-008,LinkedIn Ads,LI-ACC-001,LinkedIn Campaign 08,Lead Generation,207.36,4718,4125,55,6,1,183.31,USD,2026-01-31 23:30:00
2026-02-01,LI-CAM-008,LinkedIn Ads,LI-ACC-001,LinkedIn Campaign 08,Lead Generation,163.05,5568,3156,52,2,1,325.7,USD,2026-02-01 23:30:00
2026-02-02,LI-CAM-008,LinkedIn Ads,LI-ACC-001,LinkedIn Campaign 08,Lead Generation,265.52,10128,7203,237,24,12,2753.72,USD,2026-02-02 23:30:00
2026-02-03,LI-CAM-008,LinkedIn Ads,LI-ACC-001,LinkedIn Campaign 08,Lead Generation,200.6,6467,3917,81,7,1,325.9,USD,2026-02-03 23:30:00
2026-02-04,LI-CAM-008,LinkedIn Ads,LI-ACC-001,LinkedIn Campaign 08,Lead Generation,194.02,4582,3738,74,4,3,851.02,USD,2026-02-04 23:30:00
2026-02-05,LI-CAM-008,LinkedIn Ads,LI-ACC-001,LinkedIn Campaign 08,Lead Generation,222.6,5169,3748,84,13,8,1615.0,USD,2026-02-05 23:30:00
2026-02-06,LI-CAM-008,LinkedIn Ads,LI-ACC-001,LinkedIn Campaign 08,Lead Generation,177.77,7873,5352,189,6,5,875.03,USD,2026-02-06 23:30:00
2026-02-07,LI-CAM-008,LinkedIn Ads,LI-ACC-001,LinkedIn Campaign 08,Lead Generation,166.58,7925,4667,192,11,1,135.25,USD,2026-02-07 23:30:00
2026-02-08,LI-CAM-008,LinkedIn Ads,LI-ACC-001,LinkedIn Campaign 08,Lead Generation,136.56,3270,2674,50,5,1,224.0,USD,2026-02-08 23:30:00
2026-02-09,LI-CAM-008,LinkedIn Ads,LI-ACC-001,LinkedIn Campaign 08,Lead Generation,215.2,9970,6334,153,6,6,1131.09,USD,2026-02-09 23:30:00
2026-02-10,LI-CAM-008,LinkedIn Ads,LI-ACC-001,LinkedIn Campaign 08,Lead Generation,280.9,13711,10009,333,13,4,610.0,USD,2026-02-10 23:30:00
2026-02-11,LI-CAM-008,LinkedIn Ads,LI-ACC-001,LinkedIn Campaign 08,Lead Generation,187.65,6480,3631,138,11,6,1306.63,USD,2026-02-11 23:30:00
2026-02-12,LI-CAM-008,LinkedIn Ads,LI-ACC-001,LinkedIn Campaign 08,Lead Generation,262.51,6467,3613,66,1,0,0.0,USD,2026-02-12 23:30:00
2026-02-13,LI-CAM-008,LinkedIn Ads,LI-ACC-001,LinkedIn Campaign 08,Lead Generation,274.85,12998,8231,312,9,5,1199.55,USD,2026-02-13 23:30:00
2026-02-14,LI-CAM-008,LinkedIn Ads,LI-ACC-001,LinkedIn Campaign 08,Lead Generation,141.96,3781,2722,71,5,3,792.13,USD,2026-02-14 23:30:00
2026-02-15,LI-CAM-008,LinkedIn Ads,LI-ACC-001,LinkedIn Campaign 08,Lead Generation,172.69,6470,4899,52,2,1,200.05,USD,2026-02-15 23:30:00
2026-02-16,LI-CAM-008,LinkedIn Ads,LI-ACC-001,LinkedIn Campaign 08,Lead Generation,232.52,6978,4123,160,12,7,788.28,USD,2026-02-16 23:30:00
2026-02-17,LI-CAM-008,LinkedIn Ads,LI-ACC-001,LinkedIn Campaign 08,Lead Generation,182.43,4074,2388,99,8,3,709.43,USD,2026-02-17 23:30:00
2026-02-18,LI-CAM-008,LinkedIn Ads,LI-ACC-001,LinkedIn Campaign 08,Lead Generation,270.72,7854,6530,147,9,2,313.42,USD,2026-02-18 23:30:00
2026-02-19,LI-CAM-008,LinkedIn Ads,LI-ACC-001,LinkedIn Campaign 08,Lead Generation,266.1,9282,6567,77,9,7,1493.1,USD,2026-02-19 23:30:00
2026-02-20,LI-CAM-008,LinkedIn Ads,LI-ACC-001,LinkedIn Campaign 08,Lead Generation,216.21,6026,3363,51,3,3,410.99,USD,2026-02-20 23:30:00
2026-02-21,LI-CAM-008,LinkedIn Ads,LI-ACC-001,LinkedIn Campaign 08,Lead Generation,207.32,5144,3098,55,1,1,166.06,USD,2026-02-21 23:30:00
2026-02-22,LI-CAM-008,LinkedIn Ads,LI-ACC-001,LinkedIn Campaign 08,Lead Generation,216.7,5229,3955,123,10,10,3205.07,USD,2026-02-22 23:30:00
2026-02-23,LI-CAM-008,LinkedIn Ads,LI-ACC-001,LinkedIn Campaign 08,Lead Generation,198.5,7387,4378,165,4,10,2200.58,USD,2026-02-23 23:30:00
2026-02-24,LI-CAM-008,LinkedIn Ads,LI-ACC-001,LinkedIn Campaign 08,Lead Generation,264.04,9080,6934,108,10,6,992.48,USD,2026-02-24 23:30:00
2026-02-25,LI-CAM-008,LinkedIn Ads,LI-ACC-001,LinkedIn Campaign 08,Lead Generation,256.63,6482,3622,117,9,2,471.5,USD,2026-02-25 23:30:00
2026-02-26,LI-CAM-008,LinkedIn Ads,LI-ACC-001,LinkedIn Campaign 08,Lead Generation,273.5,9329,5935,179,16,5,1355.5,USD,2026-02-26 23:30:00
2026-02-27,LI-CAM-008,LinkedIn Ads,LI-ACC-001,LinkedIn Campaign 08,Lead Generation,243.36,7378,6393,171,6,2,309.08,USD,2026-02-27 23:30:00
2026-02-28,LI-CAM-008,LinkedIn Ads,LI-ACC-001,LinkedIn Campaign 08,Lead Generation,194.09,6007,4761,118,5,2,552.0,USD,2026-02-28 23:30:00
2026-03-01,LI-CAM-008,LinkedIn Ads,LI-ACC-001,LinkedIn Campaign 08,Lead Generation,134.46,3160,2697,76,5,1,285.26,USD,2026-03-01 23:30:00
2026-03-02,LI-CAM-008,LinkedIn Ads,LI-ACC-001,LinkedIn Campaign 08,Lead Generation,262.37,8246,6295,156,9,4,1102.4,USD,2026-03-02 23:30:00
2026-03-03,LI-CAM-008,LinkedIn Ads,LI-ACC-001,LinkedIn Campaign 08,Lead Generation,195.52,5928,3674,116,8,3,358.42,USD,2026-03-03 23:30:00
2026-03-04,LI-CAM-008,LinkedIn Ads,LI-ACC-001,LinkedIn Campaign 08,Lead Generation,282.98,7307,5812,99,3,1,275.77,USD,2026-03-04 23:30:00
2026-03-05,LI-CAM-008,LinkedIn Ads,LI-ACC-001,LinkedIn Campaign 08,Lead Generation,219.06,5224,4269,122,14,6,1443.01,USD,2026-03-05 23:30:00
2026-03-06,LI-CAM-008,LinkedIn Ads,LI-ACC-001,LinkedIn Campaign 08,Lead Generation,179.25,7479,5815,156,6,3,723.65,USD,2026-03-06 23:30:00
2026-03-07,LI-CAM-008,LinkedIn Ads,LI-ACC-001,LinkedIn Campaign 08,Lead Generation,197.23,10063,8467,136,11,5,673.17,USD,2026-03-07 23:30:00
2026-03-08,LI-CAM-008,LinkedIn Ads,LI-ACC-001,LinkedIn Campaign 08,Lead Generation,213.86,4919,3575,120,6,1,272.85,USD,2026-03-08 23:30:00
2026-03-09,LI-CAM-008,LinkedIn Ads,LI-ACC-001,LinkedIn Campaign 08,Lead Generation,232.21,7185,4694,141,8,10,1120.53,USD,2026-03-09 23:30:00
2026-03-10,LI-CAM-008,LinkedIn Ads,LI-ACC-001,LinkedIn Campaign 08,Lead Generation,196.47,5883,3312,127,5,8,944.37,USD,2026-03-10 23:30:00
2026-03-11,LI-CAM-008,LinkedIn Ads,LI-ACC-001,LinkedIn Campaign 08,Lead Generation,283.49,6921,4972,113,13,14,3809.13,USD,2026-03-11 23:30:00
2026-03-12,LI-CAM-008,LinkedIn Ads,LI-ACC-001,LinkedIn Campaign 08,Lead Generation,272.44,8779,7165,172,9,3,409.45,USD,2026-03-12 23:30:00
2026-03-13,LI-CAM-008,LinkedIn Ads,LI-ACC-001,LinkedIn Campaign 08,Lead Generation,280.66,8720,5536,208,19,6,1056.33,USD,2026-03-13 23:30:00
2026-03-14,LI-CAM-008,LinkedIn Ads,LI-ACC-001,LinkedIn Campaign 08,Lead Generation,212.57,8653,6346,185,9,3,563.74,USD,2026-03-14 23:30:00
2026-03-15,LI-CAM-008,LinkedIn Ads,LI-ACC-001,LinkedIn Campaign 08,Lead Generation,148.37,8233,6452,92,5,2,374.04,USD,2026-03-15 23:30:00
2026-03-16,LI-CAM-008,LinkedIn Ads,LI-ACC-001,LinkedIn Campaign 08,Lead Generation,187.78,5073,4400,95,10,1,300.99,USD,2026-03-16 23:30:00
2026-03-17,LI-CAM-008,LinkedIn Ads,LI-ACC-001,LinkedIn Campaign 08,Lead Generation,256.51,8810,6347,136,12,4,1085.18,USD,2026-03-17 23:30:00
2026-03-18,LI-CAM-008,LinkedIn Ads,LI-ACC-001,LinkedIn Campaign 08,Lead Generation,168.13,9008,7281,201,5,5,928.98,USD,2026-03-18 23:30:00
2026-03-19,LI-CAM-008,LinkedIn Ads,LI-ACC-001,LinkedIn Campaign 08,Lead Generation,254.23,6808,3910,115,7,4,941.4,USD,2026-03-19 23:30:00
2026-03-20,LI-CAM-008,LinkedIn Ads,LI-ACC-001,LinkedIn Campaign 08,Lead Generation,265.43,8982,5406,171,10,5,1630.23,USD,2026-03-20 23:30:00
2026-03-21,LI-CAM-008,LinkedIn Ads,LI-ACC-001,LinkedIn Campaign 08,Lead Generation,134.91,5366,3022,62,6,2,258.98,USD,2026-03-21 23:30:00
2026-03-22,LI-CAM-008,LinkedIn Ads,LI-ACC-001,LinkedIn Campaign 08,Lead Generation,208.96,8391,5527,193,9,6,2041.18,USD,2026-03-22 23:30:00
2026-03-23,LI-CAM-008,LinkedIn Ads,LI-ACC-001,LinkedIn Campaign 08,Lead Generation,244.46,5503,3554,57,5,4,1155.27,USD,2026-03-23 23:30:00
2026-03-24,LI-CAM-008,LinkedIn Ads,LI-ACC-001,LinkedIn Campaign 08,Lead Generation,234.76,12133,10332,217,18,9,1757.24,USD,2026-03-24 23:30:00
2026-03-25,LI-CAM-008,LinkedIn Ads,LI-ACC-001,LinkedIn Campaign 08,Lead Generation,237.98,12554,7883,193,12,9,2644.44,USD,2026-03-25 23:30:00
2026-03-26,LI-CAM-008,LinkedIn Ads,LI-ACC-001,LinkedIn Campaign 08,Lead Generation,216.04,8971,6275,114,2,0,0.0,USD,2026-03-26 23:30:00
2026-03-27,LI-CAM-008,LinkedIn Ads,LI-ACC-001,LinkedIn Campaign 08,Lead Generation,215.31,7450,5748,93,7,4,815.35,USD,2026-03-27 23:30:00
2026-03-28,LI-CAM-008,LinkedIn Ads,LI-ACC-001,LinkedIn Campaign 08,Lead Generation,201.74,6606,4773,108,6,3,876.18,USD,2026-03-28 23:30:00
2026-03-29,LI-CAM-008,LinkedIn Ads,LI-ACC-001,LinkedIn Campaign 08,Lead Generation,159.27,4332,3666,71,6,2,665.14,USD,2026-03-29 23:30:00
2026-03-30,LI-CAM-008,LinkedIn Ads,LI-ACC-001,LinkedIn Campaign 08,Lead Generation,190.2,4536,3272,37,8,2,456.49,USD,2026-03-30 23:30:00
2026-03-31,LI-CAM-008,LinkedIn Ads,LI-ACC-001,LinkedIn Campaign 08,Lead Generation,226.99,8743,7064,71,3,4,1062.05,USD,2026-03-31 23:30:00
2026-04-01,LI-CAM-008,LinkedIn Ads,LI-ACC-001,LinkedIn Campaign 08,Lead Generation,216.26,11125,9211,252,23,12,3773.7,USD,2026-04-01 23:30:00
2026-04-02,LI-CAM-008,LinkedIn Ads,LI-ACC-001,LinkedIn Campaign 08,Lead Generation,170.52,4359,3832,61,9,2,403.25,USD,2026-04-02 23:30:00
2026-04-03,LI-CAM-008,LinkedIn Ads,LI-ACC-001,LinkedIn Campaign 08,Lead Generation,170.38,5049,2842,45,2,1,280.73,USD,2026-04-03 23:30:00
2026-04-04,LI-CAM-008,LinkedIn Ads,LI-ACC-001,LinkedIn Campaign 08,Lead Generation,199.21,5279,4735,70,7,5,1312.7,USD,2026-04-04 23:30:00
2026-04-05,LI-CAM-008,LinkedIn Ads,LI-ACC-001,LinkedIn Campaign 08,Lead Generation,216.35,11525,7435,285,13,4,829.63,USD,2026-04-05 23:30:00
2026-04-06,LI-CAM-008,LinkedIn Ads,LI-ACC-001,LinkedIn Campaign 08,Lead Generation,269.26,8223,5974,87,5,1,293.98,USD,2026-04-06 23:30:00
2026-04-07,LI-CAM-008,LinkedIn Ads,LI-ACC-001,LinkedIn Campaign 08,Lead Generation,242.35,7735,5502,192,19,5,1568.21,USD,2026-04-07 23:30:00
2026-04-08,LI-CAM-008,LinkedIn Ads,LI-ACC-001,LinkedIn Campaign 08,Lead Generation,243.55,6596,3656,72,2,2,467.53,USD,2026-04-08 23:30:00
2026-04-09,LI-CAM-008,LinkedIn Ads,LI-ACC-001,LinkedIn Campaign 08,Lead Generation,220.45,8612,7286,134,4,1,229.44,USD,2026-04-09 23:30:00
2026-04-10,LI-CAM-008,LinkedIn Ads,LI-ACC-001,LinkedIn Campaign 08,Lead Generation,244.92,11822,9933,230,17,11,1776.48,USD,2026-04-10 23:30:00
2026-04-11,LI-CAM-008,LinkedIn Ads,LI-ACC-001,LinkedIn Campaign 08,Lead Generation,215.72,4837,3861,82,0,3,848.42,USD,2026-04-11 23:30:00
2026-04-12,LI-CAM-008,LinkedIn Ads,LI-ACC-001,LinkedIn Campaign 08,Lead Generation,143.58,3829,3333,67,6,5,1406.89,USD,2026-04-12 23:30:00
2026-04-13,LI-CAM-008,LinkedIn Ads,LI-ACC-001,LinkedIn Campaign 08,Lead Generation,178.03,5027,4459,54,3,2,640.82,USD,2026-04-13 23:30:00
2026-04-14,LI-CAM-008,LinkedIn Ads,LI-ACC-001,LinkedIn Campaign 08,Lead Generation,210.5,11226,6491,263,32,12,3519.63,USD,2026-04-14 23:30:00
2026-04-15,LI-CAM-008,LinkedIn Ads,LI-ACC-001,LinkedIn Campaign 08,Lead Generation,248.22,9772,7595,154,10,8,1836.81,USD,2026-04-15 23:30:00
2026-04-16,LI-CAM-008,LinkedIn Ads,LI-ACC-001,LinkedIn Campaign 08,Lead Generation,187.65,7634,5963,124,11,4,1025.03,USD,2026-04-16 23:30:00
2026-04-17,LI-CAM-008,LinkedIn Ads,LI-ACC-001,LinkedIn Campaign 08,Lead Generation,199.81,7630,4817,142,4,5,963.27,USD,2026-04-17 23:30:00
2026-04-18,LI-CAM-008,LinkedIn Ads,LI-ACC-001,LinkedIn Campaign 08,Lead Generation,219.06,8201,4646,99,8,3,648.83,USD,2026-04-18 23:30:00
2026-04-19,LI-CAM-008,LinkedIn Ads,LI-ACC-001,LinkedIn Campaign 08,Lead Generation,205.52,6730,5597,65,5,1,171.14,USD,2026-04-19 23:30:00
2026-04-20,LI-CAM-008,LinkedIn Ads,LI-ACC-001,LinkedIn Campaign 08,Lead Generation,248.92,6152,3634,152,8,1,207.5,USD,2026-04-20 23:30:00
2026-04-21,LI-CAM-008,LinkedIn Ads,LI-ACC-001,LinkedIn Campaign 08,Lead Generation,179.43,5103,4511,64,3,1,209.39,USD,2026-04-21 23:30:00
2026-04-22,LI-CAM-008,LinkedIn Ads,LI-ACC-001,LinkedIn Campaign 08,Lead Generation,193.98,5423,4659,120,10,14,2954.42,USD,2026-04-22 23:30:00
2026-04-23,LI-CAM-008,LinkedIn Ads,LI-ACC-001,LinkedIn Campaign 08,Lead Generation,180.44,6695,4001,115,9,8,1198.06,USD,2026-04-23 23:30:00
2026-04-24,LI-CAM-008,LinkedIn Ads,LI-ACC-001,LinkedIn Campaign 08,Lead Generation,215.14,6304,3496,90,2,1,289.35,USD,2026-04-24 23:30:00
2026-04-25,LI-CAM-008,LinkedIn Ads,LI-ACC-001,LinkedIn Campaign 08,Lead Generation,197.33,10809,9587,189,16,7,1076.07,USD,2026-04-25 23:30:00
2026-04-26,LI-CAM-008,LinkedIn Ads,LI-ACC-001,LinkedIn Campaign 08,Lead Generation,217.49,8810,5447,219,13,6,735.96,USD,2026-04-26 23:30:00
2026-04-27,LI-CAM-008,LinkedIn Ads,LI-ACC-001,LinkedIn Campaign 08,Lead Generation,278.02,10571,6363,240,8,7,1568.62,USD,2026-04-27 23:30:00
2026-04-28,LI-CAM-008,LinkedIn Ads,LI-ACC-001,LinkedIn Campaign 08,Lead Generation,206.25,5052,3356,119,5,5,746.0,USD,2026-04-28 23:30:00
2026-04-29,LI-CAM-008,LinkedIn Ads,LI-ACC-001,LinkedIn Campaign 08,Lead Generation,229.35,6414,4079,62,5,5,872.18,USD,2026-04-29 23:30:00
2026-04-30,LI-CAM-008,LinkedIn Ads,LI-ACC-001,LinkedIn Campaign 08,Lead Generation,277.02,7466,6227,143,11,5,1462.45,USD,2026-04-30 23:30:00
2026-05-01,LI-CAM-008,LinkedIn Ads,LI-ACC-001,LinkedIn Campaign 08,Lead Generation,169.93,5596,4187,132,12,8,1523.22,USD,2026-05-01 23:30:00
2026-05-02,LI-CAM-008,LinkedIn Ads,LI-ACC-001,LinkedIn Campaign 08,Lead Generation,155.42,4329,2395,79,4,1,329.89,USD,2026-05-02 23:30:00
2026-05-03,LI-CAM-008,LinkedIn Ads,LI-ACC-001,LinkedIn Campaign 08,Lead Generation,199.77,4494,2646,38,3,0,0.0,USD,2026-05-03 23:30:00
2026-05-04,LI-CAM-008,LinkedIn Ads,LI-ACC-001,LinkedIn Campaign 08,Lead Generation,253.24,6141,5010,99,4,5,1626.97,USD,2026-05-04 23:30:00
2026-05-05,LI-CAM-008,LinkedIn Ads,LI-ACC-001,LinkedIn Campaign 08,Lead Generation,270.92,10154,7797,193,21,6,953.09,USD,2026-05-05 23:30:00
2026-05-06,LI-CAM-008,LinkedIn Ads,LI-ACC-001,LinkedIn Campaign 08,Lead Generation,249.65,13616,10479,161,18,9,2344.07,USD,2026-05-06 23:30:00
2026-05-07,LI-CAM-008,LinkedIn Ads,LI-ACC-001,LinkedIn Campaign 08,Lead Generation,217.0,8110,5064,83,4,2,581.43,USD,2026-05-07 23:30:00
2026-05-08,LI-CAM-008,LinkedIn Ads,LI-ACC-001,LinkedIn Campaign 08,Lead Generation,266.66,6499,5526,127,4,0,0.0,USD,2026-05-08 23:30:00
2026-05-09,LI-CAM-008,LinkedIn Ads,LI-ACC-001,LinkedIn Campaign 08,Lead Generation,147.09,3777,3004,49,2,3,814.82,USD,2026-05-09 23:30:00
2026-05-10,LI-CAM-008,LinkedIn Ads,LI-ACC-001,LinkedIn Campaign 08,Lead Generation,218.76,5800,5110,71,2,3,662.71,USD,2026-05-10 23:30:00
2026-05-11,LI-CAM-008,LinkedIn Ads,LI-ACC-001,LinkedIn Campaign 08,Lead Generation,166.22,4924,4058,72,2,2,348.77,USD,2026-05-11 23:30:00
2026-05-12,LI-CAM-008,LinkedIn Ads,LI-ACC-001,LinkedIn Campaign 08,Lead Generation,278.44,8390,6996,95,8,0,0.0,USD,2026-05-12 23:30:00
2026-05-13,LI-CAM-008,LinkedIn Ads,LI-ACC-001,LinkedIn Campaign 08,Lead Generation,176.72,4369,3709,81,5,2,532.45,USD,2026-05-13 23:30:00
2026-05-14,LI-CAM-008,LinkedIn Ads,LI-ACC-001,LinkedIn Campaign 08,Lead Generation,269.39,6895,5827,132,9,3,630.71,USD,2026-05-14 23:30:00
2026-05-15,LI-CAM-008,LinkedIn Ads,LI-ACC-001,LinkedIn Campaign 08,Lead Generation,282.47,8899,5509,98,12,6,1058.21,USD,2026-05-15 23:30:00
2026-05-16,LI-CAM-008,LinkedIn Ads,LI-ACC-001,LinkedIn Campaign 08,Lead Generation,192.39,4408,2965,106,9,1,152.65,USD,2026-05-16 23:30:00
2026-05-17,LI-CAM-008,LinkedIn Ads,LI-ACC-001,LinkedIn Campaign 08,Lead Generation,137.88,3617,2921,32,2,2,264.0,USD,2026-05-17 23:30:00
2026-05-18,LI-CAM-008,LinkedIn Ads,LI-ACC-001,LinkedIn Campaign 08,Lead Generation,217.41,7834,4989,71,4,0,0.0,USD,2026-05-18 23:30:00
2026-05-19,LI-CAM-008,LinkedIn Ads,LI-ACC-001,LinkedIn Campaign 08,Lead Generation,244.88,7871,6123,132,11,5,703.63,USD,2026-05-19 23:30:00
2026-05-20,LI-CAM-008,LinkedIn Ads,LI-ACC-001,LinkedIn Campaign 08,Lead Generation,197.97,6004,4626,48,4,2,599.28,USD,2026-05-20 23:30:00
2026-05-21,LI-CAM-008,LinkedIn Ads,LI-ACC-001,LinkedIn Campaign 08,Lead Generation,257.15,6268,4483,93,12,2,465.03,USD,2026-05-21 23:30:00
2026-05-22,LI-CAM-008,LinkedIn Ads,LI-ACC-001,LinkedIn Campaign 08,Lead Generation,220.66,7984,4644,75,5,3,557.95,USD,2026-05-22 23:30:00
2026-05-23,LI-CAM-008,LinkedIn Ads,LI-ACC-001,LinkedIn Campaign 08,Lead Generation,154.2,4991,4318,110,6,3,952.31,USD,2026-05-23 23:30:00
2026-05-24,LI-CAM-008,LinkedIn Ads,LI-ACC-001,LinkedIn Campaign 08,Lead Generation,187.52,4373,3684,80,5,3,1060.08,USD,2026-05-24 23:30:00
2026-05-25,LI-CAM-008,LinkedIn Ads,LI-ACC-001,LinkedIn Campaign 08,Lead Generation,215.69,6288,4834,67,3,4,1187.64,USD,2026-05-25 23:30:00
2026-05-26,LI-CAM-008,LinkedIn Ads,LI-ACC-001,LinkedIn Campaign 08,Lead Generation,208.41,11189,9079,246,22,13,3990.51,USD,2026-05-26 23:30:00
2026-05-27,LI-CAM-008,LinkedIn Ads,LI-ACC-001,LinkedIn Campaign 08,Lead Generation,175.08,9472,7923,139,5,5,738.07,USD,2026-05-27 23:30:00
2026-05-28,LI-CAM-008,LinkedIn Ads,LI-ACC-001,LinkedIn Campaign 08,Lead Generation,205.31,11354,9312,99,7,1,229.22,USD,2026-05-28 23:30:00
2026-05-29,LI-CAM-008,LinkedIn Ads,LI-ACC-001,LinkedIn Campaign 08,Lead Generation,228.63,9217,7291,124,12,7,1419.79,USD,2026-05-29 23:30:00
2026-05-30,LI-CAM-008,LinkedIn Ads,LI-ACC-001,LinkedIn Campaign 08,Lead Generation,200.2,6900,4812,148,10,4,1258.9,USD,2026-05-30 23:30:00
2026-05-31,LI-CAM-008,LinkedIn Ads,LI-ACC-001,LinkedIn Campaign 08,Lead Generation,206.88,11465,6802,163,2,1,309.54,USD,2026-05-31 23:30:00
2026-06-01,LI-CAM-008,LinkedIn Ads,LI-ACC-001,LinkedIn Campaign 08,Lead Generation,192.72,5339,3212,114,8,4,921.34,USD,2026-06-01 23:30:00
2026-06-02,LI-CAM-008,LinkedIn Ads,LI-ACC-001,LinkedIn Campaign 08,Lead Generation,264.47,13346,9924,137,3,0,0.0,USD,2026-06-02 23:30:00
2026-06-03,LI-CAM-008,LinkedIn Ads,LI-ACC-001,LinkedIn Campaign 08,Lead Generation,191.07,4950,3198,117,10,4,629.45,USD,2026-06-03 23:30:00
2026-06-04,LI-CAM-008,LinkedIn Ads,LI-ACC-001,LinkedIn Campaign 08,Lead Generation,268.6,12429,11011,121,8,4,879.32,USD,2026-06-04 23:30:00
2026-06-05,LI-CAM-008,LinkedIn Ads,LI-ACC-001,LinkedIn Campaign 08,Lead Generation,261.62,6389,5277,140,13,5,786.31,USD,2026-06-05 23:30:00
2026-06-06,LI-CAM-008,LinkedIn Ads,LI-ACC-001,LinkedIn Campaign 08,Lead Generation,161.71,4855,3901,114,4,0,0.0,USD,2026-06-06 23:30:00
2026-06-07,LI-CAM-008,LinkedIn Ads,LI-ACC-001,LinkedIn Campaign 08,Lead Generation,145.14,4969,3178,99,3,1,149.85,USD,2026-06-07 23:30:00
2026-06-08,LI-CAM-008,LinkedIn Ads,LI-ACC-001,LinkedIn Campaign 08,Lead Generation,207.08,7596,5009,67,7,4,515.79,USD,2026-06-08 23:30:00
2026-06-09,LI-CAM-008,LinkedIn Ads,LI-ACC-001,LinkedIn Campaign 08,Lead Generation,265.15,5968,5332,96,5,1,147.13,USD,2026-06-09 23:30:00
2026-06-10,LI-CAM-008,LinkedIn Ads,LI-ACC-001,LinkedIn Campaign 08,Lead Generation,212.17,9894,8232,160,7,4,1005.11,USD,2026-06-10 23:30:00
2026-06-11,LI-CAM-008,LinkedIn Ads,LI-ACC-001,LinkedIn Campaign 08,Lead Generation,210.9,6722,4867,156,10,2,290.65,USD,2026-06-11 23:30:00
2026-06-12,LI-CAM-008,LinkedIn Ads,LI-ACC-001,LinkedIn Campaign 08,Lead Generation,181.95,4633,3895,47,5,6,1195.94,USD,2026-06-12 23:30:00
2026-06-13,LI-CAM-008,LinkedIn Ads,LI-ACC-001,LinkedIn Campaign 08,Lead Generation,222.87,8185,4571,130,18,9,2288.16,USD,2026-06-13 23:30:00
2026-06-14,LI-CAM-008,LinkedIn Ads,LI-ACC-001,LinkedIn Campaign 08,Lead Generation,204.05,6311,4558,126,7,6,959.54,USD,2026-06-14 23:30:00
2026-06-15,LI-CAM-008,LinkedIn Ads,LI-ACC-001,LinkedIn Campaign 08,Lead Generation,190.49,6396,4911,110,11,1,186.42,USD,2026-06-15 23:30:00
2026-06-16,LI-CAM-008,LinkedIn Ads,LI-ACC-001,LinkedIn Campaign 08,Lead Generation,239.84,8960,6206,165,6,6,902.95,USD,2026-06-16 23:30:00
2026-06-17,LI-CAM-008,LinkedIn Ads,LI-ACC-001,LinkedIn Campaign 08,Lead Generation,220.64,6786,5904,141,18,6,1456.61,USD,2026-06-17 23:30:00
2026-06-18,LI-CAM-008,LinkedIn Ads,LI-ACC-001,LinkedIn Campaign 08,Lead Generation,243.84,6103,3556,91,4,1,284.16,USD,2026-06-18 23:30:00
2026-06-19,LI-CAM-008,LinkedIn Ads,LI-ACC-001,LinkedIn Campaign 08,Lead Generation,184.55,7317,5106,64,5,0,0.0,USD,2026-06-19 23:30:00
2026-06-20,LI-CAM-008,LinkedIn Ads,LI-ACC-001,LinkedIn Campaign 08,Lead Generation,175.42,5280,4146,42,7,6,1376.26,USD,2026-06-20 23:30:00
2026-06-21,LI-CAM-008,LinkedIn Ads,LI-ACC-001,LinkedIn Campaign 08,Lead Generation,153.6,6472,4732,67,5,0,0.0,USD,2026-06-21 23:30:00
2026-06-22,LI-CAM-008,LinkedIn Ads,LI-ACC-001,LinkedIn Campaign 08,Lead Generation,246.44,6473,3847,119,4,1,254.28,USD,2026-06-22 23:30:00
2026-06-23,LI-CAM-008,LinkedIn Ads,LI-ACC-001,LinkedIn Campaign 08,Lead Generation,268.8,7059,4737,97,8,6,1715.38,USD,2026-06-23 23:30:00
2026-06-24,LI-CAM-008,LinkedIn Ads,LI-ACC-001,LinkedIn Campaign 08,Lead Generation,237.44,7406,4832,113,8,11,3081.91,USD,2026-06-24 23:30:00
2026-06-25,LI-CAM-008,LinkedIn Ads,LI-ACC-001,LinkedIn Campaign 08,Lead Generation,250.85,5614,4765,119,6,0,0.0,USD,2026-06-25 23:30:00
2026-06-26,LI-CAM-008,LinkedIn Ads,LI-ACC-001,LinkedIn Campaign 08,Lead Generation,231.21,5873,4011,80,3,3,908.18,USD,2026-06-26 23:30:00
2026-06-27,LI-CAM-008,LinkedIn Ads,LI-ACC-001,LinkedIn Campaign 08,Lead Generation,133.84,3664,2723,31,3,1,270.71,USD,2026-06-27 23:30:00
2026-06-28,LI-CAM-008,LinkedIn Ads,LI-ACC-001,LinkedIn Campaign 08,Lead Generation,190.46,7025,5135,85,5,4,1037.43,USD,2026-06-28 23:30:00
2026-02-10,LI-CAM-009,LinkedIn Ads,LI-ACC-001,LinkedIn Campaign 09,Conversions,1168.11,28396,20760,455,17,6,1025.25,USD,2026-02-10 23:30:00
2026-02-11,LI-CAM-009,LinkedIn Ads,LI-ACC-001,LinkedIn Campaign 09,Conversions,716.42,39539,26399,498,41,19,2872.38,USD,2026-02-11 23:30:00
2026-02-12,LI-CAM-009,LinkedIn Ads,LI-ACC-001,LinkedIn Campaign 09,Conversions,708.63,20741,15608,474,26,8,1977.68,USD,2026-02-12 23:30:00
2026-02-13,LI-CAM-009,LinkedIn Ads,LI-ACC-001,LinkedIn Campaign 09,Conversions,1088.62,48492,29625,778,38,27,3130.25,USD,2026-02-13 23:30:00
2026-02-14,LI-CAM-009,LinkedIn Ads,LI-ACC-001,LinkedIn Campaign 09,Conversions,875.93,23165,18899,257,12,3,545.43,USD,2026-02-14 23:30:00
2026-02-15,LI-CAM-009,LinkedIn Ads,LI-ACC-001,LinkedIn Campaign 09,Conversions,757.0,21450,13948,303,16,10,2530.61,USD,2026-02-15 23:30:00
2026-02-16,LI-CAM-009,LinkedIn Ads,LI-ACC-001,LinkedIn Campaign 09,Conversions,1116.43,49450,34224,1039,63,34,10206.53,USD,2026-02-16 23:30:00
2026-02-17,LI-CAM-009,LinkedIn Ads,LI-ACC-001,LinkedIn Campaign 09,Conversions,789.14,22103,14518,460,26,17,3984.81,USD,2026-02-17 23:30:00
2026-02-18,LI-CAM-009,LinkedIn Ads,LI-ACC-001,LinkedIn Campaign 09,Conversions,963.54,26117,15109,456,12,4,584.18,USD,2026-02-18 23:30:00
2026-02-19,LI-CAM-009,LinkedIn Ads,LI-ACC-001,LinkedIn Campaign 09,Conversions,930.52,27058,20937,449,21,10,1345.15,USD,2026-02-19 23:30:00
2026-02-20,LI-CAM-009,LinkedIn Ads,LI-ACC-001,LinkedIn Campaign 09,Conversions,1065.64,25325,20766,630,42,16,3258.9,USD,2026-02-20 23:30:00
2026-02-21,LI-CAM-009,LinkedIn Ads,LI-ACC-001,LinkedIn Campaign 09,Conversions,692.0,31824,23474,470,33,19,2460.01,USD,2026-02-21 23:30:00
2026-02-22,LI-CAM-009,LinkedIn Ads,LI-ACC-001,LinkedIn Campaign 09,Conversions,827.16,20599,13836,171,8,3,438.74,USD,2026-02-22 23:30:00
2026-02-23,LI-CAM-009,LinkedIn Ads,LI-ACC-001,LinkedIn Campaign 09,Conversions,768.7,29210,19024,412,23,11,3302.21,USD,2026-02-23 23:30:00
2026-02-24,LI-CAM-009,LinkedIn Ads,LI-ACC-001,LinkedIn Campaign 09,Conversions,783.26,19283,17176,376,33,18,5764.33,USD,2026-02-24 23:30:00
2026-02-25,LI-CAM-009,LinkedIn Ads,LI-ACC-001,LinkedIn Campaign 09,Conversions,829.43,32780,20774,374,27,18,3117.14,USD,2026-02-25 23:30:00
2026-02-26,LI-CAM-009,LinkedIn Ads,LI-ACC-001,LinkedIn Campaign 09,Conversions,832.3,20691,17690,171,19,12,3645.38,USD,2026-02-26 23:30:00
2026-02-27,LI-CAM-009,LinkedIn Ads,LI-ACC-001,LinkedIn Campaign 09,Conversions,923.3,38586,22391,596,30,21,3708.24,USD,2026-02-27 23:30:00
2026-02-28,LI-CAM-009,LinkedIn Ads,LI-ACC-001,LinkedIn Campaign 09,Conversions,855.56,38235,33926,494,40,10,1474.93,USD,2026-02-28 23:30:00
2026-03-01,LI-CAM-009,LinkedIn Ads,LI-ACC-001,LinkedIn Campaign 09,Conversions,596.99,14252,12567,139,8,5,1172.18,USD,2026-03-01 23:30:00
2026-03-02,LI-CAM-009,LinkedIn Ads,LI-ACC-001,LinkedIn Campaign 09,Conversions,907.25,22749,13270,436,26,10,2262.4,USD,2026-03-02 23:30:00
2026-03-03,LI-CAM-009,LinkedIn Ads,LI-ACC-001,LinkedIn Campaign 09,Conversions,846.91,22930,20464,312,7,7,1771.29,USD,2026-03-03 23:30:00
2026-03-04,LI-CAM-009,LinkedIn Ads,LI-ACC-001,LinkedIn Campaign 09,Conversions,821.0,38608,33474,700,20,10,2875.19,USD,2026-03-04 23:30:00
2026-03-05,LI-CAM-009,LinkedIn Ads,LI-ACC-001,LinkedIn Campaign 09,Conversions,1159.3,27941,20714,274,13,8,1762.04,USD,2026-03-05 23:30:00
2026-03-06,LI-CAM-009,LinkedIn Ads,LI-ACC-001,LinkedIn Campaign 09,Conversions,1152.67,32509,20786,441,24,8,1167.91,USD,2026-03-06 23:30:00
2026-03-07,LI-CAM-009,LinkedIn Ads,LI-ACC-001,LinkedIn Campaign 09,Conversions,578.32,30857,17937,726,60,34,6395.24,USD,2026-03-07 23:30:00
2026-03-08,LI-CAM-009,LinkedIn Ads,LI-ACC-001,LinkedIn Campaign 09,Conversions,777.44,27029,16999,251,23,10,2088.19,USD,2026-03-08 23:30:00
2026-03-09,LI-CAM-009,LinkedIn Ads,LI-ACC-001,LinkedIn Campaign 09,Conversions,1063.22,51518,30234,794,55,29,6743.22,USD,2026-03-09 23:30:00
2026-03-10,LI-CAM-009,LinkedIn Ads,LI-ACC-001,LinkedIn Campaign 09,Conversions,967.94,32551,21867,615,40,17,1848.85,USD,2026-03-10 23:30:00
2026-03-11,LI-CAM-009,LinkedIn Ads,LI-ACC-001,LinkedIn Campaign 09,Conversions,1052.8,36734,26236,680,50,28,7572.24,USD,2026-03-11 23:30:00
2026-03-12,LI-CAM-009,LinkedIn Ads,LI-ACC-001,LinkedIn Campaign 09,Conversions,962.31,33472,25027,387,39,20,5516.93,USD,2026-03-12 23:30:00
2026-03-13,LI-CAM-009,LinkedIn Ads,LI-ACC-001,LinkedIn Campaign 09,Conversions,920.58,20879,12631,427,25,13,2098.81,USD,2026-03-13 23:30:00
2026-03-14,LI-CAM-009,LinkedIn Ads,LI-ACC-001,LinkedIn Campaign 09,Conversions,794.85,21449,17747,196,7,3,323.01,USD,2026-03-14 23:30:00
2026-03-15,LI-CAM-009,LinkedIn Ads,LI-ACC-001,LinkedIn Campaign 09,Conversions,651.74,26532,17633,347,15,8,2431.03,USD,2026-03-15 23:30:00
2026-03-16,LI-CAM-009,LinkedIn Ads,LI-ACC-001,LinkedIn Campaign 09,Conversions,1165.6,29947,24766,722,52,37,7456.29,USD,2026-03-16 23:30:00
2026-03-17,LI-CAM-009,LinkedIn Ads,LI-ACC-001,LinkedIn Campaign 09,Conversions,810.07,23238,17577,534,47,27,4448.91,USD,2026-03-17 23:30:00
2026-03-18,LI-CAM-009,LinkedIn Ads,LI-ACC-001,LinkedIn Campaign 09,Conversions,806.14,39680,30005,457,31,22,2983.82,USD,2026-03-18 23:30:00
2026-03-19,LI-CAM-009,LinkedIn Ads,LI-ACC-001,LinkedIn Campaign 09,Conversions,981.93,35132,26516,730,45,24,4435.68,USD,2026-03-19 23:30:00
2026-03-20,LI-CAM-009,LinkedIn Ads,LI-ACC-001,LinkedIn Campaign 09,Conversions,963.0,41332,23557,956,71,46,13400.24,USD,2026-03-20 23:30:00
2026-03-21,LI-CAM-009,LinkedIn Ads,LI-ACC-001,LinkedIn Campaign 09,Conversions,797.93,32681,20221,587,14,9,1089.03,USD,2026-03-21 23:30:00
2026-03-22,LI-CAM-009,LinkedIn Ads,LI-ACC-001,LinkedIn Campaign 09,Conversions,888.76,37445,30986,462,26,20,4795.8,USD,2026-03-22 23:30:00
2026-03-23,LI-CAM-009,LinkedIn Ads,LI-ACC-001,LinkedIn Campaign 09,Conversions,980.62,24797,16914,205,23,9,2487.31,USD,2026-03-23 23:30:00
2026-03-24,LI-CAM-009,LinkedIn Ads,LI-ACC-001,LinkedIn Campaign 09,Conversions,810.57,26413,22595,330,24,14,3673.91,USD,2026-03-24 23:30:00
2026-03-25,LI-CAM-009,LinkedIn Ads,LI-ACC-001,LinkedIn Campaign 09,Conversions,933.17,32317,18015,464,38,20,5417.84,USD,2026-03-25 23:30:00
2026-03-26,LI-CAM-009,LinkedIn Ads,LI-ACC-001,LinkedIn Campaign 09,Conversions,927.23,28158,18871,288,28,12,3922.07,USD,2026-03-26 23:30:00
2026-03-27,LI-CAM-009,LinkedIn Ads,LI-ACC-001,LinkedIn Campaign 09,Conversions,1145.13,41999,36131,796,60,32,9141.68,USD,2026-03-27 23:30:00
2026-03-28,LI-CAM-009,LinkedIn Ads,LI-ACC-001,LinkedIn Campaign 09,Conversions,816.05,32973,18984,397,23,15,2007.58,USD,2026-03-28 23:30:00
2026-03-29,LI-CAM-009,LinkedIn Ads,LI-ACC-001,LinkedIn Campaign 09,Conversions,812.09,21827,14002,370,29,8,2254.67,USD,2026-03-29 23:30:00
2026-03-30,LI-CAM-009,LinkedIn Ads,LI-ACC-001,LinkedIn Campaign 09,Conversions,954.48,39805,34460,877,57,26,6075.43,USD,2026-03-30 23:30:00
2026-03-31,LI-CAM-009,LinkedIn Ads,LI-ACC-001,LinkedIn Campaign 09,Conversions,889.88,31215,18988,664,31,15,3789.62,USD,2026-03-31 23:30:00
2026-04-01,LI-CAM-009,LinkedIn Ads,LI-ACC-001,LinkedIn Campaign 09,Conversions,701.42,18053,11317,426,20,8,1723.1,USD,2026-04-01 23:30:00
2026-04-02,LI-CAM-009,LinkedIn Ads,LI-ACC-001,LinkedIn Campaign 09,Conversions,689.51,35058,27033,514,21,14,2453.03,USD,2026-04-02 23:30:00
2026-04-03,LI-CAM-009,LinkedIn Ads,LI-ACC-001,LinkedIn Campaign 09,Conversions,1151.02,32881,23382,300,23,9,2976.06,USD,2026-04-03 23:30:00
2026-04-04,LI-CAM-009,LinkedIn Ads,LI-ACC-001,LinkedIn Campaign 09,Conversions,705.74,23833,17716,414,47,16,2555.49,USD,2026-04-04 23:30:00
2026-04-05,LI-CAM-009,LinkedIn Ads,LI-ACC-001,LinkedIn Campaign 09,Conversions,583.38,17698,11193,277,19,5,1066.06,USD,2026-04-05 23:30:00
2026-04-06,LI-CAM-009,LinkedIn Ads,LI-ACC-001,LinkedIn Campaign 09,Conversions,697.08,32274,19894,657,42,23,3272.04,USD,2026-04-06 23:30:00
2026-04-07,LI-CAM-009,LinkedIn Ads,LI-ACC-001,LinkedIn Campaign 09,Conversions,800.95,25539,20186,376,14,5,845.86,USD,2026-04-07 23:30:00
2026-04-08,LI-CAM-009,LinkedIn Ads,LI-ACC-001,LinkedIn Campaign 09,Conversions,1024.58,26390,21069,227,16,9,1962.47,USD,2026-04-08 23:30:00
2026-04-09,LI-CAM-009,LinkedIn Ads,LI-ACC-001,LinkedIn Campaign 09,Conversions,800.75,30517,26123,591,22,5,1216.63,USD,2026-04-09 23:30:00
2026-04-10,LI-CAM-009,LinkedIn Ads,LI-ACC-001,LinkedIn Campaign 09,Conversions,1000.54,55458,41803,649,30,18,3692.88,USD,2026-04-10 23:30:00
2026-04-11,LI-CAM-009,LinkedIn Ads,LI-ACC-001,LinkedIn Campaign 09,Conversions,727.42,17645,15855,201,14,3,439.75,USD,2026-04-11 23:30:00
2026-04-12,LI-CAM-009,LinkedIn Ads,LI-ACC-001,LinkedIn Campaign 09,Conversions,557.37,22420,14563,231,13,7,894.01,USD,2026-04-12 23:30:00
2026-04-13,LI-CAM-009,LinkedIn Ads,LI-ACC-001,LinkedIn Campaign 09,Conversions,1015.8,23991,18547,400,34,21,4383.21,USD,2026-04-13 23:30:00
2026-04-14,LI-CAM-009,LinkedIn Ads,LI-ACC-001,LinkedIn Campaign 09,Conversions,688.82,19111,15386,384,28,8,2053.98,USD,2026-04-14 23:30:00
2026-04-15,LI-CAM-009,LinkedIn Ads,LI-ACC-001,LinkedIn Campaign 09,Conversions,977.16,31386,23562,401,26,6,624.41,USD,2026-04-15 23:30:00
2026-04-16,LI-CAM-009,LinkedIn Ads,LI-ACC-001,LinkedIn Campaign 09,Conversions,1059.76,30075,17692,643,18,9,1113.12,USD,2026-04-16 23:30:00
2026-04-17,LI-CAM-009,LinkedIn Ads,LI-ACC-001,LinkedIn Campaign 09,Conversions,795.23,27542,15641,633,48,31,6834.47,USD,2026-04-17 23:30:00
2026-04-18,LI-CAM-009,LinkedIn Ads,LI-ACC-001,LinkedIn Campaign 09,Conversions,708.02,16614,14385,234,13,2,394.03,USD,2026-04-18 23:30:00
2026-04-19,LI-CAM-009,LinkedIn Ads,LI-ACC-001,LinkedIn Campaign 09,Conversions,744.18,24382,17922,403,41,17,3686.47,USD,2026-04-19 23:30:00
2026-04-20,LI-CAM-009,LinkedIn Ads,LI-ACC-001,LinkedIn Campaign 09,Conversions,1143.23,28346,22001,426,18,13,3172.74,USD,2026-04-20 23:30:00
2026-04-21,LI-CAM-009,LinkedIn Ads,LI-ACC-001,LinkedIn Campaign 09,Conversions,1101.8,47347,29493,582,33,26,6070.82,USD,2026-04-21 23:30:00
2026-04-22,LI-CAM-009,LinkedIn Ads,LI-ACC-001,LinkedIn Campaign 09,Conversions,887.42,23361,17268,282,21,17,3908.7,USD,2026-04-22 23:30:00
2026-04-23,LI-CAM-009,LinkedIn Ads,LI-ACC-001,LinkedIn Campaign 09,Conversions,740.97,32015,19586,346,29,21,4948.2,USD,2026-04-23 23:30:00
2026-04-24,LI-CAM-009,LinkedIn Ads,LI-ACC-001,LinkedIn Campaign 09,Conversions,703.51,26754,19552,336,17,14,4062.73,USD,2026-04-24 23:30:00
2026-04-25,LI-CAM-009,LinkedIn Ads,LI-ACC-001,LinkedIn Campaign 09,Conversions,890.86,20844,17052,310,20,9,1501.91,USD,2026-04-25 23:30:00
2026-04-26,LI-CAM-009,LinkedIn Ads,LI-ACC-001,LinkedIn Campaign 09,Conversions,808.61,39405,32673,447,31,29,6713.72,USD,2026-04-26 23:30:00
2026-04-27,LI-CAM-009,LinkedIn Ads,LI-ACC-001,LinkedIn Campaign 09,Conversions,963.49,31516,23003,651,30,18,2157.85,USD,2026-04-27 23:30:00
2026-04-28,LI-CAM-009,LinkedIn Ads,LI-ACC-001,LinkedIn Campaign 09,Conversions,986.82,23564,19907,380,14,10,3029.67,USD,2026-04-28 23:30:00
2026-04-29,LI-CAM-009,LinkedIn Ads,LI-ACC-001,LinkedIn Campaign 09,Conversions,945.63,30317,20397,502,21,9,3000.59,USD,2026-04-29 23:30:00
2026-04-30,LI-CAM-009,LinkedIn Ads,LI-ACC-001,LinkedIn Campaign 09,Conversions,800.23,37455,22032,664,50,33,5205.6,USD,2026-04-30 23:30:00
2026-05-01,LI-CAM-009,LinkedIn Ads,LI-ACC-001,LinkedIn Campaign 09,Conversions,761.62,27715,24573,639,45,28,5165.09,USD,2026-05-01 23:30:00
2026-05-02,LI-CAM-009,LinkedIn Ads,LI-ACC-001,LinkedIn Campaign 09,Conversions,682.39,36845,26780,444,28,14,2117.59,USD,2026-05-02 23:30:00
2026-05-03,LI-CAM-009,LinkedIn Ads,LI-ACC-001,LinkedIn Campaign 09,Conversions,658.54,15170,9282,159,8,5,1105.61,USD,2026-05-03 23:30:00
2026-05-04,LI-CAM-009,LinkedIn Ads,LI-ACC-001,LinkedIn Campaign 09,Conversions,794.74,40370,34834,941,44,14,2680.08,USD,2026-05-04 23:30:00
2026-05-05,LI-CAM-009,LinkedIn Ads,LI-ACC-001,LinkedIn Campaign 09,Conversions,917.28,20646,12285,317,15,10,1686.78,USD,2026-05-05 23:30:00
2026-05-06,LI-CAM-009,LinkedIn Ads,LI-ACC-001,LinkedIn Campaign 09,Conversions,1040.56,27465,22003,427,27,19,4558.64,USD,2026-05-06 23:30:00
2026-05-07,LI-CAM-009,LinkedIn Ads,LI-ACC-001,LinkedIn Campaign 09,Conversions,1034.71,47383,40475,747,29,12,2171.08,USD,2026-05-07 23:30:00
2026-05-08,LI-CAM-009,LinkedIn Ads,LI-ACC-001,LinkedIn Campaign 09,Conversions,1070.18,23935,16938,341,12,8,1202.91,USD,2026-05-08 23:30:00
2026-05-09,LI-CAM-009,LinkedIn Ads,LI-ACC-001,LinkedIn Campaign 09,Conversions,754.11,24655,16178,308,28,5,1561.39,USD,2026-05-09 23:30:00
2026-05-10,LI-CAM-009,LinkedIn Ads,LI-ACC-001,LinkedIn Campaign 09,Conversions,560.8,18835,13613,367,17,9,1293.7,USD,2026-05-10 23:30:00
2026-05-11,LI-CAM-009,LinkedIn Ads,LI-ACC-001,LinkedIn Campaign 09,Conversions,1066.39,49734,32095,746,34,26,6177.6,USD,2026-05-11 23:30:00
2026-05-12,LI-CAM-009,LinkedIn Ads,LI-ACC-001,LinkedIn Campaign 09,Conversions,825.25,44349,28444,548,36,22,4029.76,USD,2026-05-12 23:30:00
2026-05-13,LI-CAM-009,LinkedIn Ads,LI-ACC-001,LinkedIn Campaign 09,Conversions,1156.48,45961,25319,500,23,13,2618.4,USD,2026-05-13 23:30:00
2026-05-14,LI-CAM-009,LinkedIn Ads,LI-ACC-001,LinkedIn Campaign 09,Conversions,859.16,21737,13399,355,9,6,1161.89,USD,2026-05-14 23:30:00
2026-05-15,LI-CAM-009,LinkedIn Ads,LI-ACC-001,LinkedIn Campaign 09,Conversions,999.7,34676,27575,787,73,35,5549.51,USD,2026-05-15 23:30:00
2026-05-16,LI-CAM-009,LinkedIn Ads,LI-ACC-001,LinkedIn Campaign 09,Conversions,691.49,27382,18906,530,21,22,6292.04,USD,2026-05-16 23:30:00
2026-05-17,LI-CAM-009,LinkedIn Ads,LI-ACC-001,LinkedIn Campaign 09,Conversions,555.38,18167,12614,433,21,17,4398.58,USD,2026-05-17 23:30:00
2026-05-18,LI-CAM-009,LinkedIn Ads,LI-ACC-001,LinkedIn Campaign 09,Conversions,842.79,43381,36712,360,8,9,2855.63,USD,2026-05-18 23:30:00
2026-05-19,LI-CAM-009,LinkedIn Ads,LI-ACC-001,LinkedIn Campaign 09,Conversions,1059.82,39968,25051,692,14,5,1508.08,USD,2026-05-19 23:30:00
2026-05-20,LI-CAM-009,LinkedIn Ads,LI-ACC-001,LinkedIn Campaign 09,Conversions,998.1,37597,26189,906,62,28,5070.2,USD,2026-05-20 23:30:00
2026-05-21,LI-CAM-009,LinkedIn Ads,LI-ACC-001,LinkedIn Campaign 09,Conversions,1165.35,39696,22397,786,51,23,8190.05,USD,2026-05-21 23:30:00
2026-05-22,LI-CAM-009,LinkedIn Ads,LI-ACC-001,LinkedIn Campaign 09,Conversions,1117.37,38434,31589,406,34,15,2692.98,USD,2026-05-22 23:30:00
2026-05-23,LI-CAM-009,LinkedIn Ads,LI-ACC-001,LinkedIn Campaign 09,Conversions,596.78,23151,12867,369,13,12,3434.25,USD,2026-05-23 23:30:00
2026-05-24,LI-CAM-009,LinkedIn Ads,LI-ACC-001,LinkedIn Campaign 09,Conversions,909.31,49620,38231,1150,40,21,3952.56,USD,2026-05-24 23:30:00
2026-05-25,LI-CAM-009,LinkedIn Ads,LI-ACC-001,LinkedIn Campaign 09,Conversions,783.24,29832,22092,642,26,16,1952.96,USD,2026-05-25 23:30:00
2026-05-26,LI-CAM-009,LinkedIn Ads,LI-ACC-001,LinkedIn Campaign 09,Conversions,1100.74,48284,27964,438,32,22,5274.09,USD,2026-05-26 23:30:00
2026-05-27,LI-CAM-009,LinkedIn Ads,LI-ACC-001,LinkedIn Campaign 09,Conversions,806.0,41307,24464,1005,84,33,7839.19,USD,2026-05-27 23:30:00
2026-05-28,LI-CAM-009,LinkedIn Ads,LI-ACC-001,LinkedIn Campaign 09,Conversions,1025.65,35603,19791,451,15,11,3038.02,USD,2026-05-28 23:30:00
2026-05-29,LI-CAM-009,LinkedIn Ads,LI-ACC-001,LinkedIn Campaign 09,Conversions,795.67,31968,24113,357,11,2,246.48,USD,2026-05-29 23:30:00
2026-05-30,LI-CAM-009,LinkedIn Ads,LI-ACC-001,LinkedIn Campaign 09,Conversions,838.04,31385,21262,326,33,18,4363.46,USD,2026-05-30 23:30:00
2026-05-31,LI-CAM-009,LinkedIn Ads,LI-ACC-001,LinkedIn Campaign 09,Conversions,690.95,37546,24627,523,13,7,1161.17,USD,2026-05-31 23:30:00
2026-06-01,LI-CAM-009,LinkedIn Ads,LI-ACC-001,LinkedIn Campaign 09,Conversions,1148.79,40407,31092,992,29,14,3862.92,USD,2026-06-01 23:30:00
2026-06-02,LI-CAM-009,LinkedIn Ads,LI-ACC-001,LinkedIn Campaign 09,Conversions,846.4,21288,12863,328,17,8,1207.86,USD,2026-06-02 23:30:00
2026-06-03,LI-CAM-009,LinkedIn Ads,LI-ACC-001,LinkedIn Campaign 09,Conversions,993.79,28509,16367,440,32,16,5132.99,USD,2026-06-03 23:30:00
2026-06-04,LI-CAM-009,LinkedIn Ads,LI-ACC-001,LinkedIn Campaign 09,Conversions,889.62,37153,24584,652,46,25,4206.47,USD,2026-06-04 23:30:00
2026-06-05,LI-CAM-009,LinkedIn Ads,LI-ACC-001,LinkedIn Campaign 09,Conversions,1019.9,31836,19207,297,28,8,2092.43,USD,2026-06-05 23:30:00
2026-06-06,LI-CAM-009,LinkedIn Ads,LI-ACC-001,LinkedIn Campaign 09,Conversions,761.96,25921,14997,426,44,14,3326.85,USD,2026-06-06 23:30:00
2026-06-07,LI-CAM-009,LinkedIn Ads,LI-ACC-001,LinkedIn Campaign 09,Conversions,714.72,19687,14730,461,23,10,1697.87,USD,2026-06-07 23:30:00
2026-06-08,LI-CAM-009,LinkedIn Ads,LI-ACC-001,LinkedIn Campaign 09,Conversions,923.19,28398,18341,485,25,12,2317.13,USD,2026-06-08 23:30:00
2026-06-09,LI-CAM-009,LinkedIn Ads,LI-ACC-001,LinkedIn Campaign 09,Conversions,1169.62,35312,20462,491,21,12,3106.86,USD,2026-06-09 23:30:00
2026-06-10,LI-CAM-009,LinkedIn Ads,LI-ACC-001,LinkedIn Campaign 09,Conversions,778.66,26004,20504,456,25,13,3779.23,USD,2026-06-10 23:30:00
2026-06-11,LI-CAM-009,LinkedIn Ads,LI-ACC-001,LinkedIn Campaign 09,Conversions,1168.79,57069,47850,1148,72,41,9960.86,USD,2026-06-11 23:30:00
2026-06-12,LI-CAM-009,LinkedIn Ads,LI-ACC-001,LinkedIn Campaign 09,Conversions,838.19,21348,13334,333,30,9,2422.2,USD,2026-06-12 23:30:00
2026-06-13,LI-CAM-009,LinkedIn Ads,LI-ACC-001,LinkedIn Campaign 09,Conversions,751.09,29489,16276,591,42,36,12062.23,USD,2026-06-13 23:30:00
2026-06-14,LI-CAM-009,LinkedIn Ads,LI-ACC-001,LinkedIn Campaign 09,Conversions,626.28,15108,12720,273,12,6,1015.4,USD,2026-06-14 23:30:00
2026-06-15,LI-CAM-009,LinkedIn Ads,LI-ACC-001,LinkedIn Campaign 09,Conversions,1160.87,36817,22680,682,37,4,1144.55,USD,2026-06-15 23:30:00
2026-06-16,LI-CAM-009,LinkedIn Ads,LI-ACC-001,LinkedIn Campaign 09,Conversions,725.14,26060,16062,433,28,19,5434.22,USD,2026-06-16 23:30:00
2026-06-17,LI-CAM-009,LinkedIn Ads,LI-ACC-001,LinkedIn Campaign 09,Conversions,720.12,37497,23546,538,18,5,1078.21,USD,2026-06-17 23:30:00
2026-06-18,LI-CAM-009,LinkedIn Ads,LI-ACC-001,LinkedIn Campaign 09,Conversions,823.55,19531,15498,223,17,12,1818.61,USD,2026-06-18 23:30:00
2026-06-19,LI-CAM-009,LinkedIn Ads,LI-ACC-001,LinkedIn Campaign 09,Conversions,916.7,29966,23523,676,83,24,3920.54,USD,2026-06-19 23:30:00
2026-06-20,LI-CAM-009,LinkedIn Ads,LI-ACC-001,LinkedIn Campaign 09,Conversions,621.43,18760,10583,242,14,3,740.06,USD,2026-06-20 23:30:00
2026-06-21,LI-CAM-009,LinkedIn Ads,LI-ACC-001,LinkedIn Campaign 09,Conversions,659.86,19263,15169,293,23,16,4378.31,USD,2026-06-21 23:30:00
2026-06-22,LI-CAM-009,LinkedIn Ads,LI-ACC-001,LinkedIn Campaign 09,Conversions,1103.09,44008,35254,699,68,24,7021.23,USD,2026-06-22 23:30:00
2026-06-23,LI-CAM-009,LinkedIn Ads,LI-ACC-001,LinkedIn Campaign 09,Conversions,890.39,20711,14618,344,30,15,2208.13,USD,2026-06-23 23:30:00
2026-06-24,LI-CAM-009,LinkedIn Ads,LI-ACC-001,LinkedIn Campaign 09,Conversions,751.96,22499,19977,210,13,6,763.73,USD,2026-06-24 23:30:00
2026-06-25,LI-CAM-009,LinkedIn Ads,LI-ACC-001,LinkedIn Campaign 09,Conversions,1025.4,48442,35274,497,23,21,3121.97,USD,2026-06-25 23:30:00
2026-06-26,LI-CAM-009,LinkedIn Ads,LI-ACC-001,LinkedIn Campaign 09,Conversions,973.77,32238,22170,656,51,33,6661.27,USD,2026-06-26 23:30:00
2026-06-27,LI-CAM-009,LinkedIn Ads,LI-ACC-001,LinkedIn Campaign 09,Conversions,636.08,22994,16083,222,22,16,4162.75,USD,2026-06-27 23:30:00
2026-02-02,LI-CAM-010,LinkedIn Ads,LI-ACC-001,LinkedIn Campaign 10,Conversions,230.41,5239,3843,59,2,2,511.87,USD,2026-02-02 23:30:00
2026-02-03,LI-CAM-010,LinkedIn Ads,LI-ACC-001,LinkedIn Campaign 10,Conversions,221.21,7247,5709,173,7,6,1439.61,USD,2026-02-03 23:30:00
2026-02-04,LI-CAM-010,LinkedIn Ads,LI-ACC-001,LinkedIn Campaign 10,Conversions,369.67,8616,6427,154,4,3,549.59,USD,2026-02-04 23:30:00
2026-02-05,LI-CAM-010,LinkedIn Ads,LI-ACC-001,LinkedIn Campaign 10,Conversions,347.51,12823,9600,136,5,5,1421.94,USD,2026-02-05 23:30:00
2026-02-06,LI-CAM-010,LinkedIn Ads,LI-ACC-001,LinkedIn Campaign 10,Conversions,305.73,8329,6548,138,16,6,1553.36,USD,2026-02-06 23:30:00
2026-02-07,LI-CAM-010,LinkedIn Ads,LI-ACC-001,LinkedIn Campaign 10,Conversions,290.99,7327,4816,83,8,4,788.56,USD,2026-02-07 23:30:00
2026-02-08,LI-CAM-010,LinkedIn Ads,LI-ACC-001,LinkedIn Campaign 10,Conversions,283.02,13738,8585,322,25,14,4061.34,USD,2026-02-08 23:30:00
2026-02-09,LI-CAM-010,LinkedIn Ads,LI-ACC-001,LinkedIn Campaign 10,Conversions,276.03,7947,5864,139,12,4,1159.22,USD,2026-02-09 23:30:00
2026-02-10,LI-CAM-010,LinkedIn Ads,LI-ACC-001,LinkedIn Campaign 10,Conversions,337.23,14166,12258,352,34,13,3272.31,USD,2026-02-10 23:30:00
2026-02-11,LI-CAM-010,LinkedIn Ads,LI-ACC-001,LinkedIn Campaign 10,Conversions,223.87,10368,6669,204,18,12,3352.59,USD,2026-02-11 23:30:00
2026-02-12,LI-CAM-010,LinkedIn Ads,LI-ACC-001,LinkedIn Campaign 10,Conversions,358.84,7995,4604,148,9,3,790.4,USD,2026-02-12 23:30:00
2026-02-13,LI-CAM-010,LinkedIn Ads,LI-ACC-001,LinkedIn Campaign 10,Conversions,346.84,8814,5367,178,8,5,942.81,USD,2026-02-13 23:30:00
2026-02-14,LI-CAM-010,LinkedIn Ads,LI-ACC-001,LinkedIn Campaign 10,Conversions,226.85,5356,4031,111,3,3,912.52,USD,2026-02-14 23:30:00
2026-02-15,LI-CAM-010,LinkedIn Ads,LI-ACC-001,LinkedIn Campaign 10,Conversions,246.66,7040,4350,128,5,3,596.51,USD,2026-02-15 23:30:00
2026-02-16,LI-CAM-010,LinkedIn Ads,LI-ACC-001,LinkedIn Campaign 10,Conversions,220.73,7855,4354,112,5,2,297.79,USD,2026-02-16 23:30:00
2026-02-17,LI-CAM-010,LinkedIn Ads,LI-ACC-001,LinkedIn Campaign 10,Conversions,224.84,7147,4642,113,7,2,305.62,USD,2026-02-17 23:30:00
2026-02-18,LI-CAM-010,LinkedIn Ads,LI-ACC-001,LinkedIn Campaign 10,Conversions,355.82,14179,8735,176,7,3,917.6,USD,2026-02-18 23:30:00
2026-02-19,LI-CAM-010,LinkedIn Ads,LI-ACC-001,LinkedIn Campaign 10,Conversions,328.53,15527,13509,366,15,7,2364.16,USD,2026-02-19 23:30:00
2026-02-20,LI-CAM-010,LinkedIn Ads,LI-ACC-001,LinkedIn Campaign 10,Conversions,335.19,10190,5771,95,6,3,571.13,USD,2026-02-20 23:30:00
2026-02-21,LI-CAM-010,LinkedIn Ads,LI-ACC-001,LinkedIn Campaign 10,Conversions,285.56,7040,4601,168,15,11,2634.91,USD,2026-02-21 23:30:00
2026-02-22,LI-CAM-010,LinkedIn Ads,LI-ACC-001,LinkedIn Campaign 10,Conversions,259.36,8858,7452,169,7,3,728.89,USD,2026-02-22 23:30:00
2026-02-23,LI-CAM-010,LinkedIn Ads,LI-ACC-001,LinkedIn Campaign 10,Conversions,308.89,8842,5009,156,9,8,1959.95,USD,2026-02-23 23:30:00
2026-02-24,LI-CAM-010,LinkedIn Ads,LI-ACC-001,LinkedIn Campaign 10,Conversions,347.78,13890,10660,172,11,5,1096.21,USD,2026-02-24 23:30:00
2026-02-25,LI-CAM-010,LinkedIn Ads,LI-ACC-001,LinkedIn Campaign 10,Conversions,241.43,11766,6901,97,5,1,169.34,USD,2026-02-25 23:30:00
2026-02-26,LI-CAM-010,LinkedIn Ads,LI-ACC-001,LinkedIn Campaign 10,Conversions,233.77,5267,3458,109,4,2,307.94,USD,2026-02-26 23:30:00
2026-02-27,LI-CAM-010,LinkedIn Ads,LI-ACC-001,LinkedIn Campaign 10,Conversions,288.21,9287,5484,104,3,1,178.01,USD,2026-02-27 23:30:00
2026-02-28,LI-CAM-010,LinkedIn Ads,LI-ACC-001,LinkedIn Campaign 10,Conversions,288.18,11608,10208,97,8,4,714.44,USD,2026-02-28 23:30:00
2026-03-01,LI-CAM-010,LinkedIn Ads,LI-ACC-001,LinkedIn Campaign 10,Conversions,242.68,9243,7037,80,4,1,223.05,USD,2026-03-01 23:30:00
2026-03-02,LI-CAM-010,LinkedIn Ads,LI-ACC-001,LinkedIn Campaign 10,Conversions,234.72,6304,4702,96,6,4,1085.78,USD,2026-03-02 23:30:00
2026-03-03,LI-CAM-010,LinkedIn Ads,LI-ACC-001,LinkedIn Campaign 10,Conversions,286.53,15875,13450,380,44,14,3699.43,USD,2026-03-03 23:30:00
2026-03-04,LI-CAM-010,LinkedIn Ads,LI-ACC-001,LinkedIn Campaign 10,Conversions,335.04,12664,10878,286,18,14,1625.6,USD,2026-03-04 23:30:00
2026-03-05,LI-CAM-010,LinkedIn Ads,LI-ACC-001,LinkedIn Campaign 10,Conversions,274.51,11428,9033,151,13,9,2034.96,USD,2026-03-05 23:30:00
2026-03-06,LI-CAM-010,LinkedIn Ads,LI-ACC-001,LinkedIn Campaign 10,Conversions,267.2,11480,9913,93,12,8,2458.17,USD,2026-03-06 23:30:00
2026-03-07,LI-CAM-010,LinkedIn Ads,LI-ACC-001,LinkedIn Campaign 10,Conversions,189.98,4504,2700,64,6,1,289.53,USD,2026-03-07 23:30:00
2026-03-08,LI-CAM-010,LinkedIn Ads,LI-ACC-001,LinkedIn Campaign 10,Conversions,203.31,5644,4679,106,9,5,1408.24,USD,2026-03-08 23:30:00
2026-03-09,LI-CAM-010,LinkedIn Ads,LI-ACC-001,LinkedIn Campaign 10,Conversions,344.78,14222,10423,183,6,1,284.62,USD,2026-03-09 23:30:00
2026-03-10,LI-CAM-010,LinkedIn Ads,LI-ACC-001,LinkedIn Campaign 10,Conversions,274.3,6158,4082,129,5,3,499.18,USD,2026-03-10 23:30:00
2026-03-11,LI-CAM-010,LinkedIn Ads,LI-ACC-001,LinkedIn Campaign 10,Conversions,319.56,8181,6923,185,5,3,784.29,USD,2026-03-11 23:30:00
2026-03-12,LI-CAM-010,LinkedIn Ads,LI-ACC-001,LinkedIn Campaign 10,Conversions,334.81,13313,11159,238,10,5,1486.93,USD,2026-03-12 23:30:00
2026-03-13,LI-CAM-010,LinkedIn Ads,LI-ACC-001,LinkedIn Campaign 10,Conversions,256.91,11648,10021,213,4,2,529.38,USD,2026-03-13 23:30:00
2026-03-14,LI-CAM-010,LinkedIn Ads,LI-ACC-001,LinkedIn Campaign 10,Conversions,295.23,9529,6426,224,5,5,664.51,USD,2026-03-14 23:30:00
2026-03-15,LI-CAM-010,LinkedIn Ads,LI-ACC-001,LinkedIn Campaign 10,Conversions,232.04,6821,6053,153,15,3,455.47,USD,2026-03-15 23:30:00
2026-03-16,LI-CAM-010,LinkedIn Ads,LI-ACC-001,LinkedIn Campaign 10,Conversions,353.01,13536,8282,298,20,14,3793.89,USD,2026-03-16 23:30:00
2026-03-17,LI-CAM-010,LinkedIn Ads,LI-ACC-001,LinkedIn Campaign 10,Conversions,256.62,6015,4610,138,10,1,246.37,USD,2026-03-17 23:30:00
2026-03-18,LI-CAM-010,LinkedIn Ads,LI-ACC-001,LinkedIn Campaign 10,Conversions,227.81,6481,4594,59,3,1,244.25,USD,2026-03-18 23:30:00
2026-03-19,LI-CAM-010,LinkedIn Ads,LI-ACC-001,LinkedIn Campaign 10,Conversions,292.27,8919,6025,90,2,2,575.67,USD,2026-03-19 23:30:00
2026-03-20,LI-CAM-010,LinkedIn Ads,LI-ACC-001,LinkedIn Campaign 10,Conversions,279.56,9065,6706,95,9,1,223.74,USD,2026-03-20 23:30:00
2026-03-21,LI-CAM-010,LinkedIn Ads,LI-ACC-001,LinkedIn Campaign 10,Conversions,189.96,5078,4026,121,9,3,500.77,USD,2026-03-21 23:30:00
2026-03-22,LI-CAM-010,LinkedIn Ads,LI-ACC-001,LinkedIn Campaign 10,Conversions,200.96,5663,4426,83,8,4,861.4,USD,2026-03-22 23:30:00
2026-03-23,LI-CAM-010,LinkedIn Ads,LI-ACC-001,LinkedIn Campaign 10,Conversions,233.9,10965,7939,146,13,6,1604.52,USD,2026-03-23 23:30:00
2026-03-24,LI-CAM-010,LinkedIn Ads,LI-ACC-001,LinkedIn Campaign 10,Conversions,331.47,18310,14207,353,31,9,2253.24,USD,2026-03-24 23:30:00
2026-03-25,LI-CAM-010,LinkedIn Ads,LI-ACC-001,LinkedIn Campaign 10,Conversions,288.08,8427,5825,93,7,0,0.0,USD,2026-03-25 23:30:00
2026-03-26,LI-CAM-010,LinkedIn Ads,LI-ACC-001,LinkedIn Campaign 10,Conversions,314.06,12313,10535,300,19,9,2582.4,USD,2026-03-26 23:30:00
2026-03-27,LI-CAM-010,LinkedIn Ads,LI-ACC-001,LinkedIn Campaign 10,Conversions,318.78,17079,14919,367,22,18,3998.21,USD,2026-03-27 23:30:00
2026-03-28,LI-CAM-010,LinkedIn Ads,LI-ACC-001,LinkedIn Campaign 10,Conversions,219.83,5497,4044,62,6,2,378.08,USD,2026-03-28 23:30:00
2026-03-29,LI-CAM-010,LinkedIn Ads,LI-ACC-001,LinkedIn Campaign 10,Conversions,286.2,12624,9221,154,10,2,308.66,USD,2026-03-29 23:30:00
2026-03-30,LI-CAM-010,LinkedIn Ads,LI-ACC-001,LinkedIn Campaign 10,Conversions,330.03,10251,9068,101,10,4,492.6,USD,2026-03-30 23:30:00
2026-03-31,LI-CAM-010,LinkedIn Ads,LI-ACC-001,LinkedIn Campaign 10,Conversions,343.62,9253,5930,132,5,3,479.75,USD,2026-03-31 23:30:00
2026-04-01,LI-CAM-010,LinkedIn Ads,LI-ACC-001,LinkedIn Campaign 10,Conversions,251.22,7431,4985,135,2,0,0.0,USD,2026-04-01 23:30:00
2026-04-02,LI-CAM-010,LinkedIn Ads,LI-ACC-001,LinkedIn Campaign 10,Conversions,323.46,8216,6351,96,6,5,743.28,USD,2026-04-02 23:30:00
2026-04-03,LI-CAM-010,LinkedIn Ads,LI-ACC-001,LinkedIn Campaign 10,Conversions,312.33,7856,6221,66,4,1,201.99,USD,2026-04-03 23:30:00
2026-04-04,LI-CAM-010,LinkedIn Ads,LI-ACC-001,LinkedIn Campaign 10,Conversions,204.21,7160,6359,114,4,4,965.65,USD,2026-04-04 23:30:00
2026-04-05,LI-CAM-010,LinkedIn Ads,LI-ACC-001,LinkedIn Campaign 10,Conversions,179.68,4560,2720,95,5,2,367.96,USD,2026-04-05 23:30:00
2026-04-06,LI-CAM-010,LinkedIn Ads,LI-ACC-001,LinkedIn Campaign 10,Conversions,297.45,6949,4736,59,2,3,990.88,USD,2026-04-06 23:30:00
2026-04-07,LI-CAM-010,LinkedIn Ads,LI-ACC-001,LinkedIn Campaign 10,Conversions,304.36,16872,11256,153,17,7,1442.94,USD,2026-04-07 23:30:00
2026-04-08,LI-CAM-010,LinkedIn Ads,LI-ACC-001,LinkedIn Campaign 10,Conversions,317.02,8830,7729,159,2,4,971.73,USD,2026-04-08 23:30:00
2026-04-09,LI-CAM-010,LinkedIn Ads,LI-ACC-001,LinkedIn Campaign 10,Conversions,260.27,6229,5309,102,1,5,733.86,USD,2026-04-09 23:30:00
2026-04-10,LI-CAM-010,LinkedIn Ads,LI-ACC-001,LinkedIn Campaign 10,Conversions,301.01,9646,5502,148,10,2,358.18,USD,2026-04-10 23:30:00
2026-04-11,LI-CAM-010,LinkedIn Ads,LI-ACC-001,LinkedIn Campaign 10,Conversions,238.04,6687,5883,165,6,4,757.32,USD,2026-04-11 23:30:00
2026-04-12,LI-CAM-010,LinkedIn Ads,LI-ACC-001,LinkedIn Campaign 10,Conversions,295.35,14523,12006,185,16,2,490.34,USD,2026-04-12 23:30:00
2026-04-13,LI-CAM-010,LinkedIn Ads,LI-ACC-001,LinkedIn Campaign 10,Conversions,351.44,8247,5816,98,9,5,1296.92,USD,2026-04-13 23:30:00
2026-04-14,LI-CAM-010,LinkedIn Ads,LI-ACC-001,LinkedIn Campaign 10,Conversions,322.56,10972,6898,227,23,6,1332.71,USD,2026-04-14 23:30:00
2026-04-15,LI-CAM-010,LinkedIn Ads,LI-ACC-001,LinkedIn Campaign 10,Conversions,272.3,14863,10680,301,28,17,2539.68,USD,2026-04-15 23:30:00
2026-04-16,LI-CAM-010,LinkedIn Ads,LI-ACC-001,LinkedIn Campaign 10,Conversions,335.24,10651,7317,170,9,5,797.55,USD,2026-04-16 23:30:00
2026-04-17,LI-CAM-010,LinkedIn Ads,LI-ACC-001,LinkedIn Campaign 10,Conversions,333.61,12981,11560,222,21,11,2894.55,USD,2026-04-17 23:30:00
2026-04-18,LI-CAM-010,LinkedIn Ads,LI-ACC-001,LinkedIn Campaign 10,Conversions,234.0,5598,3260,83,6,3,893.95,USD,2026-04-18 23:30:00
2026-04-19,LI-CAM-010,LinkedIn Ads,LI-ACC-001,LinkedIn Campaign 10,Conversions,298.11,13676,8526,335,23,12,3594.72,USD,2026-04-19 23:30:00
2026-04-20,LI-CAM-010,LinkedIn Ads,LI-ACC-001,LinkedIn Campaign 10,Conversions,239.22,10712,7974,103,3,4,1196.41,USD,2026-04-20 23:30:00
2026-04-21,LI-CAM-010,LinkedIn Ads,LI-ACC-001,LinkedIn Campaign 10,Conversions,289.59,11643,7470,126,5,9,1519.25,USD,2026-04-21 23:30:00
2026-04-22,LI-CAM-010,LinkedIn Ads,LI-ACC-001,LinkedIn Campaign 10,Conversions,336.48,8069,6754,138,6,10,2405.74,USD,2026-04-22 23:30:00
2026-04-23,LI-CAM-010,LinkedIn Ads,LI-ACC-001,LinkedIn Campaign 10,Conversions,357.6,10681,6577,107,6,5,988.53,USD,2026-04-23 23:30:00
2026-04-24,LI-CAM-010,LinkedIn Ads,LI-ACC-001,LinkedIn Campaign 10,Conversions,311.97,14811,12030,228,10,6,1173.67,USD,2026-04-24 23:30:00
2026-04-25,LI-CAM-010,LinkedIn Ads,LI-ACC-001,LinkedIn Campaign 10,Conversions,287.39,11687,7691,181,10,5,746.25,USD,2026-04-25 23:30:00
2026-04-26,LI-CAM-010,LinkedIn Ads,LI-ACC-001,LinkedIn Campaign 10,Conversions,297.6,9905,7999,174,17,7,2058.55,USD,2026-04-26 23:30:00
2026-04-27,LI-CAM-010,LinkedIn Ads,LI-ACC-001,LinkedIn Campaign 10,Conversions,312.8,11201,10042,191,5,5,1204.03,USD,2026-04-27 23:30:00
2026-04-28,LI-CAM-010,LinkedIn Ads,LI-ACC-001,LinkedIn Campaign 10,Conversions,254.15,8780,5456,207,16,9,2761.83,USD,2026-04-28 23:30:00
2026-04-29,LI-CAM-010,LinkedIn Ads,LI-ACC-001,LinkedIn Campaign 10,Conversions,277.04,7554,4595,97,5,1,245.85,USD,2026-04-29 23:30:00
2026-04-30,LI-CAM-010,LinkedIn Ads,LI-ACC-001,LinkedIn Campaign 10,Conversions,224.99,7912,4436,169,7,4,657.32,USD,2026-04-30 23:30:00
2026-05-01,LI-CAM-010,LinkedIn Ads,LI-ACC-001,LinkedIn Campaign 10,Conversions,280.87,7630,5660,109,13,6,1569.29,USD,2026-05-01 23:30:00
2026-05-02,LI-CAM-010,LinkedIn Ads,LI-ACC-001,LinkedIn Campaign 10,Conversions,258.54,9350,7270,142,9,6,1390.05,USD,2026-05-02 23:30:00
2026-05-03,LI-CAM-010,LinkedIn Ads,LI-ACC-001,LinkedIn Campaign 10,Conversions,226.82,5187,3061,75,8,6,1955.66,USD,2026-05-03 23:30:00
2026-05-04,LI-CAM-010,LinkedIn Ads,LI-ACC-001,LinkedIn Campaign 10,Conversions,287.01,8750,6255,142,12,6,1100.61,USD,2026-05-04 23:30:00
2026-05-05,LI-CAM-010,LinkedIn Ads,LI-ACC-001,LinkedIn Campaign 10,Conversions,326.52,16479,10376,186,7,4,777.42,USD,2026-05-05 23:30:00
2026-05-06,LI-CAM-010,LinkedIn Ads,LI-ACC-001,LinkedIn Campaign 10,Conversions,333.74,8621,5474,122,5,4,1090.31,USD,2026-05-06 23:30:00
2026-05-07,LI-CAM-010,LinkedIn Ads,LI-ACC-001,LinkedIn Campaign 10,Conversions,242.96,6955,4943,157,22,8,2272.23,USD,2026-05-07 23:30:00
2026-05-08,LI-CAM-010,LinkedIn Ads,LI-ACC-001,LinkedIn Campaign 10,Conversions,300.95,11154,6841,106,11,3,455.28,USD,2026-05-08 23:30:00
2026-05-09,LI-CAM-010,LinkedIn Ads,LI-ACC-001,LinkedIn Campaign 10,Conversions,195.5,4391,2857,94,6,8,2043.44,USD,2026-05-09 23:30:00
2026-05-10,LI-CAM-010,LinkedIn Ads,LI-ACC-001,LinkedIn Campaign 10,Conversions,235.73,6007,4790,89,3,5,774.75,USD,2026-05-10 23:30:00
2026-05-11,LI-CAM-010,LinkedIn Ads,LI-ACC-001,LinkedIn Campaign 10,Conversions,227.4,6749,3885,86,5,1,172.94,USD,2026-05-11 23:30:00
2026-05-12,LI-CAM-010,LinkedIn Ads,LI-ACC-001,LinkedIn Campaign 10,Conversions,362.47,8607,7631,165,16,8,1230.87,USD,2026-05-12 23:30:00
2026-05-13,LI-CAM-010,LinkedIn Ads,LI-ACC-001,LinkedIn Campaign 10,Conversions,240.83,5721,3654,94,8,3,589.62,USD,2026-05-13 23:30:00
2026-05-14,LI-CAM-010,LinkedIn Ads,LI-ACC-001,LinkedIn Campaign 10,Conversions,353.45,8481,7471,94,5,4,977.27,USD,2026-05-14 23:30:00
2026-05-15,LI-CAM-010,LinkedIn Ads,LI-ACC-001,LinkedIn Campaign 10,Conversions,316.5,10748,8172,143,6,0,0.0,USD,2026-05-15 23:30:00
2026-05-16,LI-CAM-010,LinkedIn Ads,LI-ACC-001,LinkedIn Campaign 10,Conversions,280.13,6948,4346,86,2,2,524.34,USD,2026-05-16 23:30:00
2026-05-17,LI-CAM-010,LinkedIn Ads,LI-ACC-001,LinkedIn Campaign 10,Conversions,190.58,6198,4679,65,8,0,0.0,USD,2026-05-17 23:30:00
2026-05-18,LI-CAM-010,LinkedIn Ads,LI-ACC-001,LinkedIn Campaign 10,Conversions,338.67,8297,7156,140,7,3,572.72,USD,2026-05-18 23:30:00
2026-05-19,LI-CAM-010,LinkedIn Ads,LI-ACC-001,LinkedIn Campaign 10,Conversions,348.12,7839,6491,153,21,11,1960.81,USD,2026-05-19 23:30:00
2026-05-20,LI-CAM-010,LinkedIn Ads,LI-ACC-001,LinkedIn Campaign 10,Conversions,223.97,6957,5192,165,9,2,453.88,USD,2026-05-20 23:30:00
2026-05-21,LI-CAM-010,LinkedIn Ads,LI-ACC-001,LinkedIn Campaign 10,Conversions,226.02,5262,3344,109,3,0,0.0,USD,2026-05-21 23:30:00
2026-05-22,LI-CAM-010,LinkedIn Ads,LI-ACC-001,LinkedIn Campaign 10,Conversions,374.54,13099,8079,192,13,9,2905.17,USD,2026-05-22 23:30:00
2026-05-23,LI-CAM-010,LinkedIn Ads,LI-ACC-001,LinkedIn Campaign 10,Conversions,230.7,7762,6591,154,10,6,1337.84,USD,2026-05-23 23:30:00
2026-05-24,LI-CAM-010,LinkedIn Ads,LI-ACC-001,LinkedIn Campaign 10,Conversions,242.58,10607,5973,200,8,8,2731.83,USD,2026-05-24 23:30:00
2026-05-25,LI-CAM-010,LinkedIn Ads,LI-ACC-001,LinkedIn Campaign 10,Conversions,350.62,9944,6028,147,12,2,428.03,USD,2026-05-25 23:30:00
2026-05-26,LI-CAM-010,LinkedIn Ads,LI-ACC-001,LinkedIn Campaign 10,Conversions,257.82,5763,4775,132,9,3,499.34,USD,2026-05-26 23:30:00
2026-05-27,LI-CAM-010,LinkedIn Ads,LI-ACC-001,LinkedIn Campaign 10,Conversions,297.74,8419,4818,79,7,1,246.73,USD,2026-05-27 23:30:00
2026-05-28,LI-CAM-010,LinkedIn Ads,LI-ACC-001,LinkedIn Campaign 10,Conversions,337.26,12200,8187,300,12,6,1333.15,USD,2026-05-28 23:30:00
2026-05-29,LI-CAM-010,LinkedIn Ads,LI-ACC-001,LinkedIn Campaign 10,Conversions,357.11,10015,6595,82,7,6,1017.62,USD,2026-05-29 23:30:00
2026-05-30,LI-CAM-010,LinkedIn Ads,LI-ACC-001,LinkedIn Campaign 10,Conversions,231.76,7065,4065,60,1,1,263.49,USD,2026-05-30 23:30:00
2026-05-31,LI-CAM-010,LinkedIn Ads,LI-ACC-001,LinkedIn Campaign 10,Conversions,190.77,5341,4256,79,3,2,279.89,USD,2026-05-31 23:30:00
2026-06-01,LI-CAM-010,LinkedIn Ads,LI-ACC-001,LinkedIn Campaign 10,Conversions,329.03,9751,8339,237,12,10,2135.12,USD,2026-06-01 23:30:00
2026-06-02,LI-CAM-010,LinkedIn Ads,LI-ACC-001,LinkedIn Campaign 10,Conversions,259.53,9642,5791,127,7,12,2012.53,USD,2026-06-02 23:30:00
2026-06-03,LI-CAM-010,LinkedIn Ads,LI-ACC-001,LinkedIn Campaign 10,Conversions,295.14,14494,12432,146,21,4,772.76,USD,2026-06-03 23:30:00
2026-06-04,LI-CAM-010,LinkedIn Ads,LI-ACC-001,LinkedIn Campaign 10,Conversions,365.45,8815,6282,93,9,3,716.4,USD,2026-06-04 23:30:00
2026-06-05,LI-CAM-010,LinkedIn Ads,LI-ACC-001,LinkedIn Campaign 10,Conversions,345.02,9730,7038,99,0,2,561.86,USD,2026-06-05 23:30:00
2026-06-06,LI-CAM-010,LinkedIn Ads,LI-ACC-001,LinkedIn Campaign 10,Conversions,234.41,7020,6005,69,3,1,311.75,USD,2026-06-06 23:30:00
2026-06-07,LI-CAM-010,LinkedIn Ads,LI-ACC-001,LinkedIn Campaign 10,Conversions,241.68,9199,7840,103,4,1,238.92,USD,2026-06-07 23:30:00
2026-06-08,LI-CAM-010,LinkedIn Ads,LI-ACC-001,LinkedIn Campaign 10,Conversions,320.16,8217,7299,125,5,4,490.6,USD,2026-06-08 23:30:00
2026-06-09,LI-CAM-010,LinkedIn Ads,LI-ACC-001,LinkedIn Campaign 10,Conversions,275.89,8863,6832,142,6,4,971.51,USD,2026-06-09 23:30:00
2026-06-10,LI-CAM-010,LinkedIn Ads,LI-ACC-001,LinkedIn Campaign 10,Conversions,242.46,5527,3661,84,5,1,208.52,USD,2026-06-10 23:30:00
2026-06-11,LI-CAM-010,LinkedIn Ads,LI-ACC-001,LinkedIn Campaign 10,Conversions,347.18,16890,9636,414,13,10,2106.93,USD,2026-06-11 23:30:00
2026-06-12,LI-CAM-010,LinkedIn Ads,LI-ACC-001,LinkedIn Campaign 10,Conversions,302.03,14397,9358,181,13,8,1319.35,USD,2026-06-12 23:30:00
2026-06-13,LI-CAM-010,LinkedIn Ads,LI-ACC-001,LinkedIn Campaign 10,Conversions,274.77,6458,5165,97,6,5,1507.8,USD,2026-06-13 23:30:00
2026-06-14,LI-CAM-010,LinkedIn Ads,LI-ACC-001,LinkedIn Campaign 10,Conversions,299.26,16317,11696,313,13,12,1792.69,USD,2026-06-14 23:30:00
2026-06-15,LI-CAM-010,LinkedIn Ads,LI-ACC-001,LinkedIn Campaign 10,Conversions,270.83,9171,5299,144,3,5,1055.83,USD,2026-06-15 23:30:00
