date,channel,source,medium,users,new_users,sessions,engaged_sessions,engagement_rate,conversions,revenue,source_refresh_timestamp
2026-01-01,Paid Search,google,cpc,730,454,813,602,0.7405,39,6365.53,2026-01-01 23:45:00
2026-01-01,Paid Social,facebook,paid_social,639,385,842,494,0.5867,22,2942.38,2026-01-01 23:45:00
2026-01-01,Paid Social,linkedin,paid_social,705,362,810,551,0.6802,26,5674.77,2026-01-01 23:45:00
2026-01-01,Organic Search,google,organic,873,557,1061,815,0.7681,26,2673.18,2026-01-01 23:45:00
2026-01-01,Direct,(direct),(none),445,312,542,331,0.6107,24,2842.82,2026-01-01 23:45:00
2026-01-01,Referral,partner,referral,284,128,322,201,0.6242,6,1320.77,2026-01-01 23:45:00
2026-01-02,Paid Search,google,cpc,749,346,953,740,0.7765,45,5734.61,2026-01-02 23:45:00
2026-01-02,Paid Social,facebook,paid_social,428,296,552,420,0.7609,14,2070.67,2026-01-02 23:45:00
2026-01-02,Paid Social,linkedin,paid_social,509,234,688,454,0.6599,14,1845.39,2026-01-02 23:45:00
2026-01-02,Organic Search,google,organic,1129,717,1287,868,0.6744,43,4781.54,2026-01-02 23:45:00
2026-01-02,Direct,(direct),(none),440,238,610,377,0.618,19,2408.49,2026-01-02 23:45:00
2026-01-02,Referral,partner,referral,315,219,374,248,0.6631,5,763.91,2026-01-02 23:45:00
2026-01-03,Paid Search,google,cpc,750,387,843,578,0.6856,35,4392.05,2026-01-03 23:45:00
2026-01-03,Paid Social,facebook,paid_social,532,276,634,459,0.724,16,3108.01,2026-01-03 23:45:00
2026-01-03,Paid Social,linkedin,paid_social,592,366,701,528,0.7532,23,5070.63,2026-01-03 23:45:00
2026-01-03,Organic Search,google,organic,860,521,1001,777,0.7762,35,8116.5,2026-01-03 23:45:00
2026-01-03,Direct,(direct),(none),458,243,602,440,0.7309,20,4390.69,2026-01-03 23:45:00
2026-01-03,Referral,partner,referral,259,168,303,186,0.6139,10,1374.63,2026-01-03 23:45:00
2026-01-04,Paid Search,google,cpc,812,571,979,691,0.7058,38,4329.14,2026-01-04 23:45:00
2026-01-04,Paid Social,facebook,paid_social,618,322,852,624,0.7324,18,4241.31,2026-01-04 23:45:00
2026-01-04,Paid Social,linkedin,paid_social,494,228,600,488,0.8133,21,3209.57,2026-01-04 23:45:00
2026-01-04,Organic Search,google,organic,901,638,1140,758,0.6649,23,2813.72,2026-01-04 23:45:00
2026-01-04,Direct,(direct),(none),547,318,713,443,0.6213,24,3701.81,2026-01-04 23:45:00
2026-01-04,Referral,partner,referral,287,197,359,273,0.7604,7,1051.81,2026-01-04 23:45:00
2026-01-05,Paid Search,google,cpc,819,522,1002,746,0.7445,46,9543.39,2026-01-05 23:45:00
2026-01-05,Paid Social,facebook,paid_social,540,256,690,563,0.8159,21,4273.59,2026-01-05 23:45:00
2026-01-05,Paid Social,linkedin,paid_social,595,397,664,519,0.7816,18,3596.81,2026-01-05 23:45:00
2026-01-05,Organic Search,google,organic,1222,581,1431,1042,0.7282,42,7359.75,2026-01-05 23:45:00
2026-01-05,Direct,(direct),(none),495,338,618,432,0.699,23,4376.63,2026-01-05 23:45:00
2026-01-05,Referral,partner,referral,283,157,315,234,0.7429,12,2248.66,2026-01-05 23:45:00
2026-01-06,Paid Search,google,cpc,589,419,722,568,0.7867,37,7692.15,2026-01-06 23:45:00
2026-01-06,Paid Social,facebook,paid_social,665,431,843,603,0.7153,21,4505.64,2026-01-06 23:45:00
2026-01-06,Paid Social,linkedin,paid_social,425,315,527,371,0.704,19,2015.49,2026-01-06 23:45:00
2026-01-06,Organic Search,google,organic,786,506,931,709,0.7615,20,4107.87,2026-01-06 23:45:00
2026-01-06,Direct,(direct),(none),543,244,668,499,0.747,26,2419.72,2026-01-06 23:45:00
2026-01-06,Referral,partner,referral,263,131,349,251,0.7192,10,2332.62,2026-01-06 23:45:00
2026-01-07,Paid Search,google,cpc,686,340,795,616,0.7748,33,3772.6,2026-01-07 23:45:00
2026-01-07,Paid Social,facebook,paid_social,779,496,869,540,0.6214,21,2066.08,2026-01-07 23:45:00
2026-01-07,Paid Social,linkedin,paid_social,640,477,743,442,0.5949,27,3757.79,2026-01-07 23:45:00
2026-01-07,Organic Search,google,organic,801,597,1079,879,0.8146,42,9082.39,2026-01-07 23:45:00
2026-01-07,Direct,(direct),(none),423,277,552,426,0.7717,26,4425.02,2026-01-07 23:45:00
2026-01-07,Referral,partner,referral,315,215,374,232,0.6203,9,1727.46,2026-01-07 23:45:00
2026-01-08,Paid Search,google,cpc,752,400,957,783,0.8182,48,4680.02,2026-01-08 23:45:00
2026-01-08,Paid Social,facebook,paid_social,497,268,659,459,0.6965,18,4167.06,2026-01-08 23:45:00
2026-01-08,Paid Social,linkedin,paid_social,584,275,691,520,0.7525,17,1764.27,2026-01-08 23:45:00
2026-01-08,Organic Search,google,organic,836,579,1141,858,0.752,42,9474.44,2026-01-08 23:45:00
2026-01-08,Direct,(direct),(none),468,336,553,422,0.7631,18,2131.12,2026-01-08 23:45:00
2026-01-08,Referral,partner,referral,293,141,338,269,0.7959,8,1503.64,2026-01-08 23:45:00
2026-01-09,Paid Search,google,cpc,807,578,954,573,0.6006,39,5937.2,2026-01-09 23:45:00
2026-01-09,Paid Social,facebook,paid_social,513,367,711,458,0.6442,20,4173.28,2026-01-09 23:45:00
2026-01-09,Paid Social,linkedin,paid_social,590,390,797,638,0.8005,14,2430.18,2026-01-09 23:45:00
2026-01-09,Organic Search,google,organic,737,373,1013,633,0.6249,32,5162.51,2026-01-09 23:45:00
2026-01-09,Direct,(direct),(none),665,399,748,497,0.6644,24,5554.5,2026-01-09 23:45:00
2026-01-09,Referral,partner,referral,317,162,370,293,0.7919,9,1133.51,2026-01-09 23:45:00
2026-01-10,Paid Search,google,cpc,791,547,1078,863,0.8006,50,6521.65,2026-01-10 23:45:00
2026-01-10,Paid Social,facebook,paid_social,520,274,704,545,0.7741,10,1675.43,2026-01-10 23:45:00
2026-01-10,Paid Social,linkedin,paid_social,601,375,699,518,0.7411,25,4236.5,2026-01-10 23:45:00
2026-01-10,Organic Search,google,organic,1039,743,1217,744,0.6113,36,7748.64,2026-01-10 23:45:00
2026-01-10,Direct,(direct),(none),449,215,621,453,0.7295,28,6657.89,2026-01-10 23:45:00
2026-01-10,Referral,partner,referral,358,197,413,313,0.7579,10,2355.08,2026-01-10 23:45:00
2026-01-11,Paid Search,google,cpc,845,621,1023,626,0.6119,51,6476.13,2026-01-11 23:45:00
2026-01-11,Paid Social,facebook,paid_social,526,304,677,549,0.8109,11,1325.03,2026-01-11 23:45:00
2026-01-11,Paid Social,linkedin,paid_social,604,373,676,524,0.7751,23,5190.21,2026-01-11 23:45:00
2026-01-11,Organic Search,google,organic,1001,488,1135,903,0.7956,37,6707.18,2026-01-11 23:45:00
2026-01-11,Direct,(direct),(none),533,244,615,383,0.6228,35,4742.45,2026-01-11 23:45:00
2026-01-11,Referral,partner,referral,256,185,290,171,0.5897,8,1023.08,2026-01-11 23:45:00
2026-01-12,Paid Search,google,cpc,783,567,896,682,0.7612,42,5510.74,2026-01-12 23:45:00
2026-01-12,Paid Social,facebook,paid_social,536,366,691,442,0.6397,20,3611.23,2026-01-12 23:45:00
2026-01-12,Paid Social,linkedin,paid_social,582,285,649,502,0.7735,15,2447.44,2026-01-12 23:45:00
2026-01-12,Organic Search,google,organic,782,518,1025,801,0.7815,32,3751.6,2026-01-12 23:45:00
2026-01-12,Direct,(direct),(none),431,246,577,398,0.6898,22,2703.05,2026-01-12 23:45:00
2026-01-12,Referral,partner,referral,282,195,327,215,0.6575,7,1259.71,2026-01-12 23:45:00
2026-01-13,Paid Search,google,cpc,945,693,1106,757,0.6844,49,6592.5,2026-01-13 23:45:00
2026-01-13,Paid Social,facebook,paid_social,579,404,694,428,0.6167,19,3962.33,2026-01-13 23:45:00
2026-01-13,Paid Social,linkedin,paid_social,563,389,782,613,0.7839,27,5180.72,2026-01-13 23:45:00
2026-01-13,Organic Search,google,organic,1006,489,1129,663,0.5872,44,8226.47,2026-01-13 23:45:00
2026-01-13,Direct,(direct),(none),403,218,541,371,0.6858,24,4477.44,2026-01-13 23:45:00
2026-01-13,Referral,partner,referral,224,162,283,186,0.6572,8,1238.19,2026-01-13 23:45:00
2026-01-14,Paid Search,google,cpc,778,361,1029,795,0.7726,45,4627.59,2026-01-14 23:45:00
2026-01-14,Paid Social,facebook,paid_social,659,411,789,619,0.7845,29,2943.5,2026-01-14 23:45:00
2026-01-14,Paid Social,linkedin,paid_social,629,377,723,500,0.6916,21,4507.95,2026-01-14 23:45:00
2026-01-14,Organic Search,google,organic,1309,714,1506,1081,0.7178,40,8603.93,2026-01-14 23:45:00
2026-01-14,Direct,(direct),(none),474,333,593,448,0.7555,20,3887.11,2026-01-14 23:45:00
2026-01-14,Referral,partner,referral,264,165,328,241,0.7348,11,1489.42,2026-01-14 23:45:00
2026-01-15,Paid Search,google,cpc,808,374,973,681,0.6999,44,9123.76,2026-01-15 23:45:00
2026-01-15,Paid Social,facebook,paid_social,623,415,810,548,0.6765,19,2777.52,2026-01-15 23:45:00
2026-01-15,Paid Social,linkedin,paid_social,712,324,841,656,0.78,23,3488.04,2026-01-15 23:45:00
2026-01-15,Organic Search,google,organic,1251,863,1393,912,0.6547,51,11245.6,2026-01-15 23:45:00
2026-01-15,Direct,(direct),(none),503,338,631,393,0.6228,21,2132.06,2026-01-15 23:45:00
2026-01-15,Referral,partner,referral,272,183,360,284,0.7889,6,1178.71,2026-01-15 23:45:00
2026-01-16,Paid Search,google,cpc,786,546,1056,741,0.7017,45,9385.32,2026-01-16 23:45:00
2026-01-16,Paid Social,facebook,paid_social,596,309,746,596,0.7989,25,2296.5,2026-01-16 23:45:00
2026-01-16,Paid Social,linkedin,paid_social,596,295,757,505,0.6671,13,1333.17,2026-01-16 23:45:00
2026-01-16,Organic Search,google,organic,661,430,773,622,0.8047,23,4097.24,2026-01-16 23:45:00
2026-01-16,Direct,(direct),(none),590,272,687,411,0.5983,18,3216.05,2026-01-16 23:45:00
2026-01-16,Referral,partner,referral,383,254,459,297,0.6471,13,1189.46,2026-01-16 23:45:00
2026-01-17,Paid Search,google,cpc,897,473,1079,865,0.8017,58,13825.52,2026-01-17 23:45:00
2026-01-17,Paid Social,facebook,paid_social,642,383,830,666,0.8024,23,2343.9,2026-01-17 23:45:00
2026-01-17,Paid Social,linkedin,paid_social,579,315,705,421,0.5972,20,4009.58,2026-01-17 23:45:00
2026-01-17,Organic Search,google,organic,973,578,1118,753,0.6735,39,7216.13,2026-01-17 23:45:00
2026-01-17,Direct,(direct),(none),433,211,560,378,0.675,31,6992.21,2026-01-17 23:45:00
2026-01-17,Referral,partner,referral,239,132,280,202,0.7214,5,1103.82,2026-01-17 23:45:00
2026-01-18,Paid Search,google,cpc,823,404,1041,675,0.6484,44,7692.23,2026-01-18 23:45:00
2026-01-18,Paid Social,facebook,paid_social,637,322,842,633,0.7518,23,5381.35,2026-01-18 23:45:00
2026-01-18,Paid Social,linkedin,paid_social,509,287,688,506,0.7355,22,4037.99,2026-01-18 23:45:00
2026-01-18,Organic Search,google,organic,1087,553,1425,1000,0.7018,39,8993.42,2026-01-18 23:45:00
2026-01-18,Direct,(direct),(none),396,224,527,376,0.7135,18,3408.54,2026-01-18 23:45:00
2026-01-18,Referral,partner,referral,246,162,334,265,0.7934,10,2296.0,2026-01-18 23:45:00
2026-01-19,Paid Search,google,cpc,739,342,906,672,0.7417,35,6591.7,2026-01-19 23:45:00
2026-01-19,Paid Social,facebook,paid_social,583,303,723,572,0.7911,24,4674.74,2026-01-19 23:45:00
2026-01-19,Paid Social,linkedin,paid_social,449,310,600,402,0.67,19,3978.57,2026-01-19 23:45:00
2026-01-19,Organic Search,google,organic,752,479,1019,788,0.7733,35,5911.44,2026-01-19 23:45:00
2026-01-19,Direct,(direct),(none),453,301,593,478,0.8061,23,4428.35,2026-01-19 23:45:00
2026-01-19,Referral,partner,referral,341,234,380,277,0.7289,10,1088.32,2026-01-19 23:45:00
2026-01-20,Paid Search,google,cpc,673,452,909,569,0.626,43,7791.99,2026-01-20 23:45:00
2026-01-20,Paid Social,facebook,paid_social,793,460,883,578,0.6546,20,4357.44,2026-01-20 23:45:00
2026-01-20,Paid Social,linkedin,paid_social,785,462,953,587,0.6159,17,2004.73,2026-01-20 23:45:00
2026-01-20,Organic Search,google,organic,1125,763,1279,931,0.7279,43,8112.51,2026-01-20 23:45:00
2026-01-20,Direct,(direct),(none),544,287,676,469,0.6938,36,3386.01,2026-01-20 23:45:00
2026-01-20,Referral,partner,referral,345,172,401,287,0.7157,13,1957.53,2026-01-20 23:45:00
2026-01-21,Paid Search,google,cpc,736,513,846,657,0.7766,34,3246.84,2026-01-21 23:45:00
2026-01-21,Paid Social,facebook,paid_social,504,304,666,451,0.6772,12,2180.11,2026-01-21 23:45:00
2026-01-21,Paid Social,linkedin,paid_social,500,364,607,396,0.6524,10,2022.95,2026-01-21 23:45:00
2026-01-21,Organic Search,google,organic,880,471,1106,852,0.7703,38,8106.81,2026-01-21 23:45:00
2026-01-21,Direct,(direct),(none),541,340,688,544,0.7907,23,3198.78,2026-01-21 23:45:00
2026-01-21,Referral,partner,referral,376,258,422,263,0.6232,11,2583.89,2026-01-21 23:45:00
2026-01-22,Paid Search,google,cpc,998,550,1143,816,0.7139,42,7403.45,2026-01-22 23:45:00
2026-01-22,Paid Social,facebook,paid_social,750,524,860,501,0.5826,20,3185.13,2026-01-22 23:45:00
2026-01-22,Paid Social,linkedin,paid_social,749,484,845,658,0.7787,21,2044.73,2026-01-22 23:45:00
2026-01-22,Organic Search,google,organic,963,565,1189,795,0.6686,29,3495.99,2026-01-22 23:45:00
2026-01-22,Direct,(direct),(none),522,354,639,408,0.6385,17,4040.8,2026-01-22 23:45:00
2026-01-22,Referral,partner,referral,337,235,403,324,0.804,7,859.98,2026-01-22 23:45:00
2026-01-23,Paid Search,google,cpc,737,352,988,657,0.665,31,3115.23,2026-01-23 23:45:00
2026-01-23,Paid Social,facebook,paid_social,656,448,748,588,0.7861,21,3955.69,2026-01-23 23:45:00
2026-01-23,Paid Social,linkedin,paid_social,538,310,734,571,0.7779,18,1770.51,2026-01-23 23:45:00
2026-01-23,Organic Search,google,organic,933,455,1180,928,0.7864,56,13346.45,2026-01-23 23:45:00
2026-01-23,Direct,(direct),(none),606,372,743,510,0.6864,26,4764.76,2026-01-23 23:45:00
2026-01-23,Referral,partner,referral,324,222,378,275,0.7275,6,618.14,2026-01-23 23:45:00
2026-01-24,Paid Search,google,cpc,866,628,1042,644,0.618,39,5986.71,2026-01-24 23:45:00
2026-01-24,Paid Social,facebook,paid_social,753,537,859,619,0.7206,26,4774.45,2026-01-24 23:45:00
2026-01-24,Paid Social,linkedin,paid_social,709,454,826,533,0.6453,22,2459.48,2026-01-24 23:45:00
2026-01-24,Organic Search,google,organic,855,426,1068,747,0.6994,29,2752.47,2026-01-24 23:45:00
2026-01-24,Direct,(direct),(none),515,328,697,404,0.5796,26,5952.54,2026-01-24 23:45:00
2026-01-24,Referral,partner,referral,275,193,341,263,0.7713,10,1428.66,2026-01-24 23:45:00
2026-01-25,Paid Search,google,cpc,833,398,1042,716,0.6871,43,4493.32,2026-01-25 23:45:00
2026-01-25,Paid Social,facebook,paid_social,660,414,824,672,0.8155,15,3573.11,2026-01-25 23:45:00
2026-01-25,Paid Social,linkedin,paid_social,767,417,891,562,0.6308,21,4537.51,2026-01-25 23:45:00
2026-01-25,Organic Search,google,organic,952,554,1126,724,0.643,35,7681.78,2026-01-25 23:45:00
2026-01-25,Direct,(direct),(none),491,283,571,409,0.7163,21,2484.89,2026-01-25 23:45:00
2026-01-25,Referral,partner,referral,247,111,332,214,0.6446,6,567.92,2026-01-25 23:45:00
2026-01-26,Paid Search,google,cpc,864,464,1106,885,0.8002,58,10425.44,2026-01-26 23:45:00
2026-01-26,Paid Social,facebook,paid_social,552,369,726,481,0.6625,20,2688.46,2026-01-26 23:45:00
2026-01-26,Paid Social,linkedin,paid_social,447,264,572,434,0.7587,15,2927.58,2026-01-26 23:45:00
2026-01-26,Organic Search,google,organic,1292,785,1483,1197,0.8071,44,8534.39,2026-01-26 23:45:00
2026-01-26,Direct,(direct),(none),631,294,768,576,0.75,28,6194.44,2026-01-26 23:45:00
2026-01-26,Referral,partner,referral,265,134,346,211,0.6098,11,1824.83,2026-01-26 23:45:00
2026-01-27,Paid Search,google,cpc,814,487,1083,635,0.5863,45,10217.41,2026-01-27 23:45:00
2026-01-27,Paid Social,facebook,paid_social,750,476,835,587,0.703,22,4620.38,2026-01-27 23:45:00
2026-01-27,Paid Social,linkedin,paid_social,749,545,866,583,0.6732,20,2974.82,2026-01-27 23:45:00
2026-01-27,Organic Search,google,organic,1076,769,1385,973,0.7025,60,5735.2,2026-01-27 23:45:00
2026-01-27,Direct,(direct),(none),528,266,633,425,0.6714,29,2960.09,2026-01-27 23:45:00
2026-01-27,Referral,partner,referral,298,196,365,291,0.7973,9,1023.76,2026-01-27 23:45:00
2026-01-28,Paid Search,google,cpc,853,488,953,585,0.6139,47,6198.01,2026-01-28 23:45:00
2026-01-28,Paid Social,facebook,paid_social,600,318,694,517,0.745,13,2184.96,2026-01-28 23:45:00
2026-01-28,Paid Social,linkedin,paid_social,736,371,843,622,0.7378,17,2867.62,2026-01-28 23:45:00
2026-01-28,Organic Search,google,organic,1002,472,1383,1080,0.7809,40,7442.44,2026-01-28 23:45:00
2026-01-28,Direct,(direct),(none),488,228,614,491,0.7997,33,4005.74,2026-01-28 23:45:00
2026-01-28,Referral,partner,referral,289,138,360,243,0.675,4,674.78,2026-01-28 23:45:00
2026-01-29,Paid Search,google,cpc,695,322,890,629,0.7067,31,4210.61,2026-01-29 23:45:00
2026-01-29,Paid Social,facebook,paid_social,661,393,772,604,0.7824,18,2802.9,2026-01-29 23:45:00
2026-01-29,Paid Social,linkedin,paid_social,641,380,860,621,0.7221,21,4813.45,2026-01-29 23:45:00
2026-01-29,Organic Search,google,organic,1006,720,1185,707,0.5966,38,7347.52,2026-01-29 23:45:00
2026-01-29,Direct,(direct),(none),511,240,685,474,0.692,29,3543.36,2026-01-29 23:45:00
2026-01-29,Referral,partner,referral,263,166,352,222,0.6307,11,1102.54,2026-01-29 23:45:00
2026-01-30,Paid Search,google,cpc,750,561,969,660,0.6811,38,4806.57,2026-01-30 23:45:00
2026-01-30,Paid Social,facebook,paid_social,655,425,746,513,0.6877,26,3272.78,2026-01-30 23:45:00
2026-01-30,Paid Social,linkedin,paid_social,683,350,891,618,0.6936,18,3178.79,2026-01-30 23:45:00
2026-01-30,Organic Search,google,organic,1021,726,1258,950,0.7552,33,4560.29,2026-01-30 23:45:00
2026-01-30,Direct,(direct),(none),569,396,708,480,0.678,32,3526.17,2026-01-30 23:45:00
2026-01-30,Referral,partner,referral,362,175,423,314,0.7423,13,2765.55,2026-01-30 23:45:00
2026-01-31,Paid Search,google,cpc,904,544,1100,772,0.7018,61,11849.57,2026-01-31 23:45:00
2026-01-31,Paid Social,facebook,paid_social,593,283,777,628,0.8082,16,2458.94,2026-01-31 23:45:00
2026-01-31,Paid Social,linkedin,paid_social,607,358,814,477,0.586,22,2746.12,2026-01-31 23:45:00
2026-01-31,Organic Search,google,organic,1121,522,1295,761,0.5876,41,9819.97,2026-01-31 23:45:00
2026-01-31,Direct,(direct),(none),545,396,664,507,0.7636,20,2492.82,2026-01-31 23:45:00
2026-01-31,Referral,partner,referral,309,188,388,291,0.75,12,1486.04,2026-01-31 23:45:00
2026-02-01,Paid Search,google,cpc,815,394,1029,782,0.76,42,7368.59,2026-02-01 23:45:00
2026-02-01,Paid Social,facebook,paid_social,714,436,845,617,0.7302,15,1786.93,2026-02-01 23:45:00
2026-02-01,Paid Social,linkedin,paid_social,674,453,800,599,0.7488,15,1981.5,2026-02-01 23:45:00
2026-02-01,Organic Search,google,organic,709,456,896,561,0.6261,29,5790.4,2026-02-01 23:45:00
2026-02-01,Direct,(direct),(none),567,384,717,425,0.5927,16,1912.43,2026-02-01 23:45:00
2026-02-01,Referral,partner,referral,331,167,407,331,0.8133,9,1133.72,2026-02-01 23:45:00
2026-02-02,Paid Search,google,cpc,915,493,1130,793,0.7018,37,5836.42,2026-02-02 23:45:00
2026-02-02,Paid Social,facebook,paid_social,727,528,825,503,0.6097,25,2319.14,2026-02-02 23:45:00
2026-02-02,Paid Social,linkedin,paid_social,683,386,773,594,0.7684,20,4640.33,2026-02-02 23:45:00
2026-02-02,Organic Search,google,organic,1086,762,1284,912,0.7103,52,5242.91,2026-02-02 23:45:00
2026-02-02,Direct,(direct),(none),521,351,630,461,0.7317,26,3798.49,2026-02-02 23:45:00
2026-02-02,Referral,partner,referral,351,176,429,296,0.69,7,970.46,2026-02-02 23:45:00
2026-02-03,Paid Search,google,cpc,739,441,958,595,0.6211,37,6089.6,2026-02-03 23:45:00
2026-02-03,Paid Social,facebook,paid_social,646,296,854,590,0.6909,28,3561.45,2026-02-03 23:45:00
2026-02-03,Paid Social,linkedin,paid_social,652,344,819,586,0.7155,28,4864.03,2026-02-03 23:45:00
2026-02-03,Organic Search,google,organic,1052,541,1209,968,0.8007,40,9381.97,2026-02-03 23:45:00
2026-02-03,Direct,(direct),(none),602,359,695,404,0.5813,27,4708.41,2026-02-03 23:45:00
2026-02-03,Referral,partner,referral,310,188,364,266,0.7308,6,1147.08,2026-02-03 23:45:00
2026-02-04,Paid Search,google,cpc,749,480,923,748,0.8104,43,6236.63,2026-02-04 23:45:00
2026-02-04,Paid Social,facebook,paid_social,538,283,705,494,0.7007,17,3998.45,2026-02-04 23:45:00
2026-02-04,Paid Social,linkedin,paid_social,498,345,648,513,0.7917,20,4093.72,2026-02-04 23:45:00
2026-02-04,Organic Search,google,organic,1152,575,1297,1020,0.7864,49,6554.63,2026-02-04 23:45:00
2026-02-04,Direct,(direct),(none),408,300,548,382,0.6971,20,3312.46,2026-02-04 23:45:00
2026-02-04,Referral,partner,referral,349,183,409,273,0.6675,7,1534.35,2026-02-04 23:45:00
2026-02-05,Paid Search,google,cpc,984,632,1263,744,0.5891,53,6596.96,2026-02-05 23:45:00
2026-02-05,Paid Social,facebook,paid_social,687,410,872,525,0.6021,17,2560.54,2026-02-05 23:45:00
2026-02-05,Paid Social,linkedin,paid_social,624,290,735,516,0.702,19,3961.81,2026-02-05 23:45:00
2026-02-05,Organic Search,google,organic,962,543,1140,833,0.7307,39,8657.85,2026-02-05 23:45:00
2026-02-05,Direct,(direct),(none),537,303,669,434,0.6487,34,5307.58,2026-02-05 23:45:00
2026-02-05,Referral,partner,referral,384,255,450,289,0.6422,13,2555.36,2026-02-05 23:45:00
2026-02-06,Paid Search,google,cpc,762,542,979,587,0.5996,43,7113.73,2026-02-06 23:45:00
2026-02-06,Paid Social,facebook,paid_social,532,285,716,522,0.7291,21,3461.73,2026-02-06 23:45:00
2026-02-06,Paid Social,linkedin,paid_social,662,468,789,620,0.7858,18,3987.31,2026-02-06 23:45:00
2026-02-06,Organic Search,google,organic,1007,557,1296,782,0.6034,43,8882.38,2026-02-06 23:45:00
2026-02-06,Direct,(direct),(none),505,313,595,448,0.7529,24,5194.04,2026-02-06 23:45:00
2026-02-06,Referral,partner,referral,323,175,411,288,0.7007,11,2115.76,2026-02-06 23:45:00
2026-02-07,Paid Search,google,cpc,848,456,1042,831,0.7975,52,9821.03,2026-02-07 23:45:00
2026-02-07,Paid Social,facebook,paid_social,697,326,893,561,0.6282,16,2932.95,2026-02-07 23:45:00
2026-02-07,Paid Social,linkedin,paid_social,610,415,830,487,0.5867,25,2939.26,2026-02-07 23:45:00
2026-02-07,Organic Search,google,organic,753,515,926,628,0.6782,27,4838.03,2026-02-07 23:45:00
2026-02-07,Direct,(direct),(none),515,333,687,403,0.5866,28,2874.92,2026-02-07 23:45:00
2026-02-07,Referral,partner,referral,337,183,443,339,0.7652,11,1250.82,2026-02-07 23:45:00
2026-02-08,Paid Search,google,cpc,651,326,877,612,0.6978,38,7567.44,2026-02-08 23:45:00
2026-02-08,Paid Social,facebook,paid_social,633,307,719,431,0.5994,18,1889.7,2026-02-08 23:45:00
2026-02-08,Paid Social,linkedin,paid_social,700,390,820,554,0.6756,28,4121.95,2026-02-08 23:45:00
2026-02-08,Organic Search,google,organic,1054,649,1459,1144,0.7841,55,7532.43,2026-02-08 23:45:00
2026-02-08,Direct,(direct),(none),535,372,692,456,0.659,32,5128.91,2026-02-08 23:45:00
2026-02-08,Referral,partner,referral,310,156,381,231,0.6063,12,1862.29,2026-02-08 23:45:00
2026-02-09,Paid Search,google,cpc,801,510,1009,770,0.7631,51,5369.36,2026-02-09 23:45:00
2026-02-09,Paid Social,facebook,paid_social,594,412,748,551,0.7366,23,3191.46,2026-02-09 23:45:00
2026-02-09,Paid Social,linkedin,paid_social,644,375,797,552,0.6926,25,3901.73,2026-02-09 23:45:00
2026-02-09,Organic Search,google,organic,865,607,1066,854,0.8011,33,4639.91,2026-02-09 23:45:00
2026-02-09,Direct,(direct),(none),489,281,554,452,0.8159,14,2334.34,2026-02-09 23:45:00
2026-02-09,Referral,partner,referral,363,201,415,324,0.7807,10,1316.15,2026-02-09 23:45:00
2026-02-10,Paid Search,google,cpc,617,355,814,537,0.6597,42,6038.89,2026-02-10 23:45:00
2026-02-10,Paid Social,facebook,paid_social,686,509,764,611,0.7997,23,3149.93,2026-02-10 23:45:00
2026-02-10,Paid Social,linkedin,paid_social,789,387,958,715,0.7463,25,3621.2,2026-02-10 23:45:00
2026-02-10,Organic Search,google,organic,972,693,1343,826,0.615,44,5420.77,2026-02-10 23:45:00
2026-02-10,Direct,(direct),(none),399,230,543,377,0.6943,23,4923.3,2026-02-10 23:45:00
2026-02-10,Referral,partner,referral,265,137,338,216,0.6391,8,1008.65,2026-02-10 23:45:00
2026-02-11,Paid Search,google,cpc,755,492,1036,804,0.7761,42,5025.36,2026-02-11 23:45:00
2026-02-11,Paid Social,facebook,paid_social,703,456,844,503,0.596,26,2477.02,2026-02-11 23:45:00
2026-02-11,Paid Social,linkedin,paid_social,765,551,960,632,0.6583,17,3073.31,2026-02-11 23:45:00
2026-02-11,Organic Search,google,organic,1226,636,1366,921,0.6742,43,6543.96,2026-02-11 23:45:00
2026-02-11,Direct,(direct),(none),500,248,630,508,0.8063,19,1944.44,2026-02-11 23:45:00
2026-02-11,Referral,partner,referral,363,231,410,332,0.8098,9,1254.85,2026-02-11 23:45:00
2026-02-12,Paid Search,google,cpc,761,433,919,645,0.7018,43,9829.96,2026-02-12 23:45:00
2026-02-12,Paid Social,facebook,paid_social,712,414,827,588,0.711,22,4670.66,2026-02-12 23:45:00
2026-02-12,Paid Social,linkedin,paid_social,607,398,746,436,0.5845,21,4274.18,2026-02-12 23:45:00
2026-02-12,Organic Search,google,organic,944,661,1174,792,0.6746,44,9426.5,2026-02-12 23:45:00
2026-02-12,Direct,(direct),(none),524,356,667,444,0.6657,24,4487.32,2026-02-12 23:45:00
2026-02-12,Referral,partner,referral,395,279,449,320,0.7127,6,1087.95,2026-02-12 23:45:00
2026-02-13,Paid Search,google,cpc,754,423,1026,618,0.6023,57,8770.29,2026-02-13 23:45:00
2026-02-13,Paid Social,facebook,paid_social,676,355,773,467,0.6041,15,2314.31,2026-02-13 23:45:00
2026-02-13,Paid Social,linkedin,paid_social,595,446,704,554,0.7869,25,5761.41,2026-02-13 23:45:00
2026-02-13,Organic Search,google,organic,1049,573,1336,884,0.6617,39,6901.68,2026-02-13 23:45:00
2026-02-13,Direct,(direct),(none),458,206,538,434,0.8067,23,3525.77,2026-02-13 23:45:00
2026-02-13,Referral,partner,referral,290,130,325,194,0.5969,14,2588.83,2026-02-13 23:45:00
2026-02-14,Paid Search,google,cpc,833,549,1093,752,0.688,40,3943.66,2026-02-14 23:45:00
2026-02-14,Paid Social,facebook,paid_social,625,294,804,644,0.801,30,2942.67,2026-02-14 23:45:00
2026-02-14,Paid Social,linkedin,paid_social,499,309,664,441,0.6642,22,4716.83,2026-02-14 23:45:00
2026-02-14,Organic Search,google,organic,948,493,1299,930,0.7159,50,9596.49,2026-02-14 23:45:00
2026-02-14,Direct,(direct),(none),613,385,809,565,0.6984,29,6217.96,2026-02-14 23:45:00
2026-02-14,Referral,partner,referral,320,238,437,277,0.6339,10,1332.3,2026-02-14 23:45:00
2026-02-15,Paid Search,google,cpc,822,543,1011,820,0.8111,44,8730.5,2026-02-15 23:45:00
2026-02-15,Paid Social,facebook,paid_social,620,457,786,463,0.5891,21,3242.55,2026-02-15 23:45:00
2026-02-15,Paid Social,linkedin,paid_social,647,397,737,486,0.6594,23,4003.54,2026-02-15 23:45:00
2026-02-15,Organic Search,google,organic,812,382,1028,749,0.7286,31,3878.47,2026-02-15 23:45:00
2026-02-15,Direct,(direct),(none),586,282,728,430,0.5907,23,4199.51,2026-02-15 23:45:00
2026-02-15,Referral,partner,referral,270,156,363,216,0.595,9,1021.87,2026-02-15 23:45:00
2026-02-16,Paid Search,google,cpc,931,474,1148,779,0.6786,57,10092.96,2026-02-16 23:45:00
2026-02-16,Paid Social,facebook,paid_social,691,389,774,457,0.5904,23,2731.04,2026-02-16 23:45:00
2026-02-16,Paid Social,linkedin,paid_social,640,460,820,606,0.739,22,4391.38,2026-02-16 23:45:00
2026-02-16,Organic Search,google,organic,1038,561,1319,856,0.649,34,3142.02,2026-02-16 23:45:00
2026-02-16,Direct,(direct),(none),473,225,568,365,0.6426,15,1594.25,2026-02-16 23:45:00
2026-02-16,Referral,partner,referral,373,182,450,362,0.8044,10,962.72,2026-02-16 23:45:00
2026-02-17,Paid Search,google,cpc,809,555,1085,737,0.6793,55,7547.04,2026-02-17 23:45:00
2026-02-17,Paid Social,facebook,paid_social,632,369,756,541,0.7156,19,1848.18,2026-02-17 23:45:00
2026-02-17,Paid Social,linkedin,paid_social,821,591,968,627,0.6477,35,3557.64,2026-02-17 23:45:00
2026-02-17,Organic Search,google,organic,870,515,1104,733,0.6639,27,2963.6,2026-02-17 23:45:00
2026-02-17,Direct,(direct),(none),504,316,616,488,0.7922,24,2598.24,2026-02-17 23:45:00
2026-02-17,Referral,partner,referral,328,181,389,318,0.8175,9,1656.13,2026-02-17 23:45:00
2026-02-18,Paid Search,google,cpc,982,701,1260,821,0.6516,57,5225.42,2026-02-18 23:45:00
2026-02-18,Paid Social,facebook,paid_social,739,449,928,708,0.7629,25,4515.89,2026-02-18 23:45:00
2026-02-18,Paid Social,linkedin,paid_social,592,361,670,420,0.6269,21,4279.38,2026-02-18 23:45:00
2026-02-18,Organic Search,google,organic,952,576,1151,882,0.7663,41,7734.98,2026-02-18 23:45:00
2026-02-18,Direct,(direct),(none),471,262,631,475,0.7528,21,4009.99,2026-02-18 23:45:00
2026-02-18,Referral,partner,referral,369,269,443,351,0.7923,13,3000.9,2026-02-18 23:45:00
2026-02-19,Paid Search,google,cpc,816,418,940,689,0.733,41,9582.01,2026-02-19 23:45:00
2026-02-19,Paid Social,facebook,paid_social,582,313,673,399,0.5929,14,1348.65,2026-02-19 23:45:00
2026-02-19,Paid Social,linkedin,paid_social,651,356,822,606,0.7372,29,4625.97,2026-02-19 23:45:00
2026-02-19,Organic Search,google,organic,903,594,1077,824,0.7651,31,5960.74,2026-02-19 23:45:00
2026-02-19,Direct,(direct),(none),504,277,662,458,0.6918,33,3819.6,2026-02-19 23:45:00
2026-02-19,Referral,partner,referral,304,182,347,218,0.6282,10,1649.62,2026-02-19 23:45:00
2026-02-20,Paid Search,google,cpc,892,601,1031,798,0.774,51,11446.5,2026-02-20 23:45:00
2026-02-20,Paid Social,facebook,paid_social,641,372,726,505,0.6956,20,2144.81,2026-02-20 23:45:00
2026-02-20,Paid Social,linkedin,paid_social,686,483,839,636,0.758,21,3676.74,2026-02-20 23:45:00
2026-02-20,Organic Search,google,organic,1034,725,1164,888,0.7629,42,4848.02,2026-02-20 23:45:00
2026-02-20,Direct,(direct),(none),553,378,713,477,0.669,20,3894.39,2026-02-20 23:45:00
2026-02-20,Referral,partner,referral,244,181,320,216,0.675,11,1893.73,2026-02-20 23:45:00
2026-02-21,Paid Search,google,cpc,862,466,1072,670,0.625,33,5812.13,2026-02-21 23:45:00
2026-02-21,Paid Social,facebook,paid_social,593,418,790,571,0.7228,28,5022.26,2026-02-21 23:45:00
2026-02-21,Paid Social,linkedin,paid_social,696,437,807,585,0.7249,19,4511.07,2026-02-21 23:45:00
2026-02-21,Organic Search,google,organic,912,584,1228,864,0.7036,47,5192.92,2026-02-21 23:45:00
2026-02-21,Direct,(direct),(none),511,363,615,361,0.587,26,3536.1,2026-02-21 23:45:00
2026-02-21,Referral,partner,referral,366,189,408,310,0.7598,7,1554.74,2026-02-21 23:45:00
2026-02-22,Paid Search,google,cpc,909,521,1254,830,0.6619,70,12448.71,2026-02-22 23:45:00
2026-02-22,Paid Social,facebook,paid_social,587,282,759,492,0.6482,21,3856.13,2026-02-22 23:45:00
2026-02-22,Paid Social,linkedin,paid_social,617,283,726,507,0.6983,23,4068.58,2026-02-22 23:45:00
2026-02-22,Organic Search,google,organic,936,481,1221,948,0.7764,36,4411.31,2026-02-22 23:45:00
2026-02-22,Direct,(direct),(none),495,279,612,355,0.5801,23,4957.5,2026-02-22 23:45:00
2026-02-22,Referral,partner,referral,305,200,378,293,0.7751,3,287.02,2026-02-22 23:45:00
2026-02-23,Paid Search,google,cpc,516,272,707,451,0.6379,28,5447.68,2026-02-23 23:45:00
2026-02-23,Paid Social,facebook,paid_social,527,361,676,459,0.679,19,2373.75,2026-02-23 23:45:00
2026-02-23,Paid Social,linkedin,paid_social,564,329,757,572,0.7556,16,2774.01,2026-02-23 23:45:00
2026-02-23,Organic Search,google,organic,1063,656,1238,897,0.7246,35,7581.08,2026-02-23 23:45:00
2026-02-23,Direct,(direct),(none),509,269,580,342,0.5897,21,2253.01,2026-02-23 23:45:00
2026-02-23,Referral,partner,referral,322,204,402,320,0.796,9,1610.33,2026-02-23 23:45:00
2026-02-24,Paid Search,google,cpc,818,458,1066,732,0.6867,48,5557.76,2026-02-24 23:45:00
2026-02-24,Paid Social,facebook,paid_social,759,552,926,584,0.6307,23,3392.4,2026-02-24 23:45:00
2026-02-24,Paid Social,linkedin,paid_social,540,321,642,396,0.6168,27,4708.0,2026-02-24 23:45:00
2026-02-24,Organic Search,google,organic,1040,754,1423,1142,0.8025,43,8836.4,2026-02-24 23:45:00
2026-02-24,Direct,(direct),(none),645,404,730,574,0.7863,23,5105.55,2026-02-24 23:45:00
2026-02-24,Referral,partner,referral,282,194,344,265,0.7703,8,1708.44,2026-02-24 23:45:00
2026-02-25,Paid Search,google,cpc,746,379,991,669,0.6751,30,5995.34,2026-02-25 23:45:00
2026-02-25,Paid Social,facebook,paid_social,644,477,790,545,0.6899,31,3826.8,2026-02-25 23:45:00
2026-02-25,Paid Social,linkedin,paid_social,593,341,692,533,0.7702,20,2958.41,2026-02-25 23:45:00
2026-02-25,Organic Search,google,organic,1058,733,1357,990,0.7296,49,9494.31,2026-02-25 23:45:00
2026-02-25,Direct,(direct),(none),599,343,734,583,0.7943,28,6660.48,2026-02-25 23:45:00
2026-02-25,Referral,partner,referral,289,197,356,241,0.677,8,1654.82,2026-02-25 23:45:00
2026-02-26,Paid Search,google,cpc,768,380,960,757,0.7885,56,11086.64,2026-02-26 23:45:00
2026-02-26,Paid Social,facebook,paid_social,639,470,781,602,0.7708,16,3463.06,2026-02-26 23:45:00
2026-02-26,Paid Social,linkedin,paid_social,578,285,741,446,0.6019,20,3395.55,2026-02-26 23:45:00
2026-02-26,Organic Search,google,organic,1144,624,1429,882,0.6172,42,7059.52,2026-02-26 23:45:00
2026-02-26,Direct,(direct),(none),485,240,556,384,0.6906,19,3325.75,2026-02-26 23:45:00
2026-02-26,Referral,partner,referral,377,244,424,307,0.7241,9,2004.32,2026-02-26 23:45:00
2026-02-27,Paid Search,google,cpc,684,384,849,588,0.6926,28,5991.5,2026-02-27 23:45:00
2026-02-27,Paid Social,facebook,paid_social,569,421,719,539,0.7497,18,3470.49,2026-02-27 23:45:00
2026-02-27,Paid Social,linkedin,paid_social,600,275,811,513,0.6326,24,2772.46,2026-02-27 23:45:00
2026-02-27,Organic Search,google,organic,980,483,1188,849,0.7146,38,7349.68,2026-02-27 23:45:00
2026-02-27,Direct,(direct),(none),653,435,802,566,0.7057,40,9563.58,2026-02-27 23:45:00
2026-02-27,Referral,partner,referral,333,151,434,351,0.8088,8,1884.8,2026-02-27 23:45:00
2026-02-28,Paid Search,google,cpc,988,706,1142,708,0.62,49,9667.53,2026-02-28 23:45:00
2026-02-28,Paid Social,facebook,paid_social,635,343,820,538,0.6561,33,3196.74,2026-02-28 23:45:00
2026-02-28,Paid Social,linkedin,paid_social,667,319,748,575,0.7687,16,3280.73,2026-02-28 23:45:00
2026-02-28,Organic Search,google,organic,876,598,1038,804,0.7746,30,6370.84,2026-02-28 23:45:00
2026-02-28,Direct,(direct),(none),587,419,663,512,0.7722,33,4449.62,2026-02-28 23:45:00
2026-02-28,Referral,partner,referral,292,198,362,280,0.7735,8,1407.7,2026-02-28 23:45:00
2026-03-01,Paid Search,google,cpc,911,603,1061,845,0.7964,39,4985.95,2026-03-01 23:45:00
2026-03-01,Paid Social,facebook,paid_social,612,371,712,456,0.6404,23,5400.87,2026-03-01 23:45:00
2026-03-01,Paid Social,linkedin,paid_social,603,359,744,582,0.7823,15,2782.22,2026-03-01 23:45:00
2026-03-01,Organic Search,google,organic,1116,803,1254,887,0.7073,42,8469.65,2026-03-01 23:45:00
2026-03-01,Direct,(direct),(none),504,273,599,393,0.6561,22,2000.97,2026-03-01 23:45:00
2026-03-01,Referral,partner,referral,240,175,316,255,0.807,12,1083.89,2026-03-01 23:45:00
2026-03-02,Paid Search,google,cpc,792,458,998,674,0.6754,32,3182.11,2026-03-02 23:45:00
2026-03-02,Paid Social,facebook,paid_social,534,254,732,546,0.7459,14,2639.59,2026-03-02 23:45:00
2026-03-02,Paid Social,linkedin,paid_social,615,282,815,588,0.7215,20,3220.95,2026-03-02 23:45:00
2026-03-02,Organic Search,google,organic,965,680,1204,753,0.6254,38,7260.49,2026-03-02 23:45:00
2026-03-02,Direct,(direct),(none),533,395,662,504,0.7613,19,3943.65,2026-03-02 23:45:00
2026-03-02,Referral,partner,referral,290,161,357,239,0.6695,7,1408.21,2026-03-02 23:45:00
2026-03-03,Paid Search,google,cpc,893,499,1038,619,0.5963,49,10124.47,2026-03-03 23:45:00
2026-03-03,Paid Social,facebook,paid_social,679,442,866,617,0.7125,15,3309.48,2026-03-03 23:45:00
2026-03-03,Paid Social,linkedin,paid_social,602,370,800,514,0.6425,28,4031.39,2026-03-03 23:45:00
2026-03-03,Organic Search,google,organic,642,402,871,702,0.806,22,3374.13,2026-03-03 23:45:00
2026-03-03,Direct,(direct),(none),439,319,583,451,0.7736,15,2819.07,2026-03-03 23:45:00
2026-03-03,Referral,partner,referral,330,194,367,284,0.7738,6,918.65,2026-03-03 23:45:00
2026-03-04,Paid Search,google,cpc,1024,487,1191,830,0.6969,45,8489.26,2026-03-04 23:45:00
2026-03-04,Paid Social,facebook,paid_social,659,311,776,545,0.7023,27,5920.08,2026-03-04 23:45:00
2026-03-04,Paid Social,linkedin,paid_social,566,343,709,454,0.6403,18,3362.53,2026-03-04 23:45:00
2026-03-04,Organic Search,google,organic,799,595,1081,772,0.7142,27,5690.56,2026-03-04 23:45:00
2026-03-04,Direct,(direct),(none),673,355,764,487,0.6374,27,2879.73,2026-03-04 23:45:00
2026-03-04,Referral,partner,referral,270,192,355,254,0.7155,10,1606.56,2026-03-04 23:45:00
2026-03-05,Paid Search,google,cpc,822,608,1027,827,0.8053,35,7439.37,2026-03-05 23:45:00
2026-03-05,Paid Social,facebook,paid_social,626,305,834,535,0.6415,28,5823.22,2026-03-05 23:45:00
2026-03-05,Paid Social,linkedin,paid_social,563,299,725,474,0.6538,24,5042.61,2026-03-05 23:45:00
2026-03-05,Organic Search,google,organic,780,490,1060,834,0.7868,24,4001.82,2026-03-05 23:45:00
2026-03-05,Direct,(direct),(none),508,275,604,399,0.6606,20,4669.83,2026-03-05 23:45:00
2026-03-05,Referral,partner,referral,272,165,369,215,0.5827,17,1607.14,2026-03-05 23:45:00
2026-03-06,Paid Search,google,cpc,871,640,1017,700,0.6883,35,3673.6,2026-03-06 23:45:00
2026-03-06,Paid Social,facebook,paid_social,746,453,897,673,0.7503,23,2884.93,2026-03-06 23:45:00
2026-03-06,Paid Social,linkedin,paid_social,605,330,741,578,0.78,24,4832.75,2026-03-06 23:45:00
2026-03-06,Organic Search,google,organic,1162,733,1457,928,0.6369,55,12610.99,2026-03-06 23:45:00
2026-03-06,Direct,(direct),(none),527,372,642,461,0.7181,20,3588.49,2026-03-06 23:45:00
2026-03-06,Referral,partner,referral,280,173,368,273,0.7418,15,3375.5,2026-03-06 23:45:00
2026-03-07,Paid Search,google,cpc,731,473,906,621,0.6854,38,8882.3,2026-03-07 23:45:00
2026-03-07,Paid Social,facebook,paid_social,618,338,693,515,0.7431,22,2352.93,2026-03-07 23:45:00
2026-03-07,Paid Social,linkedin,paid_social,673,373,891,560,0.6285,19,2747.33,2026-03-07 23:45:00
2026-03-07,Organic Search,google,organic,1032,617,1224,848,0.6928,48,6017.53,2026-03-07 23:45:00
2026-03-07,Direct,(direct),(none),553,272,684,524,0.7661,34,3402.15,2026-03-07 23:45:00
2026-03-07,Referral,partner,referral,305,183,350,259,0.74,12,2254.56,2026-03-07 23:45:00
2026-03-08,Paid Search,google,cpc,797,384,886,642,0.7246,40,6802.59,2026-03-08 23:45:00
2026-03-08,Paid Social,facebook,paid_social,583,436,799,651,0.8148,23,2701.15,2026-03-08 23:45:00
2026-03-08,Paid Social,linkedin,paid_social,619,355,769,542,0.7048,28,4805.17,2026-03-08 23:45:00
2026-03-08,Organic Search,google,organic,940,696,1112,842,0.7572,36,8624.11,2026-03-08 23:45:00
2026-03-08,Direct,(direct),(none),629,361,749,492,0.6569,30,4463.99,2026-03-08 23:45:00
2026-03-08,Referral,partner,referral,342,186,393,288,0.7328,11,2453.63,2026-03-08 23:45:00
2026-03-09,Paid Search,google,cpc,642,381,846,628,0.7423,34,6224.97,2026-03-09 23:45:00
2026-03-09,Paid Social,facebook,paid_social,482,262,613,482,0.7863,16,2658.03,2026-03-09 23:45:00
2026-03-09,Paid Social,linkedin,paid_social,623,386,807,569,0.7051,20,3304.39,2026-03-09 23:45:00
2026-03-09,Organic Search,google,organic,965,495,1171,939,0.8019,29,6463.65,2026-03-09 23:45:00
2026-03-09,Direct,(direct),(none),616,429,726,490,0.6749,33,4051.3,2026-03-09 23:45:00
2026-03-09,Referral,partner,referral,273,138,350,213,0.6086,6,663.88,2026-03-09 23:45:00
2026-03-10,Paid Search,google,cpc,833,470,1074,826,0.7691,43,4277.44,2026-03-10 23:45:00
2026-03-10,Paid Social,facebook,paid_social,522,267,696,481,0.6911,24,3529.76,2026-03-10 23:45:00
2026-03-10,Paid Social,linkedin,paid_social,525,377,663,388,0.5852,20,3050.88,2026-03-10 23:45:00
2026-03-10,Organic Search,google,organic,859,537,1027,679,0.6611,25,2465.42,2026-03-10 23:45:00
2026-03-10,Direct,(direct),(none),567,304,659,509,0.7724,22,3741.58,2026-03-10 23:45:00
2026-03-10,Referral,partner,referral,393,225,442,311,0.7036,10,1221.53,2026-03-10 23:45:00
2026-03-11,Paid Search,google,cpc,813,399,952,682,0.7164,46,7929.23,2026-03-11 23:45:00
2026-03-11,Paid Social,facebook,paid_social,441,259,521,343,0.6583,15,3359.62,2026-03-11 23:45:00
2026-03-11,Paid Social,linkedin,paid_social,571,402,729,508,0.6968,16,2467.0,2026-03-11 23:45:00
2026-03-11,Organic Search,google,organic,991,477,1237,793,0.6411,32,6229.17,2026-03-11 23:45:00
2026-03-11,Direct,(direct),(none),512,380,690,431,0.6246,24,2665.62,2026-03-11 23:45:00
2026-03-11,Referral,partner,referral,311,221,415,273,0.6578,20,2168.78,2026-03-11 23:45:00
2026-03-12,Paid Search,google,cpc,723,440,878,627,0.7141,42,5492.45,2026-03-12 23:45:00
2026-03-12,Paid Social,facebook,paid_social,653,359,797,523,0.6562,18,2422.72,2026-03-12 23:45:00
2026-03-12,Paid Social,linkedin,paid_social,622,280,798,521,0.6529,18,2403.2,2026-03-12 23:45:00
2026-03-12,Organic Search,google,organic,894,544,1231,972,0.7896,38,4437.54,2026-03-12 23:45:00
2026-03-12,Direct,(direct),(none),473,217,527,335,0.6357,12,1831.16,2026-03-12 23:45:00
2026-03-12,Referral,partner,referral,284,186,329,264,0.8024,9,1368.45,2026-03-12 23:45:00
2026-03-13,Paid Search,google,cpc,521,308,716,582,0.8128,22,2625.65,2026-03-13 23:45:00
2026-03-13,Paid Social,facebook,paid_social,625,353,759,503,0.6627,20,3469.24,2026-03-13 23:45:00
2026-03-13,Paid Social,linkedin,paid_social,543,404,701,420,0.5991,16,2436.0,2026-03-13 23:45:00
2026-03-13,Organic Search,google,organic,1114,517,1351,1081,0.8001,35,3973.18,2026-03-13 23:45:00
2026-03-13,Direct,(direct),(none),565,278,736,499,0.678,50,8279.98,2026-03-13 23:45:00
2026-03-13,Referral,partner,referral,312,215,372,282,0.7581,5,679.52,2026-03-13 23:45:00
2026-03-14,Paid Search,google,cpc,699,374,970,566,0.5835,39,7954.71,2026-03-14 23:45:00
2026-03-14,Paid Social,facebook,paid_social,663,479,767,512,0.6675,27,4607.91,2026-03-14 23:45:00
2026-03-14,Paid Social,linkedin,paid_social,555,399,734,495,0.6744,25,5108.84,2026-03-14 23:45:00
2026-03-14,Organic Search,google,organic,858,496,1184,930,0.7855,38,7728.93,2026-03-14 23:45:00
2026-03-14,Direct,(direct),(none),492,356,630,452,0.7175,32,5935.81,2026-03-14 23:45:00
2026-03-14,Referral,partner,referral,287,138,373,305,0.8177,7,1251.33,2026-03-14 23:45:00
2026-03-15,Paid Search,google,cpc,781,569,1061,680,0.6409,47,6190.87,2026-03-15 23:45:00
2026-03-15,Paid Social,facebook,paid_social,729,371,843,614,0.7284,25,5936.43,2026-03-15 23:45:00
2026-03-15,Paid Social,linkedin,paid_social,512,271,583,477,0.8182,12,2278.95,2026-03-15 23:45:00
2026-03-15,Organic Search,google,organic,769,551,1027,622,0.6056,39,6514.8,2026-03-15 23:45:00
2026-03-15,Direct,(direct),(none),475,268,655,532,0.8122,23,4247.99,2026-03-15 23:45:00
2026-03-15,Referral,partner,referral,325,174,368,297,0.8071,9,1130.32,2026-03-15 23:45:00
2026-03-16,Paid Search,google,cpc,742,517,889,670,0.7537,39,3663.16,2026-03-16 23:45:00
2026-03-16,Paid Social,facebook,paid_social,649,400,735,482,0.6558,18,3197.69,2026-03-16 23:45:00
2026-03-16,Paid Social,linkedin,paid_social,594,320,706,495,0.7011,16,2371.79,2026-03-16 23:45:00
2026-03-16,Organic Search,google,organic,844,433,992,754,0.7601,35,8250.14,2026-03-16 23:45:00
2026-03-16,Direct,(direct),(none),527,281,643,514,0.7994,32,3493.83,2026-03-16 23:45:00
2026-03-16,Referral,partner,referral,347,182,410,256,0.6244,5,614.43,2026-03-16 23:45:00
2026-03-17,Paid Search,google,cpc,775,416,950,586,0.6168,49,6291.66,2026-03-17 23:45:00
2026-03-17,Paid Social,facebook,paid_social,754,386,905,631,0.6972,20,2762.41,2026-03-17 23:45:00
2026-03-17,Paid Social,linkedin,paid_social,726,413,866,517,0.597,33,6606.24,2026-03-17 23:45:00
2026-03-17,Organic Search,google,organic,985,533,1107,662,0.598,31,4888.64,2026-03-17 23:45:00
2026-03-17,Direct,(direct),(none),667,393,757,574,0.7583,22,2369.66,2026-03-17 23:45:00
2026-03-17,Referral,partner,referral,316,228,375,297,0.792,5,610.86,2026-03-17 23:45:00
2026-03-18,Paid Search,google,cpc,924,527,1038,712,0.6859,34,6587.2,2026-03-18 23:45:00
2026-03-18,Paid Social,facebook,paid_social,654,446,858,642,0.7483,28,5492.18,2026-03-18 23:45:00
2026-03-18,Paid Social,linkedin,paid_social,728,372,894,565,0.632,24,5361.47,2026-03-18 23:45:00
2026-03-18,Organic Search,google,organic,935,435,1217,829,0.6812,45,5823.11,2026-03-18 23:45:00
2026-03-18,Direct,(direct),(none),676,466,790,592,0.7494,26,4608.18,2026-03-18 23:45:00
2026-03-18,Referral,partner,referral,339,164,423,253,0.5981,13,2019.83,2026-03-18 23:45:00
2026-03-19,Paid Search,google,cpc,850,602,970,646,0.666,56,12486.5,2026-03-19 23:45:00
2026-03-19,Paid Social,facebook,paid_social,546,252,743,507,0.6824,26,5790.12,2026-03-19 23:45:00
2026-03-19,Paid Social,linkedin,paid_social,625,439,783,609,0.7778,19,2693.7,2026-03-19 23:45:00
2026-03-19,Organic Search,google,organic,1098,557,1321,849,0.6427,41,4484.23,2026-03-19 23:45:00
2026-03-19,Direct,(direct),(none),571,286,763,447,0.5858,24,3615.01,2026-03-19 23:45:00
2026-03-19,Referral,partner,referral,179,83,238,181,0.7605,3,429.44,2026-03-19 23:45:00
2026-03-20,Paid Search,google,cpc,896,644,1052,645,0.6131,48,10263.76,2026-03-20 23:45:00
2026-03-20,Paid Social,facebook,paid_social,539,253,687,451,0.6565,16,1743.87,2026-03-20 23:45:00
2026-03-20,Paid Social,linkedin,paid_social,720,526,844,489,0.5794,21,1994.92,2026-03-20 23:45:00
2026-03-20,Organic Search,google,organic,1019,669,1176,831,0.7066,36,4668.11,2026-03-20 23:45:00
2026-03-20,Direct,(direct),(none),474,324,648,487,0.7515,32,7538.13,2026-03-20 23:45:00
2026-03-20,Referral,partner,referral,258,142,357,214,0.5994,7,1279.01,2026-03-20 23:45:00
2026-03-21,Paid Search,google,cpc,727,469,900,548,0.6089,47,8044.38,2026-03-21 23:45:00
2026-03-21,Paid Social,facebook,paid_social,634,380,842,509,0.6045,28,3826.6,2026-03-21 23:45:00
2026-03-21,Paid Social,linkedin,paid_social,615,394,714,468,0.6555,14,2861.26,2026-03-21 23:45:00
2026-03-21,Organic Search,google,organic,914,479,1219,931,0.7637,42,5576.98,2026-03-21 23:45:00
2026-03-21,Direct,(direct),(none),455,312,620,415,0.6694,31,6203.08,2026-03-21 23:45:00
2026-03-21,Referral,partner,referral,264,140,334,235,0.7036,7,1322.09,2026-03-21 23:45:00
2026-03-22,Paid Search,google,cpc,711,468,978,754,0.771,42,5450.23,2026-03-22 23:45:00
2026-03-22,Paid Social,facebook,paid_social,587,352,757,466,0.6156,19,2389.01,2026-03-22 23:45:00
2026-03-22,Paid Social,linkedin,paid_social,629,407,825,528,0.64,25,4622.41,2026-03-22 23:45:00
2026-03-22,Organic Search,google,organic,844,604,1124,718,0.6388,42,7297.23,2026-03-22 23:45:00
2026-03-22,Direct,(direct),(none),440,270,599,372,0.621,26,3690.86,2026-03-22 23:45:00
2026-03-22,Referral,partner,referral,323,168,382,305,0.7984,6,946.1,2026-03-22 23:45:00
2026-03-23,Paid Search,google,cpc,636,332,710,546,0.769,31,3736.12,2026-03-23 23:45:00
2026-03-23,Paid Social,facebook,paid_social,534,293,641,496,0.7738,30,3279.02,2026-03-23 23:45:00
2026-03-23,Paid Social,linkedin,paid_social,532,394,688,527,0.766,31,4206.74,2026-03-23 23:45:00
2026-03-23,Organic Search,google,organic,690,418,870,659,0.7575,35,4668.19,2026-03-23 23:45:00
2026-03-23,Direct,(direct),(none),574,342,699,439,0.628,33,3666.16,2026-03-23 23:45:00
2026-03-23,Referral,partner,referral,246,150,313,215,0.6869,5,798.67,2026-03-23 23:45:00
2026-03-24,Paid Search,google,cpc,698,517,861,640,0.7433,34,5131.28,2026-03-24 23:45:00
2026-03-24,Paid Social,facebook,paid_social,488,243,653,401,0.6141,18,3214.95,2026-03-24 23:45:00
2026-03-24,Paid Social,linkedin,paid_social,540,395,712,493,0.6924,18,2343.26,2026-03-24 23:45:00
2026-03-24,Organic Search,google,organic,1043,564,1164,948,0.8144,34,3995.16,2026-03-24 23:45:00
2026-03-24,Direct,(direct),(none),428,223,507,395,0.7791,24,4872.74,2026-03-24 23:45:00
2026-03-24,Referral,partner,referral,293,183,336,224,0.6667,6,828.93,2026-03-24 23:45:00
2026-03-25,Paid Search,google,cpc,566,343,767,604,0.7875,32,4248.18,2026-03-25 23:45:00
2026-03-25,Paid Social,facebook,paid_social,570,346,652,398,0.6104,21,2079.77,2026-03-25 23:45:00
2026-03-25,Paid Social,linkedin,paid_social,540,321,652,491,0.7531,18,3040.79,2026-03-25 23:45:00
2026-03-25,Organic Search,google,organic,837,385,1049,779,0.7426,49,7524.44,2026-03-25 23:45:00
2026-03-25,Direct,(direct),(none),490,343,606,460,0.7591,23,2304.71,2026-03-25 23:45:00
2026-03-25,Referral,partner,referral,270,123,338,270,0.7988,7,1236.24,2026-03-25 23:45:00
2026-03-26,Paid Search,google,cpc,712,498,917,663,0.723,45,5844.57,2026-03-26 23:45:00
2026-03-26,Paid Social,facebook,paid_social,617,357,687,457,0.6652,25,4255.4,2026-03-26 23:45:00
2026-03-26,Paid Social,linkedin,paid_social,500,230,662,450,0.6798,20,4109.57,2026-03-26 23:45:00
2026-03-26,Organic Search,google,organic,772,432,952,593,0.6229,36,8444.54,2026-03-26 23:45:00
2026-03-26,Direct,(direct),(none),496,290,582,348,0.5979,22,4802.96,2026-03-26 23:45:00
2026-03-26,Referral,partner,referral,337,190,410,238,0.5805,12,2449.95,2026-03-26 23:45:00
2026-03-27,Paid Search,google,cpc,838,488,1046,825,0.7887,45,9704.71,2026-03-27 23:45:00
2026-03-27,Paid Social,facebook,paid_social,735,339,856,526,0.6145,21,4640.77,2026-03-27 23:45:00
2026-03-27,Paid Social,linkedin,paid_social,608,319,697,567,0.8135,19,2932.16,2026-03-27 23:45:00
2026-03-27,Organic Search,google,organic,836,467,1075,851,0.7916,31,4974.77,2026-03-27 23:45:00
2026-03-27,Direct,(direct),(none),437,249,531,315,0.5932,26,4265.16,2026-03-27 23:45:00
2026-03-27,Referral,partner,referral,272,162,344,200,0.5814,8,1750.91,2026-03-27 23:45:00
2026-03-28,Paid Search,google,cpc,714,334,890,629,0.7067,43,7240.72,2026-03-28 23:45:00
2026-03-28,Paid Social,facebook,paid_social,488,329,564,353,0.6259,15,1650.2,2026-03-28 23:45:00
2026-03-28,Paid Social,linkedin,paid_social,599,401,724,468,0.6464,19,1985.39,2026-03-28 23:45:00
2026-03-28,Organic Search,google,organic,1170,647,1345,992,0.7375,37,3665.09,2026-03-28 23:45:00
2026-03-28,Direct,(direct),(none),410,272,547,357,0.6527,22,3082.7,2026-03-28 23:45:00
2026-03-28,Referral,partner,referral,317,172,393,310,0.7888,5,646.08,2026-03-28 23:45:00
2026-03-29,Paid Search,google,cpc,594,368,768,604,0.7865,32,6632.59,2026-03-29 23:45:00
2026-03-29,Paid Social,facebook,paid_social,469,253,648,446,0.6883,19,2943.64,2026-03-29 23:45:00
2026-03-29,Paid Social,linkedin,paid_social,606,393,736,493,0.6698,12,2625.69,2026-03-29 23:45:00
2026-03-29,Organic Search,google,organic,1236,839,1469,1179,0.8026,52,9794.92,2026-03-29 23:45:00
2026-03-29,Direct,(direct),(none),372,258,491,314,0.6395,23,4842.24,2026-03-29 23:45:00
2026-03-29,Referral,partner,referral,311,219,359,258,0.7187,4,639.44,2026-03-29 23:45:00
2026-03-30,Paid Search,google,cpc,779,445,932,632,0.6781,38,6766.61,2026-03-30 23:45:00
2026-03-30,Paid Social,facebook,paid_social,581,307,772,539,0.6982,20,4265.06,2026-03-30 23:45:00
2026-03-30,Paid Social,linkedin,paid_social,578,403,646,408,0.6316,15,2875.1,2026-03-30 23:45:00
2026-03-30,Organic Search,google,organic,647,395,833,636,0.7635,32,4018.79,2026-03-30 23:45:00
2026-03-30,Direct,(direct),(none),495,244,571,456,0.7986,21,3575.46,2026-03-30 23:45:00
2026-03-30,Referral,partner,referral,343,194,392,244,0.6224,5,455.48,2026-03-30 23:45:00
2026-03-31,Paid Search,google,cpc,916,587,1081,703,0.6503,54,11835.55,2026-03-31 23:45:00
2026-03-31,Paid Social,facebook,paid_social,515,259,640,468,0.7312,21,4029.7,2026-03-31 23:45:00
2026-03-31,Paid Social,linkedin,paid_social,575,298,687,510,0.7424,24,2878.57,2026-03-31 23:45:00
2026-03-31,Organic Search,google,organic,850,383,968,620,0.6405,29,6947.23,2026-03-31 23:45:00
2026-03-31,Direct,(direct),(none),495,326,630,390,0.619,23,3173.98,2026-03-31 23:45:00
2026-03-31,Referral,partner,referral,251,152,340,233,0.6853,9,1703.62,2026-03-31 23:45:00
2026-04-01,Paid Search,google,cpc,872,567,991,638,0.6438,45,4963.54,2026-04-01 23:45:00
2026-04-01,Paid Social,facebook,paid_social,477,282,584,385,0.6592,18,4242.97,2026-04-01 23:45:00
2026-04-01,Paid Social,linkedin,paid_social,585,359,782,460,0.5882,16,2958.33,2026-04-01 23:45:00
2026-04-01,Organic Search,google,organic,621,428,756,522,0.6905,24,4833.73,2026-04-01 23:45:00
2026-04-01,Direct,(direct),(none),532,352,633,389,0.6145,27,2440.68,2026-04-01 23:45:00
2026-04-01,Referral,partner,referral,246,117,317,235,0.7413,4,867.36,2026-04-01 23:45:00
2026-04-02,Paid Search,google,cpc,842,400,957,621,0.6489,43,7279.74,2026-04-02 23:45:00
2026-04-02,Paid Social,facebook,paid_social,566,354,707,566,0.8006,17,2626.07,2026-04-02 23:45:00
2026-04-02,Paid Social,linkedin,paid_social,758,537,851,624,0.7333,23,4785.61,2026-04-02 23:45:00
2026-04-02,Organic Search,google,organic,734,459,967,678,0.7011,33,6414.0,2026-04-02 23:45:00
2026-04-02,Direct,(direct),(none),406,265,507,403,0.7949,13,1492.05,2026-04-02 23:45:00
2026-04-02,Referral,partner,referral,325,221,362,263,0.7265,13,2522.73,2026-04-02 23:45:00
2026-04-03,Paid Search,google,cpc,844,585,1040,828,0.7962,52,9260.08,2026-04-03 23:45:00
2026-04-03,Paid Social,facebook,paid_social,573,425,713,523,0.7335,25,4330.72,2026-04-03 23:45:00
2026-04-03,Paid Social,linkedin,paid_social,630,350,788,502,0.6371,21,3202.8,2026-04-03 23:45:00
2026-04-03,Organic Search,google,organic,1045,776,1192,856,0.7181,31,5589.66,2026-04-03 23:45:00
2026-04-03,Direct,(direct),(none),379,224,499,315,0.6313,23,3174.61,2026-04-03 23:45:00
2026-04-03,Referral,partner,referral,261,122,320,238,0.7438,12,1877.53,2026-04-03 23:45:00
2026-04-04,Paid Search,google,cpc,758,541,913,543,0.5947,51,6790.18,2026-04-04 23:45:00
2026-04-04,Paid Social,facebook,paid_social,485,239,649,403,0.621,18,4045.35,2026-04-04 23:45:00
2026-04-04,Paid Social,linkedin,paid_social,428,256,583,445,0.7633,18,1750.02,2026-04-04 23:45:00
2026-04-04,Organic Search,google,organic,875,538,1102,797,0.7232,48,9386.22,2026-04-04 23:45:00
2026-04-04,Direct,(direct),(none),501,270,639,433,0.6776,24,3088.76,2026-04-04 23:45:00
2026-04-04,Referral,partner,referral,223,125,269,169,0.6283,11,1766.96,2026-04-04 23:45:00
2026-04-05,Paid Search,google,cpc,783,479,937,686,0.7321,39,5119.61,2026-04-05 23:45:00
2026-04-05,Paid Social,facebook,paid_social,514,305,659,444,0.6737,19,2234.54,2026-04-05 23:45:00
2026-04-05,Paid Social,linkedin,paid_social,504,313,646,422,0.6533,18,3977.65,2026-04-05 23:45:00
2026-04-05,Organic Search,google,organic,662,318,782,454,0.5806,20,2347.55,2026-04-05 23:45:00
2026-04-05,Direct,(direct),(none),688,351,810,487,0.6012,34,6458.24,2026-04-05 23:45:00
2026-04-05,Referral,partner,referral,318,214,404,300,0.7426,12,2624.62,2026-04-05 23:45:00
2026-04-06,Paid Search,google,cpc,653,389,764,448,0.5864,40,8129.56,2026-04-06 23:45:00
2026-04-06,Paid Social,facebook,paid_social,554,265,648,471,0.7269,16,1652.51,2026-04-06 23:45:00
2026-04-06,Paid Social,linkedin,paid_social,711,388,793,489,0.6166,20,3026.32,2026-04-06 23:45:00
2026-04-06,Organic Search,google,organic,991,503,1121,778,0.694,37,5162.09,2026-04-06 23:45:00
2026-04-06,Direct,(direct),(none),467,229,560,414,0.7393,18,1955.25,2026-04-06 23:45:00
2026-04-06,Referral,partner,referral,262,193,360,244,0.6778,11,2606.92,2026-04-06 23:45:00
2026-04-07,Paid Search,google,cpc,754,549,899,591,0.6574,37,8761.09,2026-04-07 23:45:00
2026-04-07,Paid Social,facebook,paid_social,441,282,609,388,0.6371,20,4087.58,2026-04-07 23:45:00
2026-04-07,Paid Social,linkedin,paid_social,473,324,574,458,0.7979,15,1617.35,2026-04-07 23:45:00
2026-04-07,Organic Search,google,organic,887,541,1028,762,0.7412,26,6113.57,2026-04-07 23:45:00
2026-04-07,Direct,(direct),(none),439,319,548,345,0.6296,25,5533.92,2026-04-07 23:45:00
2026-04-07,Referral,partner,referral,320,189,388,290,0.7474,6,1121.01,2026-04-07 23:45:00
2026-04-08,Paid Search,google,cpc,725,482,905,587,0.6486,41,5419.77,2026-04-08 23:45:00
2026-04-08,Paid Social,facebook,paid_social,481,331,566,372,0.6572,17,3546.97,2026-04-08 23:45:00
2026-04-08,Paid Social,linkedin,paid_social,535,308,602,442,0.7342,21,3668.68,2026-04-08 23:45:00
2026-04-08,Organic Search,google,organic,772,560,982,601,0.612,39,6852.75,2026-04-08 23:45:00
2026-04-08,Direct,(direct),(none),409,280,512,388,0.7578,15,3250.3,2026-04-08 23:45:00
2026-04-08,Referral,partner,referral,254,139,317,240,0.7571,19,2678.07,2026-04-08 23:45:00
2026-04-09,Paid Search,google,cpc,631,464,804,572,0.7114,30,5034.02,2026-04-09 23:45:00
2026-04-09,Paid Social,facebook,paid_social,704,468,785,553,0.7045,21,3924.71,2026-04-09 23:45:00
2026-04-09,Paid Social,linkedin,paid_social,479,353,623,466,0.748,16,1864.85,2026-04-09 23:45:00
2026-04-09,Organic Search,google,organic,617,364,766,521,0.6802,22,4521.37,2026-04-09 23:45:00
2026-04-09,Direct,(direct),(none),350,186,466,270,0.5794,26,2663.1,2026-04-09 23:45:00
2026-04-09,Referral,partner,referral,241,131,322,229,0.7112,12,2686.32,2026-04-09 23:45:00
2026-04-10,Paid Search,google,cpc,651,297,833,500,0.6002,31,4562.99,2026-04-10 23:45:00
2026-04-10,Paid Social,facebook,paid_social,498,283,667,435,0.6522,17,3084.76,2026-04-10 23:45:00
2026-04-10,Paid Social,linkedin,paid_social,576,331,654,448,0.685,10,2304.6,2026-04-10 23:45:00
2026-04-10,Organic Search,google,organic,757,429,980,706,0.7204,31,4348.81,2026-04-10 23:45:00
2026-04-10,Direct,(direct),(none),391,216,463,304,0.6566,15,2043.86,2026-04-10 23:45:00
2026-04-10,Referral,partner,referral,203,113,281,181,0.6441,11,1574.51,2026-04-10 23:45:00
2026-04-11,Paid Search,google,cpc,579,271,782,555,0.7097,34,3604.68,2026-04-11 23:45:00
2026-04-11,Paid Social,facebook,paid_social,394,214,529,364,0.6881,11,1308.99,2026-04-11 23:45:00
2026-04-11,Paid Social,linkedin,paid_social,489,253,556,445,0.8004,16,3467.57,2026-04-11 23:45:00
2026-04-11,Organic Search,google,organic,801,536,1014,744,0.7337,36,8309.66,2026-04-11 23:45:00
2026-04-11,Direct,(direct),(none),373,250,510,399,0.7824,22,2725.48,2026-04-11 23:45:00
2026-04-11,Referral,partner,referral,275,139,335,224,0.6687,8,1796.21,2026-04-11 23:45:00
2026-04-12,Paid Search,google,cpc,831,490,931,744,0.7991,39,3940.74,2026-04-12 23:45:00
2026-04-12,Paid Social,facebook,paid_social,538,353,672,547,0.814,19,4264.02,2026-04-12 23:45:00
2026-04-12,Paid Social,linkedin,paid_social,483,300,554,422,0.7617,17,1961.24,2026-04-12 23:45:00
2026-04-12,Organic Search,google,organic,815,436,1057,825,0.7805,35,5182.79,2026-04-12 23:45:00
2026-04-12,Direct,(direct),(none),327,184,450,310,0.6889,17,3163.28,2026-04-12 23:45:00
2026-04-12,Referral,partner,referral,264,141,345,200,0.5797,5,938.81,2026-04-12 23:45:00
2026-04-13,Paid Search,google,cpc,608,275,678,481,0.7094,24,2639.53,2026-04-13 23:45:00
2026-04-13,Paid Social,facebook,paid_social,663,378,790,645,0.8165,18,2599.24,2026-04-13 23:45:00
2026-04-13,Paid Social,linkedin,paid_social,551,255,619,491,0.7932,17,4073.36,2026-04-13 23:45:00
2026-04-13,Organic Search,google,organic,965,695,1101,793,0.7203,49,10432.05,2026-04-13 23:45:00
2026-04-13,Direct,(direct),(none),524,349,628,429,0.6831,27,5001.51,2026-04-13 23:45:00
2026-04-13,Referral,partner,referral,291,209,358,265,0.7402,9,1240.85,2026-04-13 23:45:00
2026-04-14,Paid Search,google,cpc,598,370,815,567,0.6957,41,6128.27,2026-04-14 23:45:00
2026-04-14,Paid Social,facebook,paid_social,501,295,696,423,0.6078,24,2690.78,2026-04-14 23:45:00
2026-04-14,Paid Social,linkedin,paid_social,700,502,794,490,0.6171,28,5368.8,2026-04-14 23:45:00
2026-04-14,Organic Search,google,organic,902,641,1089,798,0.7328,42,9240.25,2026-04-14 23:45:00
2026-04-14,Direct,(direct),(none),434,281,534,394,0.7378,23,5429.34,2026-04-14 23:45:00
2026-04-14,Referral,partner,referral,246,156,342,269,0.7865,14,2911.51,2026-04-14 23:45:00
2026-04-15,Paid Search,google,cpc,572,270,723,555,0.7676,27,3274.58,2026-04-15 23:45:00
2026-04-15,Paid Social,facebook,paid_social,497,324,654,479,0.7324,13,1850.66,2026-04-15 23:45:00
2026-04-15,Paid Social,linkedin,paid_social,477,268,563,411,0.73,15,2932.85,2026-04-15 23:45:00
2026-04-15,Organic Search,google,organic,826,479,1008,633,0.628,34,5248.79,2026-04-15 23:45:00
2026-04-15,Direct,(direct),(none),410,249,502,402,0.8008,32,5675.1,2026-04-15 23:45:00
2026-04-15,Referral,partner,referral,257,157,321,227,0.7072,13,1650.98,2026-04-15 23:45:00
2026-04-16,Paid Search,google,cpc,619,446,765,463,0.6052,30,6008.9,2026-04-16 23:45:00
2026-04-16,Paid Social,facebook,paid_social,411,295,460,346,0.7522,17,2064.48,2026-04-16 23:45:00
2026-04-16,Paid Social,linkedin,paid_social,468,337,576,339,0.5885,17,4055.48,2026-04-16 23:45:00
2026-04-16,Organic Search,google,organic,739,469,1011,648,0.6409,40,6175.52,2026-04-16 23:45:00
2026-04-16,Direct,(direct),(none),465,235,594,448,0.7542,28,4111.17,2026-04-16 23:45:00
2026-04-16,Referral,partner,referral,250,161,301,222,0.7375,8,1543.08,2026-04-16 23:45:00
2026-04-17,Paid Search,google,cpc,865,528,1104,838,0.7591,51,8204.38,2026-04-17 23:45:00
2026-04-17,Paid Social,facebook,paid_social,634,456,747,442,0.5917,14,2053.18,2026-04-17 23:45:00
2026-04-17,Paid Social,linkedin,paid_social,474,262,577,405,0.7019,20,2774.94,2026-04-17 23:45:00
2026-04-17,Organic Search,google,organic,696,515,942,700,0.7431,26,3036.76,2026-04-17 23:45:00
2026-04-17,Direct,(direct),(none),419,278,543,376,0.6924,18,1812.56,2026-04-17 23:45:00
2026-04-17,Referral,partner,referral,256,126,306,198,0.6471,7,774.66,2026-04-17 23:45:00
2026-04-18,Paid Search,google,cpc,527,362,730,546,0.7479,30,4323.02,2026-04-18 23:45:00
2026-04-18,Paid Social,facebook,paid_social,526,383,699,494,0.7067,31,5377.55,2026-04-18 23:45:00
2026-04-18,Paid Social,linkedin,paid_social,500,329,688,463,0.673,20,3932.39,2026-04-18 23:45:00
2026-04-18,Organic Search,google,organic,714,435,944,644,0.6822,26,6052.86,2026-04-18 23:45:00
2026-04-18,Direct,(direct),(none),520,314,594,397,0.6684,25,2856.49,2026-04-18 23:45:00
2026-04-18,Referral,partner,referral,226,104,260,200,0.7692,9,1140.72,2026-04-18 23:45:00
2026-04-19,Paid Search,google,cpc,494,229,671,456,0.6796,20,3224.48,2026-04-19 23:45:00
2026-04-19,Paid Social,facebook,paid_social,419,198,553,378,0.6835,15,1637.63,2026-04-19 23:45:00
2026-04-19,Paid Social,linkedin,paid_social,380,215,512,349,0.6816,13,2806.45,2026-04-19 23:45:00
2026-04-19,Organic Search,google,organic,851,425,1140,776,0.6807,33,7904.22,2026-04-19 23:45:00
2026-04-19,Direct,(direct),(none),489,314,590,379,0.6424,15,2730.39,2026-04-19 23:45:00
2026-04-19,Referral,partner,referral,260,169,292,200,0.6849,7,778.71,2026-04-19 23:45:00
2026-04-20,Paid Search,google,cpc,538,340,685,433,0.6321,24,2178.85,2026-04-20 23:45:00
2026-04-20,Paid Social,facebook,paid_social,670,338,759,521,0.6864,17,3659.25,2026-04-20 23:45:00
2026-04-20,Paid Social,linkedin,paid_social,379,194,496,353,0.7117,17,2377.37,2026-04-20 23:45:00
2026-04-20,Organic Search,google,organic,941,631,1108,697,0.6291,33,6633.95,2026-04-20 23:45:00
2026-04-20,Direct,(direct),(none),467,283,522,392,0.751,13,2349.33,2026-04-20 23:45:00
2026-04-20,Referral,partner,referral,205,115,273,163,0.5971,6,655.65,2026-04-20 23:45:00
2026-04-21,Paid Search,google,cpc,710,407,808,571,0.7067,30,4977.51,2026-04-21 23:45:00
2026-04-21,Paid Social,facebook,paid_social,388,179,494,334,0.6761,18,1670.57,2026-04-21 23:45:00
2026-04-21,Paid Social,linkedin,paid_social,576,267,668,529,0.7919,20,2560.78,2026-04-21 23:45:00
2026-04-21,Organic Search,google,organic,713,523,907,724,0.7982,31,3769.03,2026-04-21 23:45:00
2026-04-21,Direct,(direct),(none),478,245,631,485,0.7686,25,4401.27,2026-04-21 23:45:00
2026-04-21,Referral,partner,referral,222,123,300,215,0.7167,9,1957.56,2026-04-21 23:45:00
2026-04-22,Paid Search,google,cpc,652,427,869,649,0.7468,43,5731.22,2026-04-22 23:45:00
2026-04-22,Paid Social,facebook,paid_social,495,270,635,471,0.7417,18,2230.52,2026-04-22 23:45:00
2026-04-22,Paid Social,linkedin,paid_social,519,324,628,509,0.8105,15,2976.92,2026-04-22 23:45:00
2026-04-22,Organic Search,google,organic,642,468,879,706,0.8032,26,5536.43,2026-04-22 23:45:00
2026-04-22,Direct,(direct),(none),470,246,648,390,0.6019,24,4211.24,2026-04-22 23:45:00
2026-04-22,Referral,partner,referral,257,143,317,188,0.5931,10,1218.16,2026-04-22 23:45:00
2026-04-23,Paid Search,google,cpc,641,345,837,662,0.7909,35,3782.24,2026-04-23 23:45:00
2026-04-23,Paid Social,facebook,paid_social,512,294,670,494,0.7373,15,2170.35,2026-04-23 23:45:00
2026-04-23,Paid Social,linkedin,paid_social,471,311,631,492,0.7797,16,1929.22,2026-04-23 23:45:00
2026-04-23,Organic Search,google,organic,632,345,816,503,0.6164,23,3192.58,2026-04-23 23:45:00
2026-04-23,Direct,(direct),(none),436,296,489,307,0.6278,22,5115.45,2026-04-23 23:45:00
2026-04-23,Referral,partner,referral,224,107,255,175,0.6863,7,1649.15,2026-04-23 23:45:00
2026-04-24,Paid Search,google,cpc,699,499,881,530,0.6016,41,9527.25,2026-04-24 23:45:00
2026-04-24,Paid Social,facebook,paid_social,626,447,700,446,0.6371,16,2830.37,2026-04-24 23:45:00
2026-04-24,Paid Social,linkedin,paid_social,525,270,674,511,0.7582,14,3323.88,2026-04-24 23:45:00
2026-04-24,Organic Search,google,organic,932,636,1039,811,0.7806,35,6267.33,2026-04-24 23:45:00
2026-04-24,Direct,(direct),(none),526,372,617,372,0.6029,24,4008.22,2026-04-24 23:45:00
2026-04-24,Referral,partner,referral,263,185,317,186,0.5868,5,1018.09,2026-04-24 23:45:00
2026-04-25,Paid Search,google,cpc,744,454,881,561,0.6368,45,9815.86,2026-04-25 23:45:00
2026-04-25,Paid Social,facebook,paid_social,700,471,785,465,0.5924,12,1325.09,2026-04-25 23:45:00
2026-04-25,Paid Social,linkedin,paid_social,517,256,595,459,0.7714,18,3652.01,2026-04-25 23:45:00
2026-04-25,Organic Search,google,organic,805,516,1004,791,0.7878,28,6708.54,2026-04-25 23:45:00
2026-04-25,Direct,(direct),(none),577,331,749,524,0.6996,24,4321.68,2026-04-25 23:45:00
2026-04-25,Referral,partner,referral,250,154,332,248,0.747,11,1061.83,2026-04-25 23:45:00
2026-04-26,Paid Search,google,cpc,834,400,1075,825,0.7674,47,8813.92,2026-04-26 23:45:00
2026-04-26,Paid Social,facebook,paid_social,515,259,630,458,0.727,15,1784.69,2026-04-26 23:45:00
2026-04-26,Paid Social,linkedin,paid_social,500,333,587,387,0.6593,16,3288.88,2026-04-26 23:45:00
2026-04-26,Organic Search,google,organic,571,397,757,609,0.8045,20,2066.51,2026-04-26 23:45:00
2026-04-26,Direct,(direct),(none),509,299,576,422,0.7326,20,4579.13,2026-04-26 23:45:00
2026-04-26,Referral,partner,referral,323,153,405,250,0.6173,12,2493.69,2026-04-26 23:45:00
2026-04-27,Paid Search,google,cpc,776,525,896,655,0.731,43,7360.7,2026-04-27 23:45:00
2026-04-27,Paid Social,facebook,paid_social,529,305,717,438,0.6109,10,1868.16,2026-04-27 23:45:00
2026-04-27,Paid Social,linkedin,paid_social,501,232,649,439,0.6764,16,2781.84,2026-04-27 23:45:00
2026-04-27,Organic Search,google,organic,744,417,1026,732,0.7135,32,3773.43,2026-04-27 23:45:00
2026-04-27,Direct,(direct),(none),372,193,504,302,0.5992,18,2393.65,2026-04-27 23:45:00
2026-04-27,Referral,partner,referral,200,123,278,207,0.7446,7,1514.85,2026-04-27 23:45:00
2026-04-28,Paid Search,google,cpc,607,401,792,593,0.7487,36,4030.1,2026-04-28 23:45:00
2026-04-28,Paid Social,facebook,paid_social,521,239,647,383,0.592,9,1605.1,2026-04-28 23:45:00
2026-04-28,Paid Social,linkedin,paid_social,358,177,496,359,0.7238,16,1807.59,2026-04-28 23:45:00
2026-04-28,Organic Search,google,organic,862,494,976,745,0.7633,25,4205.7,2026-04-28 23:45:00
2026-04-28,Direct,(direct),(none),458,244,579,471,0.8135,19,2566.19,2026-04-28 23:45:00
2026-04-28,Referral,partner,referral,286,139,368,275,0.7473,10,2093.45,2026-04-28 23:45:00
2026-04-29,Paid Search,google,cpc,538,244,608,392,0.6447,35,6294.34,2026-04-29 23:45:00
2026-04-29,Paid Social,facebook,paid_social,554,273,649,409,0.6302,19,4136.55,2026-04-29 23:45:00
2026-04-29,Paid Social,linkedin,paid_social,632,367,728,461,0.6332,19,4542.27,2026-04-29 23:45:00
2026-04-29,Organic Search,google,organic,847,430,1034,610,0.5899,45,8887.0,2026-04-29 23:45:00
2026-04-29,Direct,(direct),(none),453,263,590,471,0.7983,24,2860.14,2026-04-29 23:45:00
2026-04-29,Referral,partner,referral,247,184,325,205,0.6308,7,685.32,2026-04-29 23:45:00
2026-04-30,Paid Search,google,cpc,633,304,784,460,0.5867,35,6459.17,2026-04-30 23:45:00
2026-04-30,Paid Social,facebook,paid_social,574,263,666,484,0.7267,23,5380.98,2026-04-30 23:45:00
2026-04-30,Paid Social,linkedin,paid_social,453,339,595,387,0.6504,15,3442.42,2026-04-30 23:45:00
2026-04-30,Organic Search,google,organic,785,484,884,653,0.7387,26,3520.72,2026-04-30 23:45:00
2026-04-30,Direct,(direct),(none),415,204,473,339,0.7167,18,1695.61,2026-04-30 23:45:00
2026-04-30,Referral,partner,referral,266,196,357,287,0.8039,7,1312.5,2026-04-30 23:45:00
2026-05-01,Paid Search,google,cpc,715,461,817,565,0.6916,32,6527.4,2026-05-01 23:45:00
2026-05-01,Paid Social,facebook,paid_social,406,190,562,441,0.7847,13,2822.32,2026-05-01 23:45:00
2026-05-01,Paid Social,linkedin,paid_social,677,358,766,457,0.5966,17,3266.68,2026-05-01 23:45:00
2026-05-01,Organic Search,google,organic,625,295,741,565,0.7625,26,4567.24,2026-05-01 23:45:00
2026-05-01,Direct,(direct),(none),425,208,478,380,0.795,21,2151.16,2026-05-01 23:45:00
2026-05-01,Referral,partner,referral,307,165,347,263,0.7579,11,1012.38,2026-05-01 23:45:00
2026-05-02,Paid Search,google,cpc,599,324,832,572,0.6875,49,10166.01,2026-05-02 23:45:00
2026-05-02,Paid Social,facebook,paid_social,457,219,576,347,0.6024,15,2636.14,2026-05-02 23:45:00
2026-05-02,Paid Social,linkedin,paid_social,587,368,780,485,0.6218,25,4554.06,2026-05-02 23:45:00
2026-05-02,Organic Search,google,organic,850,506,968,606,0.626,39,7781.98,2026-05-02 23:45:00
2026-05-02,Direct,(direct),(none),374,185,448,353,0.7879,16,2173.05,2026-05-02 23:45:00
2026-05-02,Referral,partner,referral,229,162,266,190,0.7143,8,826.92,2026-05-02 23:45:00
2026-05-03,Paid Search,google,cpc,691,450,855,522,0.6105,41,4072.15,2026-05-03 23:45:00
2026-05-03,Paid Social,facebook,paid_social,521,251,675,433,0.6415,23,4449.41,2026-05-03 23:45:00
2026-05-03,Paid Social,linkedin,paid_social,590,371,673,435,0.6464,14,1477.47,2026-05-03 23:45:00
2026-05-03,Organic Search,google,organic,925,539,1047,826,0.7889,37,8235.97,2026-05-03 23:45:00
2026-05-03,Direct,(direct),(none),411,260,517,413,0.7988,28,3850.24,2026-05-03 23:45:00
2026-05-03,Referral,partner,referral,251,140,327,203,0.6208,8,1098.78,2026-05-03 23:45:00
2026-05-04,Paid Search,google,cpc,589,361,780,564,0.7231,30,3774.81,2026-05-04 23:45:00
2026-05-04,Paid Social,facebook,paid_social,589,311,767,607,0.7914,19,2468.61,2026-05-04 23:45:00
2026-05-04,Paid Social,linkedin,paid_social,516,346,622,410,0.6592,30,4760.17,2026-05-04 23:45:00
2026-05-04,Organic Search,google,organic,775,532,1039,629,0.6054,34,5368.58,2026-05-04 23:45:00
2026-05-04,Direct,(direct),(none),413,266,567,423,0.746,18,3071.46,2026-05-04 23:45:00
2026-05-04,Referral,partner,referral,233,156,297,172,0.5791,6,1208.07,2026-05-04 23:45:00
2026-05-05,Paid Search,google,cpc,638,473,819,568,0.6935,42,4374.08,2026-05-05 23:45:00
2026-05-05,Paid Social,facebook,paid_social,409,250,501,376,0.7505,12,2200.69,2026-05-05 23:45:00
2026-05-05,Paid Social,linkedin,paid_social,505,316,641,398,0.6209,19,1784.55,2026-05-05 23:45:00
2026-05-05,Organic Search,google,organic,819,415,1053,709,0.6733,29,5644.92,2026-05-05 23:45:00
2026-05-05,Direct,(direct),(none),341,175,474,360,0.7595,19,2509.48,2026-05-05 23:45:00
2026-05-05,Referral,partner,referral,267,183,365,215,0.589,10,1550.96,2026-05-05 23:45:00
2026-05-06,Paid Search,google,cpc,722,456,882,583,0.661,41,8323.57,2026-05-06 23:45:00
2026-05-06,Paid Social,facebook,paid_social,525,267,638,459,0.7194,15,3207.22,2026-05-06 23:45:00
2026-05-06,Paid Social,linkedin,paid_social,568,270,633,400,0.6319,21,4513.08,2026-05-06 23:45:00
2026-05-06,Organic Search,google,organic,642,460,892,531,0.5953,29,2935.71,2026-05-06 23:45:00
2026-05-06,Direct,(direct),(none),412,292,505,358,0.7089,21,4654.34,2026-05-06 23:45:00
2026-05-06,Referral,partner,referral,231,171,269,157,0.5836,9,1713.48,2026-05-06 23:45:00
2026-05-07,Paid Search,google,cpc,513,315,700,532,0.76,32,6219.2,2026-05-07 23:45:00
2026-05-07,Paid Social,facebook,paid_social,498,363,672,414,0.6161,22,5275.31,2026-05-07 23:45:00
2026-05-07,Paid Social,linkedin,paid_social,492,236,613,428,0.6982,12,2804.96,2026-05-07 23:45:00
2026-05-07,Organic Search,google,organic,600,347,694,402,0.5793,25,4498.24,2026-05-07 23:45:00
2026-05-07,Direct,(direct),(none),437,226,528,349,0.661,23,3345.29,2026-05-07 23:45:00
2026-05-07,Referral,partner,referral,241,133,326,192,0.589,12,2387.56,2026-05-07 23:45:00
2026-05-08,Paid Search,google,cpc,738,399,931,586,0.6294,50,5076.75,2026-05-08 23:45:00
2026-05-08,Paid Social,facebook,paid_social,515,237,608,379,0.6234,18,3889.31,2026-05-08 23:45:00
2026-05-08,Paid Social,linkedin,paid_social,569,314,652,508,0.7791,10,1522.0,2026-05-08 23:45:00
2026-05-08,Organic Search,google,organic,869,496,982,710,0.723,35,6252.39,2026-05-08 23:45:00
2026-05-08,Direct,(direct),(none),520,242,710,442,0.6225,34,5273.57,2026-05-08 23:45:00
2026-05-08,Referral,partner,referral,259,172,328,210,0.6402,6,837.59,2026-05-08 23:45:00
2026-05-09,Paid Search,google,cpc,546,350,694,417,0.6009,26,3220.63,2026-05-09 23:45:00
2026-05-09,Paid Social,facebook,paid_social,541,389,736,586,0.7962,22,3804.11,2026-05-09 23:45:00
2026-05-09,Paid Social,linkedin,paid_social,632,439,739,521,0.705,25,2363.01,2026-05-09 23:45:00
2026-05-09,Organic Search,google,organic,752,362,899,640,0.7119,32,3090.59,2026-05-09 23:45:00
2026-05-09,Direct,(direct),(none),484,347,549,434,0.7905,21,3842.11,2026-05-09 23:45:00
2026-05-09,Referral,partner,referral,277,194,315,241,0.7651,11,2302.19,2026-05-09 23:45:00
2026-05-10,Paid Search,google,cpc,627,372,720,498,0.6917,25,3501.31,2026-05-10 23:45:00
2026-05-10,Paid Social,facebook,paid_social,601,318,674,460,0.6825,22,4295.42,2026-05-10 23:45:00
2026-05-10,Paid Social,linkedin,paid_social,502,281,560,422,0.7536,20,2871.51,2026-05-10 23:45:00
2026-05-10,Organic Search,google,organic,746,471,869,579,0.6663,23,3015.81,2026-05-10 23:45:00
2026-05-10,Direct,(direct),(none),499,257,571,451,0.7898,26,5024.08,2026-05-10 23:45:00
2026-05-10,Referral,partner,referral,275,194,318,246,0.7736,7,1026.02,2026-05-10 23:45:00
2026-05-11,Paid Search,google,cpc,535,300,725,492,0.6786,39,8223.95,2026-05-11 23:45:00
2026-05-11,Paid Social,facebook,paid_social,578,370,679,550,0.81,22,4583.12,2026-05-11 23:45:00
2026-05-11,Paid Social,linkedin,paid_social,531,292,608,375,0.6168,14,2584.4,2026-05-11 23:45:00
2026-05-11,Organic Search,google,organic,884,452,1024,615,0.6006,28,3695.22,2026-05-11 23:45:00
2026-05-11,Direct,(direct),(none),449,215,514,404,0.786,19,4033.8,2026-05-11 23:45:00
2026-05-11,Referral,partner,referral,189,139,244,146,0.5984,9,2123.51,2026-05-11 23:45:00
2026-05-12,Paid Search,google,cpc,737,523,964,774,0.8029,39,4684.3,2026-05-12 23:45:00
2026-05-12,Paid Social,facebook,paid_social,454,241,545,399,0.7321,15,2133.15,2026-05-12 23:45:00
2026-05-12,Paid Social,linkedin,paid_social,528,388,615,368,0.5984,21,4481.87,2026-05-12 23:45:00
2026-05-12,Organic Search,google,organic,674,326,863,627,0.7265,35,3264.48,2026-05-12 23:45:00
2026-05-12,Direct,(direct),(none),478,223,553,438,0.792,20,1994.77,2026-05-12 23:45:00
2026-05-12,Referral,partner,referral,295,192,336,239,0.7113,9,1661.38,2026-05-12 23:45:00
2026-05-13,Paid Search,google,cpc,615,459,835,606,0.7257,41,5381.45,2026-05-13 23:45:00
2026-05-13,Paid Social,facebook,paid_social,459,332,588,430,0.7313,18,1885.39,2026-05-13 23:45:00
2026-05-13,Paid Social,linkedin,paid_social,489,274,629,373,0.593,22,4531.85,2026-05-13 23:45:00
2026-05-13,Organic Search,google,organic,736,439,894,574,0.6421,17,3273.25,2026-05-13 23:45:00
2026-05-13,Direct,(direct),(none),435,258,518,378,0.7297,16,1537.27,2026-05-13 23:45:00
2026-05-13,Referral,partner,referral,260,189,317,233,0.735,15,2318.52,2026-05-13 23:45:00
2026-05-14,Paid Search,google,cpc,578,285,773,521,0.674,30,5934.99,2026-05-14 23:45:00
2026-05-14,Paid Social,facebook,paid_social,575,277,654,499,0.763,12,2873.79,2026-05-14 23:45:00
2026-05-14,Paid Social,linkedin,paid_social,468,241,647,468,0.7233,14,1370.13,2026-05-14 23:45:00
2026-05-14,Organic Search,google,organic,779,481,950,712,0.7495,23,4143.27,2026-05-14 23:45:00
2026-05-14,Direct,(direct),(none),462,345,546,394,0.7216,26,6007.04,2026-05-14 23:45:00
2026-05-14,Referral,partner,referral,208,106,245,159,0.649,8,828.29,2026-05-14 23:45:00
2026-05-15,Paid Search,google,cpc,593,434,769,608,0.7906,41,7618.27,2026-05-15 23:45:00
2026-05-15,Paid Social,facebook,paid_social,585,364,685,496,0.7241,15,3107.66,2026-05-15 23:45:00
2026-05-15,Paid Social,linkedin,paid_social,562,403,646,420,0.6502,12,2080.63,2026-05-15 23:45:00
2026-05-15,Organic Search,google,organic,729,385,941,596,0.6334,31,4753.75,2026-05-15 23:45:00
2026-05-15,Direct,(direct),(none),330,163,455,296,0.6505,14,3173.91,2026-05-15 23:45:00
2026-05-15,Referral,partner,referral,237,124,300,209,0.6967,7,1346.18,2026-05-15 23:45:00
2026-05-16,Paid Search,google,cpc,631,470,821,513,0.6248,30,6840.24,2026-05-16 23:45:00
2026-05-16,Paid Social,facebook,paid_social,361,211,431,345,0.8005,17,2967.28,2026-05-16 23:45:00
2026-05-16,Paid Social,linkedin,paid_social,470,323,593,443,0.747,7,1518.58,2026-05-16 23:45:00
2026-05-16,Organic Search,google,organic,763,553,1052,678,0.6445,35,5230.33,2026-05-16 23:45:00
2026-05-16,Direct,(direct),(none),363,173,457,303,0.663,18,1800.08,2026-05-16 23:45:00
2026-05-16,Referral,partner,referral,320,197,397,254,0.6398,14,3080.6,2026-05-16 23:45:00
2026-05-17,Paid Search,google,cpc,576,416,689,442,0.6415,28,5608.57,2026-05-17 23:45:00
2026-05-17,Paid Social,facebook,paid_social,520,366,656,525,0.8003,18,2995.49,2026-05-17 23:45:00
2026-05-17,Paid Social,linkedin,paid_social,402,215,546,318,0.5824,18,3573.85,2026-05-17 23:45:00
2026-05-17,Organic Search,google,organic,811,606,1064,752,0.7068,32,7445.82,2026-05-17 23:45:00
2026-05-17,Direct,(direct),(none),487,323,630,380,0.6032,31,4193.97,2026-05-17 23:45:00
2026-05-17,Referral,partner,referral,278,138,312,200,0.641,12,1315.21,2026-05-17 23:45:00
2026-05-18,Paid Search,google,cpc,598,307,771,618,0.8016,44,4174.73,2026-05-18 23:45:00
2026-05-18,Paid Social,facebook,paid_social,348,258,458,365,0.7969,6,1290.72,2026-05-18 23:45:00
2026-05-18,Paid Social,linkedin,paid_social,433,199,562,335,0.5961,17,3636.68,2026-05-18 23:45:00
2026-05-18,Organic Search,google,organic,639,314,727,430,0.5915,21,3488.39,2026-05-18 23:45:00
2026-05-18,Direct,(direct),(none),346,255,442,292,0.6606,18,1792.41,2026-05-18 23:45:00
2026-05-18,Referral,partner,referral,244,154,307,205,0.6678,9,1782.79,2026-05-18 23:45:00
2026-05-19,Paid Search,google,cpc,755,427,1007,727,0.7219,47,9471.93,2026-05-19 23:45:00
2026-05-19,Paid Social,facebook,paid_social,385,181,521,320,0.6142,18,2228.14,2026-05-19 23:45:00
2026-05-19,Paid Social,linkedin,paid_social,541,275,683,469,0.6867,22,2388.81,2026-05-19 23:45:00
2026-05-19,Organic Search,google,organic,681,307,803,605,0.7534,28,3094.87,2026-05-19 23:45:00
2026-05-19,Direct,(direct),(none),465,314,546,325,0.5952,21,4218.66,2026-05-19 23:45:00
2026-05-19,Referral,partner,referral,279,146,322,215,0.6677,14,1486.26,2026-05-19 23:45:00
2026-05-20,Paid Search,google,cpc,638,317,729,547,0.7503,29,2828.63,2026-05-20 23:45:00
2026-05-20,Paid Social,facebook,paid_social,572,324,710,422,0.5944,16,3379.85,2026-05-20 23:45:00
2026-05-20,Paid Social,linkedin,paid_social,492,362,621,503,0.81,13,2770.77,2026-05-20 23:45:00
2026-05-20,Organic Search,google,organic,933,611,1076,745,0.6924,33,4087.33,2026-05-20 23:45:00
2026-05-20,Direct,(direct),(none),570,320,656,466,0.7104,21,4364.45,2026-05-20 23:45:00
2026-05-20,Referral,partner,referral,200,93,231,160,0.6926,4,667.96,2026-05-20 23:45:00
2026-05-21,Paid Search,google,cpc,675,397,814,526,0.6462,45,10077.87,2026-05-21 23:45:00
2026-05-21,Paid Social,facebook,paid_social,472,276,533,398,0.7467,14,2442.24,2026-05-21 23:45:00
2026-05-21,Paid Social,linkedin,paid_social,576,261,752,570,0.758,19,3311.85,2026-05-21 23:45:00
2026-05-21,Organic Search,google,organic,768,369,1039,842,0.8104,30,2914.82,2026-05-21 23:45:00
2026-05-21,Direct,(direct),(none),400,230,512,383,0.748,21,4456.69,2026-05-21 23:45:00
2026-05-21,Referral,partner,referral,224,140,257,156,0.607,3,696.75,2026-05-21 23:45:00
2026-05-22,Paid Search,google,cpc,576,292,721,419,0.5811,31,7226.7,2026-05-22 23:45:00
2026-05-22,Paid Social,facebook,paid_social,567,294,661,436,0.6596,19,4083.9,2026-05-22 23:45:00
2026-05-22,Paid Social,linkedin,paid_social,475,231,577,421,0.7296,24,5086.02,2026-05-22 23:45:00
2026-05-22,Organic Search,google,organic,691,386,866,570,0.6582,30,4825.44,2026-05-22 23:45:00
2026-05-22,Direct,(direct),(none),470,239,553,421,0.7613,27,4260.77,2026-05-22 23:45:00
2026-05-22,Referral,partner,referral,246,146,281,217,0.7722,2,471.71,2026-05-22 23:45:00
2026-05-23,Paid Search,google,cpc,633,292,815,519,0.6368,37,8448.01,2026-05-23 23:45:00
2026-05-23,Paid Social,facebook,paid_social,538,266,611,462,0.7561,14,1493.38,2026-05-23 23:45:00
2026-05-23,Paid Social,linkedin,paid_social,533,312,665,464,0.6977,17,2711.26,2026-05-23 23:45:00
2026-05-23,Organic Search,google,organic,896,434,997,646,0.6479,27,2441.38,2026-05-23 23:45:00
2026-05-23,Direct,(direct),(none),473,261,537,330,0.6145,16,1536.65,2026-05-23 23:45:00
2026-05-23,Referral,partner,referral,296,203,345,258,0.7478,9,1616.57,2026-05-23 23:45:00
2026-05-24,Paid Search,google,cpc,682,310,825,620,0.7515,41,4427.98,2026-05-24 23:45:00
2026-05-24,Paid Social,facebook,paid_social,525,377,593,472,0.796,15,1608.51,2026-05-24 23:45:00
2026-05-24,Paid Social,linkedin,paid_social,387,242,470,374,0.7957,18,3829.96,2026-05-24 23:45:00
2026-05-24,Organic Search,google,organic,773,351,1073,740,0.6897,37,5812.33,2026-05-24 23:45:00
2026-05-24,Direct,(direct),(none),471,269,524,352,0.6718,17,3391.14,2026-05-24 23:45:00
2026-05-24,Referral,partner,referral,198,138,272,217,0.7978,7,1192.16,2026-05-24 23:45:00
2026-05-25,Paid Search,google,cpc,569,391,707,435,0.6153,25,2449.32,2026-05-25 23:45:00
2026-05-25,Paid Social,facebook,paid_social,417,211,500,342,0.684,16,3614.44,2026-05-25 23:45:00
2026-05-25,Paid Social,linkedin,paid_social,416,298,560,378,0.675,14,1279.65,2026-05-25 23:45:00
2026-05-25,Organic Search,google,organic,882,585,1101,862,0.7829,44,9554.87,2026-05-25 23:45:00
2026-05-25,Direct,(direct),(none),261,171,352,262,0.7443,16,2195.98,2026-05-25 23:45:00
2026-05-25,Referral,partner,referral,306,144,341,250,0.7331,11,1521.01,2026-05-25 23:45:00
2026-05-26,Paid Search,google,cpc,701,475,804,553,0.6878,32,7056.89,2026-05-26 23:45:00
2026-05-26,Paid Social,facebook,paid_social,351,231,439,293,0.6674,8,1538.5,2026-05-26 23:45:00
2026-05-26,Paid Social,linkedin,paid_social,485,289,672,433,0.6443,21,3673.78,2026-05-26 23:45:00
2026-05-26,Organic Search,google,organic,882,600,1040,670,0.6442,24,4316.87,2026-05-26 23:45:00
2026-05-26,Direct,(direct),(none),425,232,515,364,0.7068,16,2355.73,2026-05-26 23:45:00
2026-05-26,Referral,partner,referral,249,116,313,233,0.7444,7,884.44,2026-05-26 23:45:00
2026-05-27,Paid Search,google,cpc,732,468,863,668,0.774,30,3223.42,2026-05-27 23:45:00
2026-05-27,Paid Social,facebook,paid_social,571,346,664,514,0.7741,23,3784.22,2026-05-27 23:45:00
2026-05-27,Paid Social,linkedin,paid_social,529,275,629,513,0.8156,20,3797.26,2026-05-27 23:45:00
2026-05-27,Organic Search,google,organic,768,535,923,602,0.6522,32,5848.33,2026-05-27 23:45:00
2026-05-27,Direct,(direct),(none),439,251,511,378,0.7397,14,2675.53,2026-05-27 23:45:00
2026-05-27,Referral,partner,referral,232,157,282,223,0.7908,11,2270.62,2026-05-27 23:45:00
2026-05-28,Paid Search,google,cpc,569,296,757,572,0.7556,37,4829.47,2026-05-28 23:45:00
2026-05-28,Paid Social,facebook,paid_social,427,245,580,389,0.6707,21,2729.05,2026-05-28 23:45:00
2026-05-28,Paid Social,linkedin,paid_social,498,358,680,404,0.5941,21,4814.03,2026-05-28 23:45:00
2026-05-28,Organic Search,google,organic,815,525,1040,649,0.624,30,7078.48,2026-05-28 23:45:00
2026-05-28,Direct,(direct),(none),481,300,539,384,0.7124,15,2170.36,2026-05-28 23:45:00
2026-05-28,Referral,partner,referral,223,114,286,227,0.7937,5,650.92,2026-05-28 23:45:00
2026-05-29,Paid Search,google,cpc,928,614,1052,845,0.8032,48,4914.48,2026-05-29 23:45:00
2026-05-29,Paid Social,facebook,paid_social,631,429,761,521,0.6846,21,4942.48,2026-05-29 23:45:00
2026-05-29,Paid Social,linkedin,paid_social,391,266,540,384,0.7111,7,635.11,2026-05-29 23:45:00
2026-05-29,Organic Search,google,organic,860,405,982,594,0.6049,35,7269.45,2026-05-29 23:45:00
2026-05-29,Direct,(direct),(none),453,283,618,470,0.7605,24,2920.03,2026-05-29 23:45:00
2026-05-29,Referral,partner,referral,313,207,351,261,0.7436,3,469.95,2026-05-29 23:45:00
2026-05-30,Paid Search,google,cpc,585,276,761,514,0.6754,30,3843.24,2026-05-30 23:45:00
2026-05-30,Paid Social,facebook,paid_social,511,278,672,476,0.7083,18,2769.82,2026-05-30 23:45:00
2026-05-30,Paid Social,linkedin,paid_social,448,235,620,369,0.5952,18,3798.57,2026-05-30 23:45:00
2026-05-30,Organic Search,google,organic,884,522,1038,741,0.7139,35,3881.73,2026-05-30 23:45:00
2026-05-30,Direct,(direct),(none),377,232,486,344,0.7078,12,1240.1,2026-05-30 23:45:00
2026-05-30,Referral,partner,referral,222,126,306,206,0.6732,4,603.42,2026-05-30 23:45:00
2026-05-31,Paid Search,google,cpc,526,267,705,429,0.6085,25,3171.24,2026-05-31 23:45:00
2026-05-31,Paid Social,facebook,paid_social,671,495,764,569,0.7448,26,4933.59,2026-05-31 23:45:00
2026-05-31,Paid Social,linkedin,paid_social,457,207,532,356,0.6692,21,3993.93,2026-05-31 23:45:00
2026-05-31,Organic Search,google,organic,900,510,1147,870,0.7585,46,6050.56,2026-05-31 23:45:00
2026-05-31,Direct,(direct),(none),576,398,717,548,0.7643,26,3098.54,2026-05-31 23:45:00
2026-05-31,Referral,partner,referral,247,179,306,219,0.7157,9,1219.8,2026-05-31 23:45:00
2026-06-01,Paid Search,google,cpc,540,277,729,529,0.7257,36,7605.04,2026-06-01 23:45:00
2026-06-01,Paid Social,facebook,paid_social,681,454,785,584,0.7439,19,3529.82,2026-06-01 23:45:00
2026-06-01,Paid Social,linkedin,paid_social,550,274,686,555,0.809,19,2809.54,2026-06-01 23:45:00
2026-06-01,Organic Search,google,organic,848,454,975,568,0.5826,31,4060.69,2026-06-01 23:45:00
2026-06-01,Direct,(direct),(none),525,304,611,476,0.7791,18,2711.55,2026-06-01 23:45:00
2026-06-01,Referral,partner,referral,217,111,280,185,0.6607,5,1152.39,2026-06-01 23:45:00
2026-06-02,Paid Search,google,cpc,748,357,983,589,0.5992,44,9069.19,2026-06-02 23:45:00
2026-06-02,Paid Social,facebook,paid_social,590,427,695,411,0.5914,25,2908.2,2026-06-02 23:45:00
2026-06-02,Paid Social,linkedin,paid_social,509,266,649,448,0.6903,15,3253.77,2026-06-02 23:45:00
2026-06-02,Organic Search,google,organic,1047,585,1267,870,0.6867,49,7204.27,2026-06-02 23:45:00
2026-06-02,Direct,(direct),(none),415,240,496,347,0.6996,24,2968.39,2026-06-02 23:45:00
2026-06-02,Referral,partner,referral,273,181,345,242,0.7014,6,1236.09,2026-06-02 23:45:00
2026-06-03,Paid Search,google,cpc,511,374,679,547,0.8056,21,3925.28,2026-06-03 23:45:00
2026-06-03,Paid Social,facebook,paid_social,484,278,576,412,0.7153,19,3755.86,2026-06-03 23:45:00
2026-06-03,Paid Social,linkedin,paid_social,522,356,641,373,0.5819,24,2272.29,2026-06-03 23:45:00
2026-06-03,Organic Search,google,organic,678,313,906,692,0.7638,23,2546.06,2026-06-03 23:45:00
2026-06-03,Direct,(direct),(none),407,298,533,418,0.7842,18,3015.42,2026-06-03 23:45:00
2026-06-03,Referral,partner,referral,378,218,442,314,0.7104,10,1733.9,2026-06-03 23:45:00
2026-06-04,Paid Search,google,cpc,609,453,794,641,0.8073,30,3401.74,2026-06-04 23:45:00
2026-06-04,Paid Social,facebook,paid_social,510,257,665,398,0.5985,20,4776.72,2026-06-04 23:45:00
2026-06-04,Paid Social,linkedin,paid_social,402,255,455,277,0.6088,13,2662.01,2026-06-04 23:45:00
2026-06-04,Organic Search,google,organic,880,493,1042,721,0.6919,34,3609.38,2026-06-04 23:45:00
2026-06-04,Direct,(direct),(none),459,284,571,360,0.6305,22,3741.13,2026-06-04 23:45:00
2026-06-04,Referral,partner,referral,280,164,348,265,0.7615,13,1866.05,2026-06-04 23:45:00
2026-06-05,Paid Search,google,cpc,541,292,626,387,0.6182,38,7647.96,2026-06-05 23:45:00
2026-06-05,Paid Social,facebook,paid_social,464,233,601,464,0.772,8,1656.1,2026-06-05 23:45:00
2026-06-05,Paid Social,linkedin,paid_social,592,399,810,503,0.621,27,5423.61,2026-06-05 23:45:00
2026-06-05,Organic Search,google,organic,781,444,1030,795,0.7718,42,8778.38,2026-06-05 23:45:00
2026-06-05,Direct,(direct),(none),480,352,540,351,0.65,16,2594.1,2026-06-05 23:45:00
2026-06-05,Referral,partner,referral,208,115,283,165,0.583,9,1707.19,2026-06-05 23:45:00
2026-06-06,Paid Search,google,cpc,720,515,889,623,0.7008,43,9788.23,2026-06-06 23:45:00
2026-06-06,Paid Social,facebook,paid_social,536,244,641,374,0.5835,20,3948.49,2026-06-06 23:45:00
2026-06-06,Paid Social,linkedin,paid_social,513,268,683,467,0.6837,21,2776.04,2026-06-06 23:45:00
2026-06-06,Organic Search,google,organic,573,406,758,557,0.7348,24,4808.97,2026-06-06 23:45:00
2026-06-06,Direct,(direct),(none),420,274,565,355,0.6283,19,2158.49,2026-06-06 23:45:00
2026-06-06,Referral,partner,referral,254,139,352,273,0.7756,5,1047.53,2026-06-06 23:45:00
2026-06-07,Paid Search,google,cpc,678,458,941,652,0.6929,41,5357.94,2026-06-07 23:45:00
2026-06-07,Paid Social,facebook,paid_social,602,324,713,509,0.7139,14,1658.19,2026-06-07 23:45:00
2026-06-07,Paid Social,linkedin,paid_social,472,258,622,368,0.5916,25,4882.36,2026-06-07 23:45:00
2026-06-07,Organic Search,google,organic,784,482,961,581,0.6046,26,4148.38,2026-06-07 23:45:00
2026-06-07,Direct,(direct),(none),565,390,708,537,0.7585,24,4026.98,2026-06-07 23:45:00
2026-06-07,Referral,partner,referral,201,142,242,168,0.6942,6,680.55,2026-06-07 23:45:00
2026-06-08,Paid Search,google,cpc,507,373,662,442,0.6677,31,3078.39,2026-06-08 23:45:00
2026-06-08,Paid Social,facebook,paid_social,607,366,722,484,0.6704,12,2671.37,2026-06-08 23:45:00
2026-06-08,Paid Social,linkedin,paid_social,460,329,609,455,0.7471,25,4035.84,2026-06-08 23:45:00
2026-06-08,Organic Search,google,organic,823,452,947,554,0.585,27,2930.64,2026-06-08 23:45:00
2026-06-08,Direct,(direct),(none),444,212,602,377,0.6262,21,3419.46,2026-06-08 23:45:00
2026-06-08,Referral,partner,referral,304,149,348,260,0.7471,6,973.13,2026-06-08 23:45:00
2026-06-09,Paid Search,google,cpc,623,418,855,540,0.6316,43,4214.6,2026-06-09 23:45:00
2026-06-09,Paid Social,facebook,paid_social,542,313,704,532,0.7557,14,1435.43,2026-06-09 23:45:00
2026-06-09,Paid Social,linkedin,paid_social,542,364,611,468,0.766,12,2003.65,2026-06-09 23:45:00
2026-06-09,Organic Search,google,organic,965,686,1337,1025,0.7666,29,6020.62,2026-06-09 23:45:00
2026-06-09,Direct,(direct),(none),451,336,599,470,0.7846,26,3285.94,2026-06-09 23:45:00
2026-06-09,Referral,partner,referral,222,130,300,202,0.6733,8,1054.68,2026-06-09 23:45:00
2026-06-10,Paid Search,google,cpc,773,555,868,570,0.6567,35,8386.5,2026-06-10 23:45:00
2026-06-10,Paid Social,facebook,paid_social,481,272,557,404,0.7253,8,1847.93,2026-06-10 23:45:00
2026-06-10,Paid Social,linkedin,paid_social,560,396,628,500,0.7962,15,3302.24,2026-06-10 23:45:00
2026-06-10,Organic Search,google,organic,951,656,1154,938,0.8128,43,4635.61,2026-06-10 23:45:00
2026-06-10,Direct,(direct),(none),452,229,627,412,0.6571,30,2924.71,2026-06-10 23:45:00
2026-06-10,Referral,partner,referral,226,113,276,176,0.6377,4,930.96,2026-06-10 23:45:00
2026-06-11,Paid Search,google,cpc,685,445,912,707,0.7752,42,4784.3,2026-06-11 23:45:00
2026-06-11,Paid Social,facebook,paid_social,557,275,702,571,0.8134,22,3553.33,2026-06-11 23:45:00
2026-06-11,Paid Social,linkedin,paid_social,500,251,596,404,0.6779,18,2648.39,2026-06-11 23:45:00
2026-06-11,Organic Search,google,organic,932,505,1070,788,0.7364,41,3972.46,2026-06-11 23:45:00
2026-06-11,Direct,(direct),(none),504,259,580,452,0.7793,15,3200.7,2026-06-11 23:45:00
2026-06-11,Referral,partner,referral,314,198,383,253,0.6606,12,1201.01,2026-06-11 23:45:00
2026-06-12,Paid Search,google,cpc,644,383,735,484,0.6585,38,7623.08,2026-06-12 23:45:00
2026-06-12,Paid Social,facebook,paid_social,633,422,747,586,0.7845,26,6072.15,2026-06-12 23:45:00
2026-06-12,Paid Social,linkedin,paid_social,545,310,629,429,0.682,14,1483.1,2026-06-12 23:45:00
2026-06-12,Organic Search,google,organic,738,457,978,733,0.7495,35,7990.26,2026-06-12 23:45:00
2026-06-12,Direct,(direct),(none),457,279,514,417,0.8113,18,1916.83,2026-06-12 23:45:00
2026-06-12,Referral,partner,referral,276,138,317,189,0.5962,13,1410.5,2026-06-12 23:45:00
2026-06-13,Paid Search,google,cpc,774,499,926,748,0.8078,45,5942.24,2026-06-13 23:45:00
2026-06-13,Paid Social,facebook,paid_social,473,252,606,356,0.5875,14,2789.28,2026-06-13 23:45:00
2026-06-13,Paid Social,linkedin,paid_social,561,349,732,430,0.5874,27,3150.38,2026-06-13 23:45:00
2026-06-13,Organic Search,google,organic,821,578,1077,652,0.6054,45,5744.83,2026-06-13 23:45:00
2026-06-13,Direct,(direct),(none),411,257,503,345,0.6859,18,2656.29,2026-06-13 23:45:00
2026-06-13,Referral,partner,referral,209,131,260,158,0.6077,5,1058.51,2026-06-13 23:45:00
2026-06-14,Paid Search,google,cpc,941,552,1116,698,0.6254,62,10784.18,2026-06-14 23:45:00
2026-06-14,Paid Social,facebook,paid_social,550,329,687,534,0.7773,17,1748.13,2026-06-14 23:45:00
2026-06-14,Paid Social,linkedin,paid_social,617,293,763,449,0.5885,23,2315.95,2026-06-14 23:45:00
2026-06-14,Organic Search,google,organic,854,437,1073,674,0.6281,34,4178.26,2026-06-14 23:45:00
2026-06-14,Direct,(direct),(none),321,210,438,315,0.7192,13,3033.4,2026-06-14 23:45:00
2026-06-14,Referral,partner,referral,302,184,339,204,0.6018,6,554.09,2026-06-14 23:45:00
2026-06-15,Paid Search,google,cpc,785,412,920,649,0.7054,38,4339.47,2026-06-15 23:45:00
2026-06-15,Paid Social,facebook,paid_social,430,199,530,414,0.7811,16,2601.72,2026-06-15 23:45:00
2026-06-15,Paid Social,linkedin,paid_social,471,234,575,440,0.7652,23,4806.99,2026-06-15 23:45:00
2026-06-15,Organic Search,google,organic,921,482,1251,864,0.6906,38,6629.01,2026-06-15 23:45:00
2026-06-15,Direct,(direct),(none),525,266,643,469,0.7294,24,3498.5,2026-06-15 23:45:00
2026-06-15,Referral,partner,referral,293,186,351,216,0.6154,12,1495.52,2026-06-15 23:45:00
2026-06-16,Paid Search,google,cpc,692,388,785,544,0.693,41,9349.61,2026-06-16 23:45:00
2026-06-16,Paid Social,facebook,paid_social,636,387,717,456,0.636,20,3143.96,2026-06-16 23:45:00
2026-06-16,Paid Social,linkedin,paid_social,567,414,652,504,0.773,19,4045.96,2026-06-16 23:45:00
2026-06-16,Organic Search,google,organic,815,546,1120,791,0.7063,34,4417.86,2026-06-16 23:45:00
2026-06-16,Direct,(direct),(none),497,301,599,378,0.6311,24,2202.08,2026-06-16 23:45:00
2026-06-16,Referral,partner,referral,286,200,364,266,0.7308,9,1378.95,2026-06-16 23:45:00
2026-06-17,Paid Search,google,cpc,571,361,743,560,0.7537,36,6380.12,2026-06-17 23:45:00
2026-06-17,Paid Social,facebook,paid_social,605,422,696,536,0.7701,8,1690.65,2026-06-17 23:45:00
2026-06-17,Paid Social,linkedin,paid_social,624,359,712,572,0.8034,21,4208.64,2026-06-17 23:45:00
2026-06-17,Organic Search,google,organic,866,446,1120,695,0.6205,35,8232.5,2026-06-17 23:45:00
2026-06-17,Direct,(direct),(none),559,313,642,403,0.6277,29,2747.46,2026-06-17 23:45:00
2026-06-17,Referral,partner,referral,279,205,323,190,0.5882,9,1578.75,2026-06-17 23:45:00
2026-06-18,Paid Search,google,cpc,753,464,987,663,0.6717,54,11913.76,2026-06-18 23:45:00
2026-06-18,Paid Social,facebook,paid_social,387,241,490,317,0.6469,17,2307.2,2026-06-18 23:45:00
2026-06-18,Paid Social,linkedin,paid_social,595,438,712,465,0.6531,25,5322.02,2026-06-18 23:45:00
2026-06-18,Organic Search,google,organic,918,545,1083,806,0.7442,46,10707.04,2026-06-18 23:45:00
2026-06-18,Direct,(direct),(none),510,335,668,475,0.7111,22,2221.81,2026-06-18 23:45:00
2026-06-18,Referral,partner,referral,275,160,338,219,0.6479,9,2107.68,2026-06-18 23:45:00
2026-06-19,Paid Search,google,cpc,661,464,902,548,0.6075,43,4880.53,2026-06-19 23:45:00
2026-06-19,Paid Social,facebook,paid_social,458,212,565,354,0.6265,11,2592.14,2026-06-19 23:45:00
2026-06-19,Paid Social,linkedin,paid_social,608,281,776,579,0.7461,16,3582.49,2026-06-19 23:45:00
2026-06-19,Organic Search,google,organic,937,570,1051,743,0.7069,48,10034.58,2026-06-19 23:45:00
2026-06-19,Direct,(direct),(none),537,276,628,477,0.7596,18,1629.55,2026-06-19 23:45:00
2026-06-19,Referral,partner,referral,324,226,367,273,0.7439,11,2299.26,2026-06-19 23:45:00
2026-06-20,Paid Search,google,cpc,778,384,901,646,0.717,39,5991.7,2026-06-20 23:45:00
2026-06-20,Paid Social,facebook,paid_social,470,247,615,484,0.787,12,1254.74,2026-06-20 23:45:00
2026-06-20,Paid Social,linkedin,paid_social,500,243,651,392,0.6022,19,3506.03,2026-06-20 23:45:00
2026-06-20,Organic Search,google,organic,834,485,1018,745,0.7318,41,4064.3,2026-06-20 23:45:00
2026-06-20,Direct,(direct),(none),522,323,652,483,0.7408,30,3005.36,2026-06-20 23:45:00
2026-06-20,Referral,partner,referral,388,284,452,354,0.7832,10,1786.97,2026-06-20 23:45:00
2026-06-21,Paid Search,google,cpc,746,524,987,773,0.7832,42,7613.97,2026-06-21 23:45:00
2026-06-21,Paid Social,facebook,paid_social,621,417,792,519,0.6553,19,3465.09,2026-06-21 23:45:00
2026-06-21,Paid Social,linkedin,paid_social,606,315,709,575,0.811,18,2412.77,2026-06-21 23:45:00
2026-06-21,Organic Search,google,organic,836,506,1008,824,0.8175,31,6664.42,2026-06-21 23:45:00
2026-06-21,Direct,(direct),(none),510,280,602,471,0.7824,24,3331.31,2026-06-21 23:45:00
2026-06-21,Referral,partner,referral,225,144,304,202,0.6645,8,1143.93,2026-06-21 23:45:00
2026-06-22,Paid Search,google,cpc,587,369,747,603,0.8072,30,2818.24,2026-06-22 23:45:00
2026-06-22,Paid Social,facebook,paid_social,590,311,781,464,0.5941,23,3833.21,2026-06-22 23:45:00
2026-06-22,Paid Social,linkedin,paid_social,558,318,642,498,0.7757,15,2352.05,2026-06-22 23:45:00
2026-06-22,Organic Search,google,organic,860,490,1049,733,0.6988,37,7128.45,2026-06-22 23:45:00
2026-06-22,Direct,(direct),(none),533,240,663,504,0.7602,33,5566.51,2026-06-22 23:45:00
2026-06-22,Referral,partner,referral,312,200,381,312,0.8189,8,1411.29,2026-06-22 23:45:00
2026-06-23,Paid Search,google,cpc,719,383,968,653,0.6746,47,5914.14,2026-06-23 23:45:00
2026-06-23,Paid Social,facebook,paid_social,531,373,732,498,0.6803,18,1951.88,2026-06-23 23:45:00
2026-06-23,Paid Social,linkedin,paid_social,694,473,815,564,0.692,21,2435.87,2026-06-23 23:45:00
2026-06-23,Organic Search,google,organic,861,616,1013,657,0.6486,27,3306.38,2026-06-23 23:45:00
2026-06-23,Direct,(direct),(none),441,315,568,357,0.6285,28,6349.58,2026-06-23 23:45:00
2026-06-23,Referral,partner,referral,286,149,369,256,0.6938,7,1077.93,2026-06-23 23:45:00
2026-06-24,Paid Search,google,cpc,854,612,986,711,0.7211,54,6066.28,2026-06-24 23:45:00
2026-06-24,Paid Social,facebook,paid_social,622,303,753,450,0.5976,29,6850.19,2026-06-24 23:45:00
2026-06-24,Paid Social,linkedin,paid_social,534,397,648,507,0.7824,16,3406.21,2026-06-24 23:45:00
2026-06-24,Organic Search,google,organic,967,482,1181,777,0.6579,41,7987.1,2026-06-24 23:45:00
2026-06-24,Direct,(direct),(none),414,302,524,398,0.7595,24,2927.3,2026-06-24 23:45:00
2026-06-24,Referral,partner,referral,319,217,387,224,0.5788,10,2321.24,2026-06-24 23:45:00
2026-06-25,Paid Search,google,cpc,789,366,1037,615,0.5931,41,5980.46,2026-06-25 23:45:00
2026-06-25,Paid Social,facebook,paid_social,461,255,615,422,0.6862,20,3225.19,2026-06-25 23:45:00
2026-06-25,Paid Social,linkedin,paid_social,442,263,531,328,0.6177,16,3713.15,2026-06-25 23:45:00
2026-06-25,Organic Search,google,organic,1045,592,1324,963,0.7273,44,7042.73,2026-06-25 23:45:00
2026-06-25,Direct,(direct),(none),509,343,686,424,0.6181,23,5486.92,2026-06-25 23:45:00
2026-06-25,Referral,partner,referral,259,176,314,223,0.7102,12,2209.43,2026-06-25 23:45:00
2026-06-26,Paid Search,google,cpc,785,493,1039,746,0.718,45,4242.22,2026-06-26 23:45:00
2026-06-26,Paid Social,facebook,paid_social,581,322,667,513,0.7691,16,2374.77,2026-06-26 23:45:00
2026-06-26,Paid Social,linkedin,paid_social,599,438,757,513,0.6777,19,1910.29,2026-06-26 23:45:00
2026-06-26,Organic Search,google,organic,962,459,1229,849,0.6908,47,7618.1,2026-06-26 23:45:00
2026-06-26,Direct,(direct),(none),419,259,552,398,0.721,17,2980.14,2026-06-26 23:45:00
2026-06-26,Referral,partner,referral,282,153,330,212,0.6424,8,1460.12,2026-06-26 23:45:00
2026-06-27,Paid Search,google,cpc,451,253,546,404,0.7399,18,3185.5,2026-06-27 23:45:00
2026-06-27,Paid Social,facebook,paid_social,679,331,842,544,0.6461,20,4662.54,2026-06-27 23:45:00
2026-06-27,Paid Social,linkedin,paid_social,540,390,714,542,0.7591,21,2046.97,2026-06-27 23:45:00
2026-06-27,Organic Search,google,organic,980,441,1220,721,0.591,44,7122.76,2026-06-27 23:45:00
2026-06-27,Direct,(direct),(none),427,286,585,347,0.5932,22,2367.35,2026-06-27 23:45:00
2026-06-27,Referral,partner,referral,368,170,435,355,0.8161,13,2976.41,2026-06-27 23:45:00
2026-06-28,Paid Search,google,cpc,824,441,1034,731,0.707,44,4150.07,2026-06-28 23:45:00
2026-06-28,Paid Social,facebook,paid_social,707,495,868,509,0.5864,21,3764.26,2026-06-28 23:45:00
2026-06-28,Paid Social,linkedin,paid_social,601,371,724,579,0.7997,16,2742.68,2026-06-28 23:45:00
2026-06-28,Organic Search,google,organic,811,591,1104,825,0.7473,35,6182.19,2026-06-28 23:45:00
2026-06-28,Direct,(direct),(none),436,225,595,358,0.6017,22,3534.32,2026-06-28 23:45:00
2026-06-28,Referral,partner,referral,228,137,310,189,0.6097,9,1917.15,2026-06-28 23:45:00
2026-06-29,Paid Search,google,cpc,702,339,972,676,0.6955,49,8801.78,2026-06-29 23:45:00
2026-06-29,Paid Social,facebook,paid_social,546,369,644,434,0.6739,14,2756.63,2026-06-29 23:45:00
2026-06-29,Paid Social,linkedin,paid_social,583,303,696,529,0.7601,21,4071.95,2026-06-29 23:45:00
2026-06-29,Organic Search,google,organic,1019,692,1244,977,0.7854,46,10875.22,2026-06-29 23:45:00
2026-06-29,Direct,(direct),(none),374,279,514,372,0.7237,16,2394.1,2026-06-29 23:45:00
2026-06-29,Referral,partner,referral,359,214,403,280,0.6948,13,1553.21,2026-06-29 23:45:00
2026-06-30,Paid Search,google,cpc,687,486,944,646,0.6843,38,4591.48,2026-06-30 23:45:00
2026-06-30,Paid Social,facebook,paid_social,567,267,728,455,0.625,24,4931.42,2026-06-30 23:45:00
2026-06-30,Paid Social,linkedin,paid_social,463,283,539,433,0.8033,7,1055.5,2026-06-30 23:45:00
2026-06-30,Organic Search,google,organic,793,495,1068,629,0.589,38,8398.79,2026-06-30 23:45:00
2026-06-30,Direct,(direct),(none),454,222,607,457,0.7529,27,4066.17,2026-06-30 23:45:00
2026-06-30,Referral,partner,referral,292,161,326,208,0.638,9,1949.55,2026-06-30 23:45:00
